"","X","IDHO","MATINH","MAHUYEN","MAXA","MADIABAN","HOSO","KYDIEUTRA","M4B13A_C1","M4B13A_C2","M4B13A_C3","M4B13A_C4","SWCP","SWCP_confirmed"
"1",1,4117004010,14,125,4117,4,10,3,5,1,1400,4,0,0
"2",2,4117004012,14,125,4117,4,12,3,5,1,1333,4,0,0
"3",3,23443003001,62,612,23443,3,1,3,1,2,150,3,1,1
"4",4,23443003002,62,612,23443,3,2,3,1,3,120,3,1,1
"5",5,23443003003,62,612,23443,3,3,3,1,3,120,3,1,1
"6",6,23443003004,62,612,23443,3,4,3,1,2,150,3,1,1
"7",7,23443003005,62,612,23443,3,5,3,3,2,120,2,1,1
"8",8,23443003007,62,612,23443,3,7,3,1,2,120,3,1,1
"9",9,23443003009,62,612,23443,3,9,3,1,2,100,4,1,0
"10",10,23443003010,62,612,23443,3,10,3,1,2,120,3,1,1
"11",11,23443003011,62,612,23443,3,11,3,1,2,150,3,1,1
"12",12,23443003012,62,612,23443,3,12,3,1,2,150,3,1,1
"13",13,23443003015,62,612,23443,3,15,3,3,2,120,3,1,1
"14",14,23497004002,62,614,23497,4,2,3,1,3,170,2,1,1
"15",15,23497004003,62,614,23497,4,3,3,1,3,200,2,1,1
"16",16,23497004006,62,614,23497,4,6,3,1,3,170,2,1,1
"17",17,23497004008,62,614,23497,4,8,3,1,3,200,2,1,1
"18",18,23497004010,62,614,23497,4,10,3,1,3,210,2,1,1
"19",19,23497004013,62,614,23497,4,13,3,1,3,200,2,1,1
"20",20,23500004006,62,615,23500,4,6,3,2,3,300,4,1,0
"21",21,23500004007,62,615,23500,4,7,3,2,5,310,4,0,0
"22",22,23500004008,62,615,23500,4,8,3,1,1,200,4,1,0
"23",23,23500004009,62,615,23500,4,9,3,2,5,300,4,0,0
"24",24,23500004010,62,615,23500,4,10,3,2,3,320,4,1,0
"25",25,23500004012,62,615,23500,4,12,3,1,3,300,4,1,0
"26",26,23500004013,62,615,23500,4,13,3,1,3,370,4,1,0
"27",27,23500004014,62,615,23500,4,14,3,2,3,280,4,1,0
"28",28,23500004015,62,615,23500,4,15,3,2,4,310,4,0,0
"29",29,23506014001,62,615,23506,14,1,3,2,5,300,4,0,0
"30",30,23506014002,62,615,23506,14,2,3,2,4,320,4,0,0
"31",31,23506014003,62,615,23506,14,3,3,2,3,320,4,1,0
"32",32,23506014004,62,615,23506,14,4,3,2,3,340,4,1,0
"33",33,23506014005,62,615,23506,14,5,3,1,2,350,4,1,0
"34",34,23506014006,62,615,23506,14,6,3,2,3,300,4,1,0
"35",35,23506014007,62,615,23506,14,7,3,2,4,280,4,0,0
"36",36,23506014008,62,615,23506,14,8,3,2,4,280,4,0,0
"37",37,23506014009,62,615,23506,14,9,3,2,3,300,4,1,0
"38",38,23506014011,62,615,23506,14,11,3,2,3,300,4,1,0
"39",39,23506014012,62,615,23506,14,12,3,2,3,300,4,1,0
"40",40,23506014013,62,615,23506,14,13,3,2,3,310,4,1,0
"41",41,23506014014,62,615,23506,14,14,3,2,3,300,4,1,0
"42",42,23785020001,64,628,23785,20,1,3,1,3,30,2,1,1
"43",43,23785020002,64,628,23785,20,2,3,2,3,30,2,1,1
"44",44,23785020003,64,628,23785,20,3,3,2,3,30,1,1,1
"45",45,23785020005,64,628,23785,20,5,3,1,3,30,2,1,1
"46",46,23785020006,64,628,23785,20,6,3,1,3,30,2,1,1
"47",47,23785020007,64,628,23785,20,7,3,2,3,30,2,1,1
"48",48,23785020008,64,628,23785,20,8,3,1,3,30,2,1,1
"49",49,23785020009,64,628,23785,20,9,3,2,3,30,1,1,1
"50",50,23785020010,64,628,23785,20,10,3,1,3,30,2,1,1
"51",51,23785020011,64,628,23785,20,11,3,1,3,30,2,1,1
"52",52,23785020012,64,628,23785,20,12,3,1,3,30,1,1,1
"53",53,23785020013,64,628,23785,20,13,3,1,3,20,4,1,0
"54",54,23785020014,64,628,23785,20,14,3,1,3,30,2,1,1
"55",55,23785020015,64,628,23785,20,15,3,1,3,30,2,1,1
"56",56,23794010001,64,629,23794,10,1,3,1,3,190,2,1,1
"57",57,23794010002,64,629,23794,10,2,3,1,4,250,2,0,0
"58",58,23794010004,64,629,23794,10,4,3,1,3,20,2,1,1
"59",59,23794010005,64,629,23794,10,5,3,1,3,20,2,1,1
"60",60,23794010006,64,629,23794,10,6,3,1,4,250,2,0,0
"61",61,23794010010,64,629,23794,10,10,3,1,3,20,2,1,1
"62",62,23794010015,64,629,23794,10,15,3,1,4,180,2,0,0
"63",63,23800013001,64,629,23800,13,1,3,1,3,180,2,1,1
"64",64,23800013002,64,629,23800,13,2,3,1,3,210,2,1,1
"65",65,23800013004,64,629,23800,13,4,3,1,3,180,2,1,1
"66",66,23800013005,64,629,23800,13,5,3,1,4,22,2,0,0
"67",67,23800013007,64,629,23800,13,7,3,1,3,180,2,1,1
"68",68,23800013008,64,629,23800,13,8,3,1,3,20,2,1,1
"69",69,23800013009,64,629,23800,13,9,3,1,3,20,2,1,1
"70",70,23800013010,64,629,23800,13,10,3,1,3,150,2,1,1
"71",71,23800013011,64,629,23800,13,11,3,1,3,180,2,1,1
"72",72,23800013013,64,629,23800,13,13,3,1,3,20,2,1,1
"73",73,23800013014,64,629,23800,13,14,3,1,3,20,2,1,1
"74",74,23800013015,64,629,23800,13,15,3,1,3,20,2,1,1
"75",75,23863009001,64,631,23863,9,1,3,1,4,100,2,0,0
"76",76,23863009002,64,631,23863,9,2,3,1,4,100,2,0,0
"77",77,23863009003,64,631,23863,9,3,3,1,4,80,2,0,0
"78",78,23863009004,64,631,23863,9,4,3,1,4,100,4,0,0
"79",79,23863009005,64,631,23863,9,5,3,1,4,95,2,0,0
"80",80,23863009007,64,631,23863,9,7,3,1,4,100,2,0,0
"81",81,23863009008,64,631,23863,9,8,3,1,4,1000,2,0,0
"82",82,23863009009,64,631,23863,9,9,3,1,4,100,3,0,0
"83",83,23863009011,64,631,23863,9,11,3,1,4,90,2,0,0
"84",84,23863009012,64,631,23863,9,12,3,1,3,80,2,1,1
"85",85,23863009013,64,631,23863,9,13,3,1,4,100,4,0,0
"86",86,23863009017,64,631,23863,9,17,3,1,4,90,2,0,0
"87",87,23941048002,64,633,23941,48,2,3,1,5,110,4,0,0
"88",88,23941048003,64,633,23941,48,3,3,1,4,100,2,0,0
"89",89,23941048006,64,633,23941,48,6,3,1,4,100,4,0,0
"90",90,23941048008,64,633,23941,48,8,3,1,5,100,4,0,0
"91",91,23941048009,64,633,23941,48,9,3,1,4,100,4,0,0
"92",92,23941048010,64,633,23941,48,10,3,1,5,100,4,0,0
"93",93,23941048012,64,633,23941,48,12,3,1,4,100,4,0,0
"94",94,23983012005,64,639,23983,12,5,3,1,3,25,4,1,0
"95",95,23983012015,64,639,23983,12,15,3,1,4,40,2,0,0
"96",96,24121016009,66,643,24121,16,9,3,3,3,200,3,1,1
"97",97,24121016010,66,643,24121,16,10,3,3,4,200,3,0,0
"98",98,24136026002,66,643,24136,26,2,3,1,4,200,3,0,0
"99",99,24157013002,66,643,24157,13,2,3,1,6,25,2,0,0
"100",100,24157013003,66,643,24157,13,3,3,1,7,25,2,0,0
"101",101,24157013004,66,643,24157,13,4,3,1,7,25,2,0,0
"102",102,24157013006,66,643,24157,13,6,3,1,7,25,2,0,0
"103",103,24157013008,66,643,24157,13,8,3,1,7,20,2,0,0
"104",104,24157013011,66,643,24157,13,11,3,1,7,25,2,0,0
"105",105,24157013015,66,643,24157,13,15,3,1,7,25,2,0,0
"106",106,24190028002,66,645,24190,28,2,3,1,4,450,2,0,0
"107",107,24190028003,66,645,24190,28,3,3,2,5,500,2,0,0
"108",108,24190028004,66,645,24190,28,4,3,1,3,530,2,0,0
"109",109,24190028006,66,645,24190,28,6,3,2,5,5000,2,0,0
"110",110,24190028007,66,645,24190,28,7,3,2,4,5000,2,0,0
"111",111,24190028008,66,645,24190,28,8,3,1,3,500,1,0,0
"112",112,24190028011,66,645,24190,28,11,3,1,3,360,2,1,1
"113",113,24190028015,66,645,24190,28,15,3,2,5,5000,2,0,0
"114",114,24253033002,66,647,24253,33,2,3,1,4,180,2,0,0
"115",115,24253033005,66,647,24253,33,5,3,1,4,170,2,0,0
"116",116,24253033007,66,647,24253,33,7,3,1,4,200,2,0,0
"117",117,24253033008,66,647,24253,33,8,3,1,4,180,2,0,0
"118",118,24253033010,66,647,24253,33,10,3,2,4,50,2,0,0
"119",119,24316012003,66,649,24316,12,3,3,1,3,200,2,1,1
"120",120,24316012008,66,649,24316,12,8,3,1,4,200,2,0,0
"121",121,24316012009,66,649,24316,12,9,3,1,3,220,2,1,1
"122",122,24316012012,66,649,24316,12,12,3,1,3,180,2,1,1
"123",123,24316012013,66,649,24316,12,13,3,1,3,220,2,1,1
"124",124,24367009005,66,650,24367,9,5,3,1,3,70,4,1,0
"125",125,24367009006,66,650,24367,9,6,3,1,3,200,2,1,1
"126",126,24367009007,66,650,24367,9,7,3,1,1,230,2,1,1
"127",127,24367009008,66,650,24367,9,8,3,1,2,200,2,1,1
"128",128,24367009009,66,650,24367,9,9,3,1,2,250,2,1,1
"129",129,24367009010,66,650,24367,9,10,3,1,2,220,2,1,1
"130",130,24367009011,66,650,24367,9,11,3,1,3,220,2,1,1
"131",131,24367009012,66,650,24367,9,12,3,1,3,200,2,1,1
"132",132,24367009013,66,650,24367,9,13,3,1,3,250,2,1,1
"133",133,24367009014,66,650,24367,9,14,3,1,3,200,2,1,1
"134",134,24367009016,66,650,24367,9,16,3,1,3,80,4,1,0
"135",135,24412011008,66,652,24412,11,8,3,1,2,100,4,1,0
"136",136,24505005001,66,654,24505,5,1,3,1,3,32,2,1,1
"137",137,24505005002,66,654,24505,5,2,3,1,3,35,2,1,1
"138",138,24505005003,66,654,24505,5,3,3,1,3,35,2,1,1
"139",139,24505005004,66,654,24505,5,4,3,1,3,25,2,1,1
"140",140,24505005005,66,654,24505,5,5,3,1,3,32,2,1,1
"141",141,24505005006,66,654,24505,5,6,3,1,2,32,2,1,1
"142",142,24505005007,66,654,24505,5,7,3,1,3,35,2,1,1
"143",143,24505005008,66,654,24505,5,8,3,1,3,32,2,1,1
"144",144,24505005009,66,654,24505,5,9,3,1,3,30,2,1,1
"145",145,24505005010,66,654,24505,5,10,3,1,3,30,2,1,1
"146",146,24505005011,66,654,24505,5,11,3,1,3,30,2,1,1
"147",147,24505005012,66,654,24505,5,12,3,1,3,30,2,1,1
"148",148,24505005013,66,654,24505,5,13,3,1,3,30,2,1,1
"149",149,24505005014,66,654,24505,5,14,3,1,3,32,2,1,1
"150",150,24505005015,66,654,24505,5,15,3,1,3,35,2,1,1
"151",151,24559002004,66,655,24559,2,4,3,5,4,200,3,0,0
"152",152,24559002012,66,655,24559,2,12,3,1,3,110,2,1,1
"153",153,24559002015,66,655,24559,2,15,3,1,4,120,2,0,0
"154",154,24586004001,66,656,24586,4,1,3,1,3,90,2,1,1
"155",155,24586004002,66,656,24586,4,2,3,1,4,90,2,0,0
"156",156,24586004003,66,656,24586,4,3,3,1,1,150,2,1,1
"157",157,24586004004,66,656,24586,4,4,3,1,3,150,2,1,1
"158",158,24586004005,66,656,24586,4,5,3,1,3,150,2,1,1
"159",159,24586004006,66,656,24586,4,6,3,1,3,80,2,1,1
"160",160,24586004007,66,656,24586,4,7,3,1,3,160,2,1,1
"161",161,24586004009,66,656,24586,4,9,3,1,2,120,2,1,1
"162",162,24586004010,66,656,24586,4,10,3,1,1,90,2,1,1
"163",163,24586004013,66,656,24586,4,13,3,1,3,100,2,1,1
"164",164,24586004014,66,656,24586,4,14,3,1,3,160,2,1,1
"165",165,24586004015,66,656,24586,4,15,3,1,2,150,2,1,1
"166",166,24615009001,67,660,24615,9,1,3,2,3,300,2,1,1
"167",167,24615009016,67,660,24615,9,16,3,1,2,200,4,1,0
"168",168,24616011002,67,661,24616,11,2,3,1,4,280,4,0,0
"169",169,24616011003,67,661,24616,11,3,3,1,6,300,4,0,0
"170",170,24616011004,67,661,24616,11,4,3,1,3,300,4,1,0
"171",171,24616011005,67,661,24616,11,5,3,1,3,300,4,1,0
"172",172,24616011006,67,661,24616,11,6,3,1,6,280,4,0,0
"173",173,24616011007,67,661,24616,11,7,3,1,1,250,4,1,0
"174",174,24616011008,67,661,24616,11,8,3,1,4,300,4,0,0
"175",175,24616011010,67,661,24616,11,10,3,1,5,280,4,0,0
"176",176,24616011012,67,661,24616,11,12,3,1,5,280,4,0,0
"177",177,24616011016,67,661,24616,11,16,3,1,3,300,4,1,0
"178",178,24616011018,67,661,24616,11,18,3,1,2,300,4,1,0
"179",179,24640010001,67,662,24640,10,1,3,1,10,24,2,0,0
"180",180,24640010007,67,662,24640,10,7,3,1,6,120,4,0,0
"181",181,24640010011,67,662,24640,10,11,3,1,3,100,2,1,1
"182",182,24640010015,67,662,24640,10,15,3,1,3,80,2,1,1
"183",183,24643001004,67,662,24643,1,4,3,1,12,24,2,0,0
"184",184,24643001005,67,662,24643,1,5,3,1,12,24,2,0,0
"185",185,24643001006,67,662,24643,1,6,3,1,5,120,4,0,0
"186",186,24643001007,67,662,24643,1,7,3,1,6,110,4,0,0
"187",187,24643001018,67,662,24643,1,18,3,1,4,90,2,0,0
"188",188,24682010001,67,663,24682,10,1,3,1,4,150,4,0,0
"189",189,24682010003,67,663,24682,10,3,3,1,4,120,4,0,0
"190",190,24682010004,67,663,24682,10,4,3,1,4,100,4,0,0
"191",191,24682010007,67,663,24682,10,7,3,1,4,100,4,0,0
"192",192,24682010008,67,663,24682,10,8,3,1,2,70,2,1,1
"193",193,24682010009,67,663,24682,10,9,3,1,4,110,4,0,0
"194",194,24682010010,67,663,24682,10,10,3,1,2,65,2,1,1
"195",195,24682010011,67,663,24682,10,11,3,1,2,80,2,1,1
"196",196,24682010012,67,663,24682,10,12,3,1,2,72,2,1,1
"197",197,24682010013,67,663,24682,10,13,3,1,2,76,2,1,1
"198",198,24682010015,67,663,24682,10,15,3,1,2,70,2,1,1
"199",199,24699007001,67,664,24699,7,1,3,2,5,750,3,0,0
"200",200,24699007002,67,664,24699,7,2,3,2,5,730,3,0,0
"201",201,24699007003,67,664,24699,7,3,3,2,4,780,3,0,0
"202",202,24699007004,67,664,24699,7,4,3,2,5,650,3,0,0
"203",203,24699007005,67,664,24699,7,5,3,1,5,650,3,0,0
"204",204,24699007006,67,664,24699,7,6,3,2,4,675,3,0,0
"205",205,24699007007,67,664,24699,7,7,3,2,5,650,3,0,0
"206",206,24699007008,67,664,24699,7,8,3,2,5,770,3,0,0
"207",207,24699007009,67,664,24699,7,9,3,2,3,200,3,1,1
"208",208,24699007010,67,664,24699,7,10,3,2,2,210,4,1,0
"209",209,24699007011,67,664,24699,7,11,3,2,2,200,4,1,0
"210",210,24699007012,67,664,24699,7,12,3,2,2,200,3,1,1
"211",211,24699007013,67,664,24699,7,13,3,2,2,200,3,1,1
"212",212,24699007014,67,664,24699,7,14,3,2,2,210,3,1,1
"213",213,24699007015,67,664,24699,7,15,3,1,2,200,2,1,1
"214",214,24721015001,67,665,24721,15,1,3,2,2,20,2,1,1
"215",215,24721015002,67,665,24721,15,2,3,2,2,19,4,1,0
"216",216,24721015003,67,665,24721,15,3,3,1,2,19,2,1,1
"217",217,24721015004,67,665,24721,15,4,3,1,3,22,2,1,1
"218",218,24721015005,67,665,24721,15,5,3,2,1,20,2,1,1
"219",219,24721015006,67,665,24721,15,6,3,2,2,21,3,1,1
"220",220,24721015007,67,665,24721,15,7,3,2,3,19,2,1,1
"221",221,24721015009,67,665,24721,15,9,3,2,2,22,2,1,1
"222",222,24721015010,67,665,24721,15,10,3,2,3,18,2,1,1
"223",223,24721015016,67,665,24721,15,16,3,2,3,20,2,1,1
"224",224,24721015017,67,665,24721,15,17,3,1,2,20,2,1,1
"225",225,24721015018,67,665,24721,15,18,3,2,2,19,2,1,1
"226",226,24721015019,67,665,24721,15,19,3,2,3,22,2,1,1
"227",227,24730035001,67,665,24730,35,1,3,1,2,18,2,1,1
"228",228,24730035002,67,665,24730,35,2,3,1,2,25,3,1,1
"229",229,24730035003,67,665,24730,35,3,3,1,2,22,4,1,0
"230",230,24730035004,67,665,24730,35,4,3,1,3,25,2,1,1
"231",231,24730035006,67,665,24730,35,6,3,1,3,20,2,1,1
"232",232,24730035007,67,665,24730,35,7,3,2,3,18,2,1,1
"233",233,24730035008,67,665,24730,35,8,3,1,3,22,2,1,1
"234",234,24730035012,67,665,24730,35,12,3,1,2,30,2,1,1
"235",235,24730035016,67,665,24730,35,16,3,1,2,100,4,1,0
"236",236,24730035017,67,665,24730,35,17,3,1,2,150,4,1,0
"237",237,24730035018,67,665,24730,35,18,3,1,2,120,2,1,1
"238",238,24748024002,67,667,24748,24,2,3,2,4,70,2,0,0
"239",239,24748024003,67,667,24748,24,3,3,2,3,120,2,1,1
"240",240,24748024004,67,667,24748,24,4,3,1,3,100,2,1,1
"241",241,24748024006,67,667,24748,24,6,3,1,3,100,2,1,1
"242",242,24748024007,67,667,24748,24,7,3,2,3,100,2,1,1
"243",243,24748024009,67,667,24748,24,9,3,2,4,150,2,0,0
"244",244,24748024010,67,667,24748,24,10,3,1,3,75,2,1,1
"245",245,24748024011,67,667,24748,24,11,3,1,2,200,2,1,1
"246",246,24748024012,67,667,24748,24,12,3,1,3,100,2,1,1
"247",247,24748024014,67,667,24748,24,14,3,2,2,200,2,1,1
"248",248,24748024015,67,667,24748,24,15,3,2,2,200,2,1,1
"249",249,24817033003,68,673,24817,33,3,3,1,1,90,2,1,1
"250",250,24817033004,68,673,24817,33,4,3,1,1,60,2,1,1
"251",251,24817033005,68,673,24817,33,5,3,1,1,40,4,1,0
"252",252,24817033009,68,673,24817,33,9,3,1,99,40,3,0,0
"253",253,24817033015,68,673,24817,33,15,3,1,1,50,4,1,0
"254",254,24844025002,68,673,24844,25,2,3,1,1,100,2,1,1
"255",255,24844025005,68,673,24844,25,5,3,1,4,50,4,0,0
"256",256,24844025007,68,673,24844,25,7,3,1,2,60,4,1,0
"257",257,24844025008,68,673,24844,25,8,3,1,2,70,2,1,1
"258",258,24844025009,68,673,24844,25,9,3,1,2,120,2,1,1
"259",259,24844025011,68,673,24844,25,11,3,1,99,40,2,0,0
"260",260,24844025012,68,673,24844,25,12,3,1,3,50,4,1,0
"261",261,24844025013,68,673,24844,25,13,3,1,1,5,4,1,0
"262",262,24844025014,68,673,24844,25,14,3,1,1,60,4,1,0
"263",263,24844025015,68,673,24844,25,15,3,1,1,60,2,1,1
"264",264,24853005001,68,674,24853,5,1,3,2,2,250,4,1,0
"265",265,24853005002,68,674,24853,5,2,3,1,3,300,2,1,1
"266",266,24853005003,68,674,24853,5,3,3,1,2,150,2,1,1
"267",267,24853005004,68,674,24853,5,4,3,1,2,250,4,1,0
"268",268,24853005005,68,674,24853,5,5,3,1,2,300,2,1,1
"269",269,24853005006,68,674,24853,5,6,3,1,2,200,4,1,0
"270",270,24853005007,68,674,24853,5,7,3,1,2,250,2,1,1
"271",271,24853005008,68,674,24853,5,8,3,1,2,300,2,1,1
"272",272,24853005009,68,674,24853,5,9,3,1,3,300,2,1,1
"273",273,24853005010,68,674,24853,5,10,3,1,2,200,2,1,1
"274",274,24853005011,68,674,24853,5,11,3,1,3,250,3,1,1
"275",275,24853005012,68,674,24853,5,12,3,1,3,200,2,1,1
"276",276,24853005013,68,674,24853,5,13,3,1,2,200,2,1,1
"277",277,24853005014,68,674,24853,5,14,3,1,3,250,2,1,1
"278",278,24853005015,68,674,24853,5,15,3,1,2,200,2,1,1
"279",279,24955008014,68,677,24955,8,14,3,1,2,30,4,1,0
"280",280,24964020009,68,678,24964,20,9,3,1,3,100,4,1,0
"281",281,24964020010,68,678,24964,20,10,3,3,3,150,2,1,1
"282",282,24964020012,68,678,24964,20,12,3,1,3,5,2,1,1
"283",283,25000065002,68,679,25000,65,2,3,1,1,120,4,1,0
"284",284,25000065004,68,679,25000,65,4,3,1,3,50,4,1,0
"285",285,25000065006,68,679,25000,65,6,3,1,1,100,2,1,1
"286",286,25000065012,68,679,25000,65,12,3,1,1,250,2,1,1
"287",287,25000065013,68,679,25000,65,13,3,1,3,45,4,1,0
"288",288,25000065014,68,679,25000,65,14,3,1,1,55,2,1,1
"289",289,25021012001,68,679,25021,12,1,3,1,2,45,4,1,0
"290",290,25021012002,68,679,25021,12,2,3,1,1,40,2,1,1
"291",291,25021012003,68,679,25021,12,3,3,1,1,45,2,1,1
"292",292,25021012004,68,679,25021,12,4,3,1,1,50,4,1,0
"293",293,25021012005,68,679,25021,12,5,3,1,1,40,2,1,1
"294",294,25021012006,68,679,25021,12,6,3,1,1,45,4,1,0
"295",295,25021012007,68,679,25021,12,7,3,1,3,50,4,1,0
"296",296,25021012008,68,679,25021,12,8,3,1,1,50,4,1,0
"297",297,25021012009,68,679,25021,12,9,3,1,1,50,4,1,0
"298",298,25021012010,68,679,25021,12,10,3,1,1,40,4,1,0
"299",299,25021012011,68,679,25021,12,11,3,1,2,40,4,1,0
"300",300,25021012012,68,679,25021,12,12,3,1,2,42,2,1,1
"301",301,25021012013,68,679,25021,12,13,3,1,1,40,4,1,0
"302",302,25021012014,68,679,25021,12,14,3,1,1,40,2,1,1
"303",303,25021012015,68,679,25021,12,15,3,1,1,45,2,1,1
"304",304,25081019001,68,680,25081,19,1,3,1,2,25,2,1,1
"305",305,25081019002,68,680,25081,19,2,3,1,1,25,2,1,1
"306",306,25081019003,68,680,25081,19,3,3,1,1,30,2,1,1
"307",307,25081019004,68,680,25081,19,4,3,1,1,30,2,1,1
"308",308,25081019005,68,680,25081,19,5,3,1,1,30,2,1,1
"309",309,25081019006,68,680,25081,19,6,3,1,1,20,2,1,1
"310",310,25081019007,68,680,25081,19,7,3,1,1,30,2,1,1
"311",311,25081019008,68,680,25081,19,8,3,1,1,30,2,1,1
"312",312,25081019009,68,680,25081,19,9,3,1,2,30,4,1,0
"313",313,25081019012,68,680,25081,19,12,3,1,1,50,2,1,1
"314",314,25081019013,68,680,25081,19,13,3,1,2,50,2,1,1
"315",315,25081019014,68,680,25081,19,14,3,1,1,60,2,1,1
"316",316,25081019015,68,680,25081,19,15,3,1,1,30,2,1,1
"317",317,23362010003,62,610,23362,10,3,2,4,2,2,4,1,0
"318",318,23395004001,62,611,23395,4,1,2,2,4,20,2,0,0
"319",319,23395004002,62,611,23395,4,2,2,2,4,200,3,0,0
"320",320,23395004003,62,611,23395,4,3,2,2,4,200,2,0,0
"321",321,23395004004,62,611,23395,4,4,2,1,4,15,3,0,0
"322",322,23395004005,62,611,23395,4,5,2,2,4,150,2,0,0
"323",323,23395004007,62,611,23395,4,7,2,1,3,3,2,1,1
"324",324,23395004008,62,611,23395,4,8,2,2,3,20,2,1,1
"325",325,23395004009,62,611,23395,4,9,2,2,4,200,4,0,0
"326",326,23395004010,62,611,23395,4,10,2,2,3,200,1,1,1
"327",327,23395004012,62,611,23395,4,12,2,2,3,150,3,1,1
"328",328,23395004013,62,611,23395,4,13,2,1,4,200,2,0,0
"329",329,23395004014,62,611,23395,4,14,2,1,4,10,2,0,0
"330",330,23395004015,62,611,23395,4,15,2,2,3,250,4,1,0
"331",331,23401005001,62,612,23401,5,1,2,1,3,75,3,1,1
"332",332,23401005006,62,612,23401,5,6,2,1,2,80,2,1,1
"333",333,23401005009,62,612,23401,5,9,2,1,2,80,3,1,1
"334",334,23401005012,62,612,23401,5,12,2,1,3,65,2,1,1
"335",335,23473007004,62,613,23473,7,4,2,1,99,1000,2,0,0
"336",336,23527003009,62,616,23527,3,9,2,1,8,450,2,0,0
"337",337,23527003012,62,616,23527,3,12,2,1,6,400,2,0,0
"338",338,23582020014,64,622,23582,20,14,2,3,3,12,2,1,1
"339",339,23584001001,64,622,23584,1,1,2,3,2,5,2,1,1
"340",340,23584001002,64,622,23584,1,2,2,3,2,5,2,1,1
"341",341,23584001005,64,622,23584,1,5,2,1,1,5,2,1,1
"342",342,23584001006,64,622,23584,1,6,2,1,2,5,2,1,1
"343",343,23584001008,64,622,23584,1,8,2,3,2,5,2,1,1
"344",344,23584001009,64,622,23584,1,9,2,3,2,5,2,1,1
"345",345,23584001010,64,622,23584,1,10,2,1,2,5,2,1,1
"346",346,23584001013,64,622,23584,1,13,2,3,2,5,2,1,1
"347",347,23584001014,64,622,23584,1,14,2,3,2,5,2,1,1
"348",348,23584001015,64,622,23584,1,15,2,1,5,10,2,0,0
"349",349,23692016001,64,626,23692,16,1,2,1,4,160,2,0,0
"350",350,23692016002,64,626,23692,16,2,2,1,4,250,2,0,0
"351",351,23692016005,64,626,23692,16,5,2,1,4,270,2,0,0
"352",352,23692016006,64,626,23692,16,6,2,1,4,245,2,0,0
"353",353,23692016008,64,626,23692,16,8,2,1,3,150,2,1,1
"354",354,23692016009,64,626,23692,16,9,2,1,4,300,2,0,0
"355",355,23692016011,64,626,23692,16,11,2,1,4,310,2,0,0
"356",356,23692016012,64,626,23692,16,12,2,1,4,150,2,0,0
"357",357,23692016013,64,626,23692,16,13,2,1,3,5,2,1,1
"358",358,23692016014,64,626,23692,16,14,2,1,4,265,2,0,0
"359",359,23692016015,64,626,23692,16,15,2,1,4,310,2,0,0
"360",360,23716005001,64,626,23716,5,1,2,1,3,180,2,1,1
"361",361,23716005002,64,626,23716,5,2,2,1,3,180,2,1,1
"362",362,23716005003,64,626,23716,5,3,2,1,4,200,2,0,0
"363",363,23716005004,64,626,23716,5,4,2,1,3,150,2,1,1
"364",364,23716005005,64,626,23716,5,5,2,1,4,190,2,0,0
"365",365,23716005006,64,626,23716,5,6,2,1,3,200,2,1,1
"366",366,23716005007,64,626,23716,5,7,2,1,4,190,3,0,0
"367",367,23716005008,64,626,23716,5,8,2,1,4,150,2,0,0
"368",368,23716005009,64,626,23716,5,9,2,1,4,190,2,0,0
"369",369,23716005010,64,626,23716,5,10,2,1,200,190,2,0,0
"370",370,23716005011,64,626,23716,5,11,2,1,4,180,2,0,0
"371",371,23716005012,64,626,23716,5,12,2,1,4,190,2,0,0
"372",372,23716005013,64,626,23716,5,13,2,1,4,190,4,0,0
"373",373,23716005014,64,626,23716,5,14,2,1,3,200,2,1,1
"374",374,23716005015,64,626,23716,5,15,2,1,4,200,3,0,0
"375",375,23728010001,64,627,23728,10,1,2,5,99,3,4,0,0
"376",376,23728010002,64,627,23728,10,2,2,5,99,2,4,0,0
"377",377,23728010005,64,627,23728,10,5,2,5,99,5,4,0,0
"378",378,23728010012,64,627,23728,10,12,2,1,2,20,4,1,0
"379",379,23947014001,64,633,23947,14,1,2,1,4,100,4,0,0
"380",380,23947014002,64,633,23947,14,2,2,1,5,100,4,0,0
"381",381,23947014003,64,633,23947,14,3,2,1,5,100,4,0,0
"382",382,23947014004,64,633,23947,14,4,2,1,5,90,4,0,0
"383",383,23947014005,64,633,23947,14,5,2,1,5,120,4,0,0
"384",384,23947014006,64,633,23947,14,6,2,1,5,100,4,0,0
"385",385,23947014007,64,633,23947,14,7,2,1,4,100,4,0,0
"386",386,23947014009,64,633,23947,14,9,2,1,4,100,4,0,0
"387",387,23947014011,64,633,23947,14,11,2,1,3,100,4,1,0
"388",388,23947014012,64,633,23947,14,12,2,1,4,100,4,0,0
"389",389,23947014013,64,633,23947,14,13,2,1,3,100,4,1,0
"390",390,23947014014,64,633,23947,14,14,2,1,5,100,4,0,0
"391",391,23947014015,64,633,23947,14,15,2,1,4,100,4,0,0
"392",392,23966010001,64,633,23966,10,1,2,1,5,100,4,0,0
"393",393,23966010002,64,633,23966,10,2,2,3,5,8,4,0,0
"394",394,23966010003,64,633,23966,10,3,2,1,5,100,4,0,0
"395",395,23966010006,64,633,23966,10,6,2,1,5,100,4,0,0
"396",396,23966010007,64,633,23966,10,7,2,1,5,100,4,0,0
"397",397,23966010008,64,633,23966,10,8,2,1,5,100,4,0,0
"398",398,23966010009,64,633,23966,10,9,2,1,5,100,4,0,0
"399",399,23966010012,64,633,23966,10,12,2,1,6,100,4,0,0
"400",400,23966010015,64,633,23966,10,15,2,1,5,100,4,0,0
"401",401,23977013001,64,633,23977,13,1,2,1,5,100,4,0,0
"402",402,23977013002,64,633,23977,13,2,2,1,5,100,4,0,0
"403",403,23977013003,64,633,23977,13,3,2,1,5,100,4,0,0
"404",404,23977013004,64,633,23977,13,4,2,1,4,9,4,0,0
"405",405,23977013005,64,633,23977,13,5,2,1,5,100,4,0,0
"406",406,23977013006,64,633,23977,13,6,2,1,6,120,4,0,0
"407",407,23977013007,64,633,23977,13,7,2,1,5,100,4,0,0
"408",408,23977013008,64,633,23977,13,8,2,1,6,120,4,0,0
"409",409,23977013009,64,633,23977,13,9,2,1,6,110,4,0,0
"410",410,23977013010,64,633,23977,13,10,2,1,5,10,4,0,0
"411",411,23977013011,64,633,23977,13,11,2,1,6,100,4,0,0
"412",412,23977013012,64,633,23977,13,12,2,1,5,100,4,0,0
"413",413,23977013013,64,633,23977,13,13,2,1,5,10,4,0,0
"414",414,23977013014,64,633,23977,13,14,2,1,5,100,4,0,0
"415",415,23977013015,64,633,23977,13,15,2,1,6,100,4,0,0
"416",416,24145021003,66,643,24145,21,3,2,1,5,400,2,0,0
"417",417,24166044008,66,643,24166,44,8,2,1,4,50,3,0,0
"418",418,24241019001,66,647,24241,19,1,2,2,5,70,4,0,0
"419",419,24241019012,66,647,24241,19,12,2,1,5,70,2,0,0
"420",420,24277015001,66,648,24277,15,1,2,1,3,150,2,1,1
"421",421,24277015002,66,648,24277,15,2,2,1,3,180,2,1,1
"422",422,24277015003,66,648,24277,15,3,2,1,3,160,2,1,1
"423",423,24277015004,66,648,24277,15,4,2,1,3,160,2,1,1
"424",424,24277015006,66,648,24277,15,6,2,1,3,165,2,1,1
"425",425,24277015007,66,648,24277,15,7,2,1,3,140,2,1,1
"426",426,24277015008,66,648,24277,15,8,2,1,3,150,2,1,1
"427",427,24277015009,66,648,24277,15,9,2,1,3,180,2,1,1
"428",428,24277015010,66,648,24277,15,10,2,1,3,160,2,1,1
"429",429,24277015011,66,648,24277,15,11,2,1,4,160,2,0,0
"430",430,24277015012,66,648,24277,15,12,2,1,3,180,2,1,1
"431",431,24277015013,66,648,24277,15,13,2,1,3,160,2,1,1
"432",432,24277015014,66,648,24277,15,14,2,1,2,170,2,1,1
"433",433,24277015015,66,648,24277,15,15,2,1,3,140,2,1,1
"434",434,24308011006,66,644,24308,11,6,2,1,4,200,2,0,0
"435",435,24308011007,66,644,24308,11,7,2,1,5,150,2,0,0
"436",436,24308011008,66,644,24308,11,8,2,1,4,150,2,0,0
"437",437,24308011012,66,644,24308,11,12,2,1,3,180,2,1,1
"438",438,24308011013,66,644,24308,11,13,2,1,6,100,2,0,0
"439",439,24314008001,66,649,24314,8,1,2,1,3,200,2,1,1
"440",440,24314008003,66,649,24314,8,3,2,1,3,200,2,1,1
"441",441,24314008004,66,649,24314,8,4,2,1,3,200,2,1,1
"442",442,24314008005,66,649,24314,8,5,2,1,3,220,2,1,1
"443",443,24314008009,66,649,24314,8,9,2,1,3,180,2,1,1
"444",444,24314008013,66,649,24314,8,13,2,1,3,220,2,1,1
"445",445,24314008014,66,649,24314,8,14,2,1,4,150,2,0,0
"446",446,24328008002,66,644,24328,8,2,2,1,3,200,4,1,0
"447",447,24328008004,66,644,24328,8,4,2,3,4,180,3,0,0
"448",448,24328008005,66,644,24328,8,5,2,1,6,220,2,0,0
"449",449,24328008006,66,644,24328,8,6,2,1,4,190,2,0,0
"450",450,24328008007,66,644,24328,8,7,2,1,3,250,2,1,1
"451",451,24328008008,66,644,24328,8,8,2,1,4,200,2,0,0
"452",452,24328008009,66,644,24328,8,9,2,1,5,220,2,0,0
"453",453,24328008010,66,644,24328,8,10,2,1,4,180,2,0,0
"454",454,24328008011,66,644,24328,8,11,2,1,3,200,2,1,1
"455",455,24328008012,66,644,24328,8,12,2,1,6,200,2,0,0
"456",456,24328008013,66,644,24328,8,13,2,1,3,180,2,1,1
"457",457,24328008014,66,644,24328,8,14,2,1,6,200,3,0,0
"458",458,24328008015,66,644,24328,8,15,2,1,3,160,2,1,1
"459",459,24397011001,66,651,24397,11,1,2,1,5,110,2,0,0
"460",460,24466015001,66,653,24466,15,1,2,1,5,320,3,0,0
"461",461,24466015003,66,653,24466,15,3,2,1,4,300,3,0,0
"462",462,24466015004,66,653,24466,15,4,2,1,4,270,3,0,0
"463",463,24466015005,66,653,24466,15,5,2,1,4,310,3,0,0
"464",464,24466015008,66,653,24466,15,8,2,1,4,250,2,0,0
"465",465,24466015011,66,653,24466,15,11,2,1,4,220,2,0,0
"466",466,24469012004,66,653,24469,12,4,2,1,4,300,3,0,0
"467",467,24520008001,66,654,24520,8,1,2,1,6,15,2,0,0
"468",468,24520008002,66,654,24520,8,2,2,1,3,20,2,1,1
"469",469,24520008003,66,654,24520,8,3,2,1,6,20,2,0,0
"470",470,24520008005,66,654,24520,8,5,2,1,5,20,2,0,0
"471",471,24520008006,66,654,24520,8,6,2,1,3,50,2,1,1
"472",472,24520008007,66,654,24520,8,7,2,1,3,30,2,1,1
"473",473,24520008008,66,654,24520,8,8,2,1,3,30,2,1,1
"474",474,24520008011,66,654,24520,8,11,2,1,3,26,2,1,1
"475",475,24520008014,66,654,24520,8,14,2,1,5,20,2,0,0
"476",476,24538003001,66,655,24538,3,1,2,2,3,200,2,1,1
"477",477,24538003003,66,655,24538,3,3,2,2,3,180,2,1,1
"478",478,24538003004,66,655,24538,3,4,2,2,3,200,2,1,1
"479",479,24538003006,66,655,24538,3,6,2,2,4,80,2,0,0
"480",480,24538003012,66,655,24538,3,12,2,1,4,100,2,0,0
"481",481,24538003013,66,655,24538,3,13,2,1,4,100,2,0,0
"482",482,24592019002,66,656,24592,19,2,2,1,4,350,2,0,0
"483",483,24592019005,66,656,24592,19,5,2,1,3,200,2,1,1
"484",484,24592019008,66,656,24592,19,8,2,1,4,160,4,0,0
"485",485,24592019009,66,656,24592,19,9,2,1,4,100,4,0,0
"486",486,24592019011,66,656,24592,19,11,2,2,4,100,4,0,0
"487",487,24592019012,66,656,24592,19,12,2,1,4,150,2,0,0
"488",488,24592019013,66,656,24592,19,13,2,1,4,300,2,0,0
"489",489,24592019014,66,656,24592,19,14,2,1,3,150,2,1,1
"490",490,24592019016,66,656,24592,19,16,2,2,4,120,4,0,0
"491",491,24612014002,67,660,24612,14,2,2,1,2,500,4,0,0
"492",492,24631010001,67,661,24631,10,1,2,1,2,100,2,1,1
"493",493,24631010002,67,661,24631,10,2,2,1,2,150,2,1,1
"494",494,24631010007,67,661,24631,10,7,2,1,50,100,2,0,0
"495",495,24631010008,67,661,24631,10,8,2,1,3,100,2,1,1
"496",496,24631010009,67,661,24631,10,9,2,1,3,100,2,1,1
"497",497,24631010011,67,661,24631,10,11,2,1,4,100,2,0,0
"498",498,24631010017,67,661,24631,10,17,2,1,2,100,2,1,1
"499",499,24652005001,67,662,24652,5,1,2,1,3,60000,2,0,0
"500",500,24652005005,67,662,24652,5,5,2,1,6,200,2,0,0
"501",501,24652005008,67,662,24652,5,8,2,1,3,330,2,1,1
"502",502,24652005010,67,662,24652,5,10,2,1,5,170,4,0,0
"503",503,24652005011,67,662,24652,5,11,2,1,5,75,4,0,0
"504",504,24652005012,67,662,24652,5,12,2,1,5,60,5,0,0
"505",505,24677010001,67,663,24677,10,1,2,1,2,190,2,1,1
"506",506,24677010002,67,663,24677,10,2,2,1,3,100,2,1,1
"507",507,24677010003,67,663,24677,10,3,2,1,2,95,2,1,1
"508",508,24677010005,67,663,24677,10,5,2,1,2,89,2,1,1
"509",509,24677010006,67,663,24677,10,6,2,1,3,80,2,1,1
"510",510,24677010007,67,663,24677,10,7,2,1,4,80,2,0,0
"511",511,24677010008,67,663,24677,10,8,2,1,3,80,2,1,1
"512",512,24677010010,67,663,24677,10,10,2,1,4,80,2,0,0
"513",513,24677010011,67,663,24677,10,11,2,1,3,90,2,1,1
"514",514,24677010012,67,663,24677,10,12,2,1,3,85,2,1,1
"515",515,24677010013,67,663,24677,10,13,2,2,3,80,2,1,1
"516",516,24677010014,67,663,24677,10,14,2,2,2,96,2,1,1
"517",517,24677010015,67,663,24677,10,15,2,1,3,80,2,1,1
"518",518,24685008002,67,663,24685,8,2,2,1,2,450,2,0,0
"519",519,24685008003,67,663,24685,8,3,2,1,3,80,2,1,1
"520",520,24685008006,67,663,24685,8,6,2,2,3,370,4,1,0
"521",521,24685008008,67,663,24685,8,8,2,1,90,2,2,0,0
"522",522,24685008009,67,663,24685,8,9,2,1,1,85,4,1,0
"523",523,24685008010,67,663,24685,8,10,2,2,3,400,2,1,1
"524",524,24685008011,67,663,24685,8,11,2,1,3,380,2,1,1
"525",525,24685008014,67,663,24685,8,14,2,1,2,85,2,1,1
"526",526,24728009002,67,665,24728,9,2,2,1,2,75,2,1,1
"527",527,24728009003,67,665,24728,9,3,2,2,2,70,2,1,1
"528",528,24728009004,67,665,24728,9,4,2,1,2,73,2,1,1
"529",529,24728009005,67,665,24728,9,5,2,2,3,75,2,1,1
"530",530,24728009007,67,665,24728,9,7,2,1,1,70,2,1,1
"531",531,24728009014,67,665,24728,9,14,2,2,2,73,2,1,1
"532",532,24728009015,67,665,24728,9,15,2,2,2,70,2,1,1
"533",533,24746017001,67,667,24746,17,1,2,1,3,100,2,1,1
"534",534,24746017002,67,667,24746,17,2,2,1,3,100,2,1,1
"535",535,24746017003,67,667,24746,17,3,2,1,3,98,2,1,1
"536",536,24746017004,67,667,24746,17,4,2,1,3,75,2,1,1
"537",537,24746017006,67,667,24746,17,6,2,1,4,150,2,0,0
"538",538,24746017008,67,667,24746,17,8,2,1,2,75,2,1,1
"539",539,24746017009,67,667,24746,17,9,2,1,2,75,2,1,1
"540",540,24746017011,67,667,24746,17,11,2,1,2,100,2,1,1
"541",541,24746017012,67,667,24746,17,12,2,1,2,210,2,1,1
"542",542,24746017013,67,667,24746,17,13,2,1,3,150,2,1,1
"543",543,24746017014,67,667,24746,17,14,2,1,3,120,2,1,1
"544",544,24746017015,67,667,24746,17,15,2,1,1,100,2,1,1
"545",545,24754008002,67,666,24754,8,2,2,2,4,100,3,0,0
"546",546,24754008003,67,666,24754,8,3,2,1,4,100,2,0,0
"547",547,24754008008,67,666,24754,8,8,2,1,4,100,2,0,0
"548",548,24754008011,67,666,24754,8,11,2,1,3,100,2,1,1
"549",549,24754008014,67,666,24754,8,14,2,1,4,100,2,0,0
"550",550,24820036008,68,673,24820,36,8,2,3,1,5,4,1,0
"551",551,24847002001,68,675,24847,2,1,2,1,1,5,4,1,0
"552",552,24847002002,68,675,24847,2,2,2,1,1,7,4,1,0
"553",553,24847002003,68,675,24847,2,3,2,1,1,5,4,1,0
"554",554,24847002004,68,675,24847,2,4,2,1,1,5,4,1,0
"555",555,24847002005,68,675,24847,2,5,2,1,1,6,4,1,0
"556",556,24847002006,68,675,24847,2,6,2,1,1,6,4,1,0
"557",557,24847002007,68,675,24847,2,7,2,1,1,5,4,1,0
"558",558,24847002008,68,675,24847,2,8,2,1,1,5,4,1,0
"559",559,24847002009,68,675,24847,2,9,2,1,1,5,4,1,0
"560",560,24847002010,68,675,24847,2,10,2,1,1,6,4,1,0
"561",561,24847002011,68,675,24847,2,11,2,1,1,6,4,1,0
"562",562,24847002012,68,675,24847,2,12,2,1,1,6,4,1,0
"563",563,24847002013,68,675,24847,2,13,2,1,1,6,4,1,0
"564",564,24847002015,68,675,24847,2,15,2,1,1,6,4,1,0
"565",565,24875016001,68,674,24875,16,1,2,2,3,65,3,1,1
"566",566,24875016002,68,674,24875,16,2,2,2,2,200,3,1,1
"567",567,24875016003,68,674,24875,16,3,2,1,1,200,4,1,0
"568",568,24875016004,68,674,24875,16,4,2,2,4,300,3,0,0
"569",569,24875016005,68,674,24875,16,5,2,1,1,150,4,1,0
"570",570,24875016006,68,674,24875,16,6,2,1,3,150,4,1,0
"571",571,24875016007,68,674,24875,16,7,2,1,3,350,2,1,1
"572",572,24875016008,68,674,24875,16,8,2,1,4,300,2,0,0
"573",573,24875016009,68,674,24875,16,9,2,1,2,250,2,1,1
"574",574,24875016010,68,674,24875,16,10,2,1,3,200,2,1,1
"575",575,24875016011,68,674,24875,16,11,2,2,3,250,3,1,1
"576",576,24875016012,68,674,24875,16,12,2,1,3,300,4,1,0
"577",577,24875016014,68,674,24875,16,14,2,2,3,300,2,1,1
"578",578,25027021001,68,679,25027,21,1,2,1,1,50,4,1,0
"579",579,25027021002,68,679,25027,21,2,2,1,1,30,2,1,1
"580",580,25027021003,68,679,25027,21,3,2,1,2,50,4,1,0
"581",581,25027021004,68,679,25027,21,4,2,1,2,40,2,1,1
"582",582,25027021005,68,679,25027,21,5,2,1,3,40,4,1,0
"583",583,25027021006,68,679,25027,21,6,2,1,1,50,3,1,1
"584",584,25027021007,68,679,25027,21,7,2,1,3,45,4,1,0
"585",585,25027021008,68,679,25027,21,8,2,1,1,50,4,1,0
"586",586,25027021009,68,679,25027,21,9,2,1,3,50,4,1,0
"587",587,25027021011,68,679,25027,21,11,2,1,3,50,4,1,0
"588",588,25027021012,68,679,25027,21,12,2,1,3,50,3,1,1
"589",589,25027021013,68,679,25027,21,13,2,1,3,50,4,1,0
"590",590,25027021014,68,679,25027,21,14,2,1,2,40,3,1,1
"591",591,25027021015,68,679,25027,21,15,2,1,3,50,4,1,0
"592",592,25033018001,68,679,25033,18,1,2,1,1,45,4,1,0
"593",593,25033018002,68,679,25033,18,2,2,1,1,25,4,1,0
"594",594,25033018003,68,679,25033,18,3,2,1,1,30,4,1,0
"595",595,25033018004,68,679,25033,18,4,2,1,1,20,4,1,0
"596",596,25033018005,68,679,25033,18,5,2,1,1,40,4,1,0
"597",597,25033018007,68,679,25033,18,7,2,1,1,30,4,1,0
"598",598,25033018008,68,679,25033,18,8,2,1,1,30,4,1,0
"599",599,25033018009,68,679,25033,18,9,2,1,1,30,4,1,0
"600",600,25033018011,68,679,25033,18,11,2,1,1,30,4,1,0
"601",601,25033018012,68,679,25033,18,12,2,1,1,40,4,1,0
"602",602,25033018013,68,679,25033,18,13,2,1,1,40,4,1,0
"603",603,25054040002,68,680,25054,40,2,2,1,1,20,2,1,1
"604",604,25054040005,68,680,25054,40,5,2,1,1,25,2,1,1
"605",605,25054040008,68,680,25054,40,8,2,1,1,100,4,1,0
"606",606,25159011009,68,683,25159,11,9,2,1,5,2000,4,0,0
"607",607,3751003009,14,119,3751,3,9,1,5,0,NA,NA,NA,NA
"608",608,23326019001,62,608,23326,19,1,1,1,68,9,2,0,0
"609",609,23326019003,62,608,23326,19,3,1,2,78,14,2,0,0
"610",610,23326019004,62,608,23326,19,4,1,2,70,15,2,0,0
"611",611,23326019005,62,608,23326,19,5,1,1,75,12,3,0,0
"612",612,23326019007,62,608,23326,19,7,1,2,80,12,2,0,0
"613",613,23326019008,62,608,23326,19,8,1,1,75,10,2,0,0
"614",614,23326019009,62,608,23326,19,9,1,2,76,12,2,0,0
"615",615,23326019010,62,608,23326,19,10,1,2,75,12,2,0,0
"616",616,23326019011,62,608,23326,19,11,1,3,60,8,2,0,0
"617",617,23326019012,62,608,23326,19,12,1,1,70,10,2,0,0
"618",618,23326019014,62,608,23326,19,14,1,1,65,10,2,0,0
"619",619,23326019015,62,608,23326,19,15,1,1,75,12,2,0,0
"620",620,23392003001,62,611,23392,3,1,1,3,3,6,2,1,1
"621",621,23392003003,62,611,23392,3,3,1,2,3,200,4,1,0
"622",622,23392003004,62,611,23392,3,4,1,2,4,200,4,0,0
"623",623,23392003005,62,611,23392,3,5,1,2,3,20,2,1,1
"624",624,23392003008,62,611,23392,3,8,1,2,2,20,3,1,1
"625",625,23392003009,62,611,23392,3,9,1,1,3,200,4,1,0
"626",626,23392003010,62,611,23392,3,10,1,2,3,250,4,1,0
"627",627,23392003014,62,611,23392,3,14,1,1,3,3,4,1,0
"628",628,23392003015,62,611,23392,3,15,1,2,3,5,4,1,0
"629",629,23419007001,62,617,23419,7,1,1,1,2,150,4,1,0
"630",630,23419007002,62,617,23419,7,2,1,1,2,120,4,1,0
"631",631,23419007004,62,617,23419,7,4,1,1,2,120,4,1,0
"632",632,23419007005,62,617,23419,7,5,1,1,2,100,4,1,0
"633",633,23419007006,62,617,23419,7,6,1,1,2,120,4,1,0
"634",634,23419007007,62,617,23419,7,7,1,1,2,100,4,1,0
"635",635,23419007008,62,617,23419,7,8,1,1,2,120,4,1,0
"636",636,23419007009,62,617,23419,7,9,1,1,2,150,3,1,1
"637",637,23419007010,62,617,23419,7,10,1,1,2,100,4,1,0
"638",638,23419007012,62,617,23419,7,12,1,1,2,120,4,1,0
"639",639,23545002001,62,616,23545,2,1,1,1,4,400,2,0,0
"640",640,23545002004,62,616,23545,2,4,1,1,5,400,2,0,0
"641",641,23545002013,62,616,23545,2,13,1,3,4,400,3,0,0
"642",642,23563029006,64,622,23563,29,6,1,1,3,100,4,1,0
"643",643,23563029012,64,622,23563,29,12,1,2,3,120,3,1,1
"644",644,23590029002,64,622,23590,29,2,1,1,2,5,2,1,1
"645",645,23590029004,64,622,23590,29,4,1,1,2,4,2,1,1
"646",646,23590029005,64,622,23590,29,5,1,1,2,5,2,1,1
"647",647,23590029016,64,622,23590,29,16,1,3,3,10,2,1,1
"648",648,23590029018,64,622,23590,29,18,1,1,3,10,2,1,1
"649",649,23611006001,64,622,23611,6,1,1,1,5,5,2,0,0
"650",650,23611006002,64,622,23611,6,2,1,1,4,12,2,0,0
"651",651,23611006003,64,622,23611,6,3,1,1,4,20,2,0,0
"652",652,23611006004,64,622,23611,6,4,1,1,4,22,2,0,0
"653",653,23611006005,64,622,23611,6,5,1,1,3,18,2,1,1
"654",654,23611006006,64,622,23611,6,6,1,1,4,15,2,0,0
"655",655,23611006007,64,622,23611,6,7,1,1,4,24,2,0,0
"656",656,23611006008,64,622,23611,6,8,1,1,4,10,2,0,0
"657",657,23611006009,64,622,23611,6,9,1,1,4,18,2,0,0
"658",658,23611006010,64,622,23611,6,10,1,1,4,5,2,0,0
"659",659,23611006011,64,622,23611,6,11,1,1,4,24,2,0,0
"660",660,23611006012,64,622,23611,6,12,1,1,4,22,2,0,0
"661",661,23611006013,64,622,23611,6,13,1,1,4,25,2,0,0
"662",662,23611006014,64,622,23611,6,14,1,1,4,23,2,0,0
"663",663,23611006015,64,622,23611,6,15,1,1,4,20,2,0,0
"664",664,23647008001,64,625,23647,8,1,1,1,3,10,4,1,0
"665",665,23647008002,64,625,23647,8,2,1,1,3,12,4,1,0
"666",666,23647008003,64,625,23647,8,3,1,1,5,12,4,0,0
"667",667,23647008005,64,625,23647,8,5,1,1,3,10,4,1,0
"668",668,23647008006,64,625,23647,8,6,1,1,3,10,4,1,0
"669",669,23647008007,64,625,23647,8,7,1,1,5,10,4,0,0
"670",670,23647008008,64,625,23647,8,8,1,1,6,12,4,0,0
"671",671,23647008009,64,625,23647,8,9,1,1,3,20,4,1,0
"672",672,23647008010,64,625,23647,8,10,1,1,3,10,4,1,0
"673",673,23647008012,64,625,23647,8,12,1,1,5,25,4,0,0
"674",674,23647008013,64,625,23647,8,13,1,1,6,30,4,0,0
"675",675,23647008014,64,625,23647,8,14,1,1,5,13,4,0,0
"676",676,23647008015,64,625,23647,8,15,1,1,3,11,4,1,0
"677",677,23866012001,64,631,23866,12,1,1,1,4,80,2,0,0
"678",678,23866012005,64,631,23866,12,5,1,1,4,50,2,0,0
"679",679,23866012006,64,631,23866,12,6,1,1,4,80,2,0,0
"680",680,23866012007,64,631,23866,12,7,1,1,4,100,2,0,0
"681",681,23866012009,64,631,23866,12,9,1,1,3,60,2,1,1
"682",682,23866012011,64,631,23866,12,11,1,1,4,100,2,0,0
"683",683,23866012013,64,631,23866,12,13,1,1,3,50,2,1,1
"684",684,23866012014,64,631,23866,12,14,1,1,4,100,2,0,0
"685",685,23866012015,64,631,23866,12,15,1,1,4,80,2,0,0
"686",686,23888002002,64,632,23888,2,2,1,1,4,100,2,0,0
"687",687,23888002003,64,632,23888,2,3,1,1,4,100,2,0,0
"688",688,23888002004,64,632,23888,2,4,1,1,4,100,2,0,0
"689",689,23888002005,64,632,23888,2,5,1,1,4,100,2,0,0
"690",690,23888002006,64,632,23888,2,6,1,1,4,80,2,0,0
"691",691,23888002008,64,632,23888,2,8,1,1,4,100,2,0,0
"692",692,23888002009,64,632,23888,2,9,1,1,3,80,2,1,1
"693",693,23888002010,64,632,23888,2,10,1,1,3,60,2,1,1
"694",694,23888002011,64,632,23888,2,11,1,1,4,80,2,0,0
"695",695,23888002012,64,632,23888,2,12,1,1,3,80,2,1,1
"696",696,23888002013,64,632,23888,2,13,1,1,4,100,2,0,0
"697",697,23888002014,64,632,23888,2,14,1,1,3,80,2,1,1
"698",698,23914002001,64,632,23914,2,1,1,1,2,30,2,1,1
"699",699,23914002002,64,632,23914,2,2,1,2,2,100,4,1,0
"700",700,23914002003,64,632,23914,2,3,1,2,3,100,2,1,1
"701",701,23914002004,64,632,23914,2,4,1,2,3,30,2,1,1
"702",702,23914002005,64,632,23914,2,5,1,2,3,30,2,1,1
"703",703,23914002007,64,632,23914,2,7,1,2,3,50,2,1,1
"704",704,23914002008,64,632,23914,2,8,1,2,3,50,2,1,1
"705",705,23914002009,64,632,23914,2,9,1,2,2,30,2,1,1
"706",706,23914002010,64,632,23914,2,10,1,2,2,50,2,1,1
"707",707,23914002014,64,632,23914,2,14,1,2,3,100,3,1,1
"708",708,23926004001,64,632,23926,4,1,1,1,4,80,2,0,0
"709",709,23926004002,64,632,23926,4,2,1,1,3,60,2,1,1
"710",710,23926004003,64,632,23926,4,3,1,1,3,80,2,1,1
"711",711,23926004004,64,632,23926,4,4,1,1,4,80,2,0,0
"712",712,23926004005,64,632,23926,4,5,1,1,4,80,2,0,0
"713",713,23926004006,64,632,23926,4,6,1,1,3,60,2,1,1
"714",714,23926004009,64,632,23926,4,9,1,1,3,80,2,1,1
"715",715,23926004010,64,632,23926,4,10,1,1,4,60,2,0,0
"716",716,23926004011,64,632,23926,4,11,1,1,4,80,2,0,0
"717",717,23926004013,64,632,23926,4,13,1,1,4,60,2,0,0
"718",718,23926004014,64,632,23926,4,14,1,1,4,100,2,0,0
"719",719,24124012011,66,643,24124,12,11,1,1,5,150,4,0,0
"720",720,24124012013,66,643,24124,12,13,1,1,3,180,2,1,1
"721",721,24154018001,66,643,24154,18,1,1,1,4,200,2,0,0
"722",722,24154018003,66,643,24154,18,3,1,1,4,150,2,0,0
"723",723,24154018004,66,643,24154,18,4,1,5,5,200,2,0,0
"724",724,24172034013,66,643,24172,34,13,1,1,3,80,3,1,1
"725",725,24271014001,66,648,24271,14,1,1,1,2,150,2,1,1
"726",726,24271014002,66,648,24271,14,2,1,1,3,180,2,1,1
"727",727,24271014003,66,648,24271,14,3,1,1,3,200,2,1,1
"728",728,24271014005,66,648,24271,14,5,1,1,3,180,2,1,1
"729",729,24271014006,66,648,24271,14,6,1,1,3,180,2,1,1
"730",730,24271014007,66,648,24271,14,7,1,1,3,200,2,1,1
"731",731,24271014010,66,648,24271,14,10,1,1,3,220,2,1,1
"732",732,24271014011,66,648,24271,14,11,1,1,3,220,2,1,1
"733",733,24271014012,66,648,24271,14,12,1,1,3,220,2,1,1
"734",734,24271014013,66,648,24271,14,13,1,1,3,150,2,1,1
"735",735,24271014014,66,648,24271,14,14,1,1,3,160,2,1,1
"736",736,24271014015,66,648,24271,14,15,1,1,3,200,2,1,1
"737",737,24355017001,66,650,24355,17,1,1,1,3,200,2,1,1
"738",738,24355017002,66,650,24355,17,2,1,1,3,115,2,1,1
"739",739,24355017003,66,650,24355,17,3,1,1,3,150,2,1,1
"740",740,24355017005,66,650,24355,17,5,1,1,3,140,2,1,1
"741",741,24355017008,66,650,24355,17,8,1,1,4,200,4,0,0
"742",742,24355017009,66,650,24355,17,9,1,1,3,100,4,1,0
"743",743,24355017010,66,650,24355,17,10,1,1,3,150,4,1,0
"744",744,24355017011,66,650,24355,17,11,1,1,4,150,2,0,0
"745",745,24404012002,66,651,24404,12,2,1,1,3,100,2,1,1
"746",746,24404012005,66,651,24404,12,5,1,1,4,80,2,0,0
"747",747,24404012007,66,651,24404,12,7,1,1,4,50,4,0,0
"748",748,24404012008,66,651,24404,12,8,1,1,4,50,4,0,0
"749",749,24404012010,66,651,24404,12,10,1,1,2,100,2,1,1
"750",750,24404012011,66,651,24404,12,11,1,1,2,110,2,1,1
"751",751,24487011003,66,653,24487,11,3,1,1,3,180,2,1,1
"752",752,24487011004,66,653,24487,11,4,1,1,3,220,2,1,1
"753",753,24487011006,66,653,24487,11,6,1,1,4,180,2,0,0
"754",754,24487011007,66,653,24487,11,7,1,1,3,190,2,1,1
"755",755,24487011010,66,653,24487,11,10,1,1,4,300,3,0,0
"756",756,24487011013,66,653,24487,11,13,1,1,4,280,5,0,0
"757",757,24487011014,66,653,24487,11,14,1,1,4,250,2,0,0
"758",758,24541019001,66,657,24541,19,1,1,1,3,200,4,1,0
"759",759,24541019003,66,657,24541,19,3,1,1,3,180,2,1,1
"760",760,24541019005,66,657,24541,19,5,1,1,3,200,2,1,1
"761",761,24541019009,66,657,24541,19,9,1,1,3,200,2,1,1
"762",762,24541019010,66,657,24541,19,10,1,1,3,200,4,1,0
"763",763,24541019012,66,657,24541,19,12,1,1,3,200,2,1,1
"764",764,24541019013,66,657,24541,19,13,1,1,3,200,2,1,1
"765",765,24562017002,66,657,24562,17,2,1,1,6,45,2,0,0
"766",766,24562017007,66,657,24562,17,7,1,1,5,200,2,0,0
"767",767,24562017008,66,657,24562,17,8,1,1,4,110,2,0,0
"768",768,24562017010,66,657,24562,17,10,1,2,3,180,4,1,0
"769",769,24565009001,66,655,24565,9,1,1,1,3,200,2,1,1
"770",770,24565009002,66,655,24565,9,2,1,1,3,250,2,1,1
"771",771,24565009003,66,655,24565,9,3,1,1,3,200,3,1,1
"772",772,24565009004,66,655,24565,9,4,1,1,3,150,4,1,0
"773",773,24565009005,66,655,24565,9,5,1,1,3,200,2,1,1
"774",774,24565009009,66,655,24565,9,9,1,1,2,100,2,1,1
"775",775,24565009011,66,655,24565,9,11,1,1,5,110,2,0,0
"776",776,24565009012,66,655,24565,9,12,1,1,4,110,2,0,0
"777",777,24565009013,66,655,24565,9,13,1,1,4,100,2,0,0
"778",778,24565009014,66,655,24565,9,14,1,5,4,140,2,0,0
"779",779,24565009015,66,655,24565,9,15,1,1,4,110,2,0,0
"780",780,24617026001,67,660,24617,26,1,1,1,3,100,2,1,1
"781",781,24617026006,67,660,24617,26,6,1,1,2,300,3,1,1
"782",782,24617026007,67,660,24617,26,7,1,1,3,250,4,1,0
"783",783,24617026008,67,660,24617,26,8,1,1,3,100,4,1,0
"784",784,24617026011,67,660,24617,26,11,1,2,2,100,4,1,0
"785",785,24617026012,67,660,24617,26,12,1,1,3,250,4,1,0
"786",786,24617026015,67,660,24617,26,15,1,1,4,500,2,0,0
"787",787,24622004001,67,661,24622,4,1,1,1,3,5,4,1,0
"788",788,24622004003,67,661,24622,4,3,1,1,3,4,4,1,0
"789",789,24622004005,67,661,24622,4,5,1,1,3,6,4,1,0
"790",790,24622004006,67,661,24622,4,6,1,1,1,200,4,1,0
"791",791,24622004007,67,661,24622,4,7,1,1,2,250,4,1,0
"792",792,24622004008,67,661,24622,4,8,1,1,2,220,4,1,0
"793",793,24622004009,67,661,24622,4,9,1,1,2,200,4,1,0
"794",794,24622004010,67,661,24622,4,10,1,1,3,250,4,1,0
"795",795,24622004013,67,661,24622,4,13,1,1,2,3,4,1,0
"796",796,24622004016,67,661,24622,4,16,1,1,3,5,4,1,0
"797",797,24655013001,67,662,24655,13,1,1,1,8,12,2,0,0
"798",798,24667001001,67,663,24667,1,1,1,1,2,80,2,1,1
"799",799,24667001002,67,663,24667,1,2,1,1,2,50,2,1,1
"800",800,24667001004,67,663,24667,1,4,1,1,5,50,2,0,0
"801",801,24667001007,67,663,24667,1,7,1,2,2,450,4,0,0
"802",802,24667001008,67,663,24667,1,8,1,3,5,40,4,0,0
"803",803,24667001009,67,663,24667,1,9,1,2,2,480,2,0,0
"804",804,24667001010,67,663,24667,1,10,1,2,2,450,4,0,0
"805",805,24667001011,67,663,24667,1,11,1,1,3,120,4,1,0
"806",806,24667001014,67,663,24667,1,14,1,1,2,100,2,1,1
"807",807,24667001015,67,663,24667,1,15,1,1,2,500,2,0,0
"808",808,24688012004,67,664,24688,12,4,1,2,4,435,3,0,0
"809",809,24688012005,67,664,24688,12,5,1,2,5,477,2,0,0
"810",810,24688012006,67,664,24688,12,6,1,2,5,455,3,0,0
"811",811,24688012007,67,664,24688,12,7,1,2,4,460,3,0,0
"812",812,24688012009,67,664,24688,12,9,1,2,3,250,3,1,1
"813",813,24688012010,67,664,24688,12,10,1,2,4,200,3,0,0
"814",814,24688012011,67,664,24688,12,11,1,2,3,200,3,1,1
"815",815,24688012014,67,664,24688,12,14,1,2,3,200,3,1,1
"816",816,24688012015,67,664,24688,12,15,1,2,3,200,3,1,1
"817",817,24709006003,67,664,24709,6,3,1,2,5,465,3,0,0
"818",818,24709006005,67,664,24709,6,5,1,1,4,455,2,0,0
"819",819,24709006006,67,664,24709,6,6,1,1,4,470,3,0,0
"820",820,24709006008,67,664,24709,6,8,1,1,3,250,2,1,1
"821",821,24709006009,67,664,24709,6,9,1,1,3,200,2,1,1
"822",822,24709006010,67,664,24709,6,10,1,2,3,250,3,1,1
"823",823,24709006012,67,664,24709,6,12,1,2,3,200,3,1,1
"824",824,24709006014,67,664,24709,6,14,1,1,3,200,2,1,1
"825",825,24709006015,67,664,24709,6,15,1,1,3,200,2,1,1
"826",826,24709006016,67,664,24709,6,16,1,2,3,200,3,1,1
"827",827,24724016002,67,665,24724,16,2,1,1,4,13,3,0,0
"828",828,24724016003,67,665,24724,16,3,1,1,4,15,3,0,0
"829",829,24724016004,67,665,24724,16,4,1,1,4,14,3,0,0
"830",830,24724016007,67,665,24724,16,7,1,1,3,18,3,1,1
"831",831,24724016008,67,665,24724,16,8,1,1,4,16,3,0,0
"832",832,24724016009,67,665,24724,16,9,1,1,3,13,3,1,1
"833",833,24724016010,67,665,24724,16,10,1,1,4,15,3,0,0
"834",834,24724016012,67,665,24724,16,12,1,1,4,16,3,0,0
"835",835,24724016014,67,665,24724,16,14,1,1,3,14,3,1,1
"836",836,24724016016,67,665,24724,16,16,1,1,3,8,2,1,1
"837",837,24750023001,67,666,24750,23,1,1,3,3,45,3,1,1
"838",838,24750023003,67,666,24750,23,3,1,2,3,95,3,1,1
"839",839,24750023004,67,666,24750,23,4,1,1,2,120,2,1,1
"840",840,24750023005,67,666,24750,23,5,1,2,2,80,3,1,1
"841",841,24750023009,67,666,24750,23,9,1,1,3,70,2,1,1
"842",842,24750023010,67,666,24750,23,10,1,1,3,100,2,1,1
"843",843,24750023012,67,666,24750,23,12,1,1,4,100,2,0,0
"844",844,24750023013,67,666,24750,23,13,1,1,3,120,2,1,1
"845",845,24750023015,67,666,24750,23,15,1,1,4,100,2,0,0
"846",846,24750023017,67,666,24750,23,17,1,2,3,120,2,1,1
"847",847,24763024002,67,666,24763,24,2,1,1,2,95,2,1,1
"848",848,24763024003,67,666,24763,24,3,1,2,1,15,2,1,1
"849",849,24763024004,67,666,24763,24,4,1,1,2,115,2,1,1
"850",850,24763024005,67,666,24763,24,5,1,2,3,60,2,1,1
"851",851,24763024006,67,666,24763,24,6,1,1,3,95,2,1,1
"852",852,24763024007,67,666,24763,24,7,1,2,3,80,3,1,1
"853",853,24763024008,67,666,24763,24,8,1,1,3,90,2,1,1
"854",854,24763024009,67,666,24763,24,9,1,1,2,115,2,1,1
"855",855,24763024011,67,666,24763,24,11,1,1,2,100,2,1,1
"856",856,24763024013,67,666,24763,24,13,1,1,3,120,2,1,1
"857",857,24763024014,67,666,24763,24,14,1,2,3,115,2,1,1
"858",858,24763024016,67,666,24763,24,16,1,1,2,150,2,1,1
"859",859,24811011001,68,672,24811,11,1,1,1,99,1,2,0,0
"860",860,24811011003,68,672,24811,11,3,1,1,99,1.5,4,0,0
"861",861,24811011005,68,672,24811,11,5,1,1,5,3,2,0,0
"862",862,24811011006,68,672,24811,11,6,1,1,5,3,2,0,0
"863",863,24811011011,68,672,24811,11,11,1,5,99,1.5,4,0,0
"864",864,24829039003,68,673,24829,39,3,1,1,1,15,4,1,0
"865",865,24829039005,68,673,24829,39,5,1,1,1,150,2,1,1
"866",866,24829039006,68,673,24829,39,6,1,1,2,200,3,1,1
"867",867,24829039010,68,673,24829,39,10,1,1,2,60,4,1,0
"868",868,24829039015,68,673,24829,39,15,1,1,1,10,4,1,0
"869",869,24904015001,68,676,24904,15,1,1,2,2,350,2,1,1
"870",870,24904015002,68,676,24904,15,2,1,1,2,300,2,1,1
"871",871,24904015003,68,676,24904,15,3,1,1,2,350,2,1,1
"872",872,24904015004,68,676,24904,15,4,1,1,3,350,2,1,1
"873",873,24904015007,68,676,24904,15,7,1,2,4,300,2,0,0
"874",874,24904015009,68,676,24904,15,9,1,1,2,320,2,1,1
"875",875,24904015013,68,676,24904,15,13,1,1,3,350,2,1,1
"876",876,24904015015,68,676,24904,15,15,1,3,2,400,2,1,1
"877",877,24988013004,68,678,24988,13,4,1,3,3,100,2,1,1
"878",878,24988013005,68,678,24988,13,5,1,1,2,70,2,1,1
"879",879,24988013007,68,678,24988,13,7,1,1,2,60,4,1,0
"880",880,24988013009,68,678,24988,13,9,1,1,3,5,2,1,1
"881",881,24988013011,68,678,24988,13,11,1,1,2,4,2,1,1
"882",882,24988013012,68,678,24988,13,12,1,3,3,100,2,1,1
"883",883,24988013013,68,678,24988,13,13,1,3,3,100,2,1,1
"884",884,24997007003,68,678,24997,7,3,1,2,99,8,4,0,0
"885",885,24997007004,68,678,24997,7,4,1,1,2,50,2,1,1
"886",886,24997007005,68,678,24997,7,5,1,1,3,50,2,1,1
"887",887,24997007006,68,678,24997,7,6,1,1,2,45,2,1,1
"888",888,24997007012,68,678,24997,7,12,1,1,2,4.5,2,1,1
"889",889,24997007013,68,678,24997,7,13,1,1,2,5,4,1,0
"890",890,25078012001,68,680,25078,12,1,1,1,2,20,4,1,0
"891",891,25078012002,68,680,25078,12,2,1,1,2,20,4,1,0
"892",892,25078012003,68,680,25078,12,3,1,1,1,25,4,1,0
"893",893,25078012004,68,680,25078,12,4,1,1,2,20,4,1,0
"894",894,25078012005,68,680,25078,12,5,1,1,1,20,4,1,0
"895",895,25078012007,68,680,25078,12,7,1,1,1,25,4,1,0
"896",896,25078012008,68,680,25078,12,8,1,1,1,30,4,1,0
"897",897,25078012009,68,680,25078,12,9,1,1,1,25,4,1,0
"898",898,25078012010,68,680,25078,12,10,1,1,1,20,2,1,1
"899",899,25078012011,68,680,25078,12,11,1,1,1,20,2,1,1
"900",900,25078012012,68,680,25078,12,12,1,1,1,22,4,1,0
"901",901,25078012013,68,680,25078,12,13,1,1,1,30,3,1,1
"902",902,25078012017,68,680,25078,12,17,1,1,1,30,4,1,0
"903",903,32086012002,96,967,32086,12,2,1,NA,NA,NA,NA,NA,NA
"904",904,32086012007,96,967,32086,12,7,1,NA,NA,NA,NA,NA,NA
"905",905,32086012011,96,967,32086,12,11,1,NA,NA,NA,NA,NA,NA
"906",906,32086012014,96,967,32086,12,14,1,NA,NA,NA,NA,NA,NA
"907",907,32086012015,96,967,32086,12,15,1,NA,NA,NA,NA,NA,NA
"908",908,32245003003,96,973,32245,3,3,1,NA,NA,NA,NA,NA,NA
"909",909,23320001001,62,608,23320,1,1,4,2,5,1000,2,0,0
"910",910,23427002011,62,612,23427,2,11,4,1,2,100,3,1,1
"911",911,23427002012,62,612,23427,2,12,4,1,2,100,2,1,1
"912",912,23427002013,62,612,23427,2,13,4,1,2,80,2,1,1
"913",913,23437001001,62,612,23437,1,1,4,1,3,70,3,1,1
"914",914,23437001003,62,612,23437,1,3,4,1,3,80,3,1,1
"915",915,23437001006,62,612,23437,1,6,4,1,3,80,3,1,1
"916",916,23437001011,62,612,23437,1,11,4,1,3,70,3,1,1
"917",917,23437001012,62,612,23437,1,12,4,1,2,80,3,1,1
"918",918,23437001013,62,612,23437,1,13,4,1,3,80,3,1,1
"919",919,23455005003,62,613,23455,5,3,4,1,2,2000,4,0,0
"920",920,23455005014,62,613,23455,5,14,4,1,1,1000,4,0,0
"921",921,23515008001,62,615,23515,8,1,4,1,1,350,4,1,0
"922",922,23515008002,62,615,23515,8,2,4,1,3,400,4,1,0
"923",923,23515008006,62,615,23515,8,6,4,2,3,400,4,1,0
"924",924,23515008008,62,615,23515,8,8,4,1,2,250,4,1,0
"925",925,23515008012,62,615,23515,8,12,4,1,3,300,2,1,1
"926",926,23579007002,64,622,23579,7,2,4,3,3,7,4,1,0
"927",927,23579007007,64,622,23579,7,7,4,3,3,8,2,1,1
"928",928,23579007008,64,622,23579,7,8,4,1,3,12,2,1,1
"929",929,23579007010,64,622,23579,7,10,4,1,3,13,2,1,1
"930",930,23638030019,64,625,23638,30,19,4,1,3,78000,2,0,0
"931",931,23677006005,64,626,23677,6,5,4,1,3,185,2,1,1
"932",932,23677006006,64,626,23677,6,6,4,1,4,210,2,0,0
"933",933,23677006009,64,626,23677,6,9,4,1,4,185,2,0,0
"934",934,23677006011,64,626,23677,6,11,4,1,3,250,2,1,1
"935",935,23677006012,64,626,23677,6,12,4,1,4,185,2,0,0
"936",936,23677006013,64,626,23677,6,13,4,1,3,180,2,1,1
"937",937,23677006015,64,626,23677,6,15,4,1,4,180,2,0,0
"938",938,23731006004,64,627,23731,6,4,4,2,3,50,4,1,0
"939",939,23731006005,64,627,23731,6,5,4,2,3,50,2,1,1
"940",940,23731006006,64,627,23731,6,6,4,2,3,50,4,1,0
"941",941,23731006007,64,627,23731,6,7,4,2,3,50,2,1,1
"942",942,23731006008,64,627,23731,6,8,4,2,3,50,4,1,0
"943",943,23731006010,64,627,23731,6,10,4,2,3,52,2,1,1
"944",944,23731006011,64,627,23731,6,11,4,5,3,52,4,1,0
"945",945,23731006012,64,627,23731,6,12,4,2,3,55,2,1,1
"946",946,23731006013,64,627,23731,6,13,4,2,3,50,4,1,0
"947",947,23731006015,64,627,23731,6,15,4,5,99,50,4,0,0
"948",948,23737001001,64,627,23737,1,1,4,2,3,400,4,1,0
"949",949,23737001003,64,627,23737,1,3,4,2,4,400,4,0,0
"950",950,23737001004,64,627,23737,1,4,4,1,4,350,4,0,0
"951",951,23737001005,64,627,23737,1,5,4,2,4,400,4,0,0
"952",952,23737001006,64,627,23737,1,6,4,1,3,350,4,1,0
"953",953,23737001007,64,627,23737,1,7,4,2,4,400,4,0,0
"954",954,23737001008,64,627,23737,1,8,4,2,4,400,4,0,0
"955",955,23737001009,64,627,23737,1,9,4,1,3,350,4,1,0
"956",956,23737001010,64,627,23737,1,10,4,2,4,350,4,0,0
"957",957,23737001011,64,627,23737,1,11,4,1,4,350,4,0,0
"958",958,23737001013,64,627,23737,1,13,4,2,3,350,4,1,0
"959",959,23737001014,64,627,23737,1,14,4,1,4,380,4,0,0
"960",960,23737001015,64,627,23737,1,15,4,2,3,350,3,1,1
"961",961,23761005001,64,627,23761,5,1,4,2,3,50,4,1,0
"962",962,23761005002,64,627,23761,5,2,4,2,4,40,4,0,0
"963",963,23761005003,64,627,23761,5,3,4,2,3,40,4,1,0
"964",964,23761005004,64,627,23761,5,4,4,2,4,45,4,0,0
"965",965,23761005007,64,627,23761,5,7,4,2,3,45,4,1,0
"966",966,23761005008,64,627,23761,5,8,4,2,3,45,4,1,0
"967",967,23761005009,64,627,23761,5,9,4,2,4,40,4,0,0
"968",968,23761005011,64,627,23761,5,11,4,2,3,50,4,1,0
"969",969,23761005012,64,627,23761,5,12,4,2,3,50,4,1,0
"970",970,23761005014,64,627,23761,5,14,4,2,3,50,4,1,0
"971",971,23778004001,64,628,23778,4,1,4,2,3,100,2,1,1
"972",972,23778004002,64,628,23778,4,2,4,2,3,100,2,1,1
"973",973,23778004003,64,628,23778,4,3,4,2,3,110,2,1,1
"974",974,23778004004,64,628,23778,4,4,4,1,3,100,2,1,1
"975",975,23778004005,64,628,23778,4,5,4,1,2,80,2,1,1
"976",976,23778004006,64,628,23778,4,6,4,1,3,100,2,1,1
"977",977,23778004007,64,628,23778,4,7,4,1,3,100,2,1,1
"978",978,23778004008,64,628,23778,4,8,4,2,3,100,2,1,1
"979",979,23778004009,64,628,23778,4,9,4,2,3,90,2,1,1
"980",980,23778004010,64,628,23778,4,10,4,1,3,100,2,1,1
"981",981,23778004011,64,628,23778,4,11,4,1,3,80,2,1,1
"982",982,23778004012,64,628,23778,4,12,4,2,3,100,2,1,1
"983",983,23778004013,64,628,23778,4,13,4,2,3,100,2,1,1
"984",984,23778004014,64,628,23778,4,14,4,1,3,100,2,1,1
"985",985,23778004015,64,628,23778,4,15,4,2,3,110,2,1,1
"986",986,24163031001,66,643,24163,31,1,4,1,6,40,2,0,0
"987",987,24163031005,66,643,24163,31,5,4,1,6,50,2,0,0
"988",988,24163031006,66,643,24163,31,6,4,1,9,40,2,0,0
"989",989,24163031007,66,643,24163,31,7,4,1,5,30,2,0,0
"990",990,24163031008,66,643,24163,31,8,4,1,9,40,2,0,0
"991",991,24163031009,66,643,24163,31,9,4,1,4,40,2,0,0
"992",992,24163031010,66,643,24163,31,10,4,1,7,20,2,0,0
"993",993,24163031011,66,643,24163,31,11,4,1,9,40,2,0,0
"994",994,24163031012,66,643,24163,31,12,4,1,4,40,2,0,0
"995",995,24163031013,66,643,24163,31,13,4,1,6,40,2,0,0
"996",996,24181025002,66,645,24181,25,2,4,1,5,350,2,0,0
"997",997,24181025003,66,645,24181,25,3,4,1,3,200,2,1,1
"998",998,24181025005,66,645,24181,25,5,4,1,3,200,2,1,1
"999",999,24181025006,66,645,24181,25,6,4,1,3,200,2,1,1
"1000",1000,24181025007,66,645,24181,25,7,4,1,4,200,2,0,0
"1001",1001,24181025009,66,645,24181,25,9,4,1,3,300,2,1,1
"1002",1002,24181025014,66,645,24181,25,14,4,1,4,200,2,0,0
"1003",1003,24184004008,66,645,24184,4,8,4,1,4,350,2,0,0
"1004",1004,24184004012,66,645,24184,4,12,4,1,4,240,2,0,0
"1005",1005,24184004013,66,645,24184,4,13,4,1,5,400,2,0,0
"1006",1006,24184004015,66,645,24184,4,15,4,1,4,300,4,0,0
"1007",1007,24207009001,66,645,24207,9,1,4,1,5,390,2,0,0
"1008",1008,24207009002,66,645,24207,9,2,4,1,5,350,2,0,0
"1009",1009,24207009004,66,645,24207,9,4,4,1,5,300,4,0,0
"1010",1010,24207009005,66,645,24207,9,5,4,1,4,300,4,0,0
"1011",1011,24207009007,66,645,24207,9,7,4,1,4,420,2,0,0
"1012",1012,24207009008,66,645,24207,9,8,4,1,360,4,2,0,0
"1013",1013,24207009010,66,645,24207,9,10,4,1,6,320,2,0,0
"1014",1014,24207009011,66,645,24207,9,11,4,1,5,350,4,0,0
"1015",1015,24207009012,66,645,24207,9,12,4,1,4,400,2,0,0
"1016",1016,24207009015,66,645,24207,9,15,4,1,5,350,4,0,0
"1017",1017,24274004001,66,648,24274,4,1,4,1,3,150,2,1,1
"1018",1018,24274004002,66,648,24274,4,2,4,1,3,120,2,1,1
"1019",1019,24274004003,66,648,24274,4,3,4,1,3,150,2,1,1
"1020",1020,24274004004,66,648,24274,4,4,4,1,2,130,2,1,1
"1021",1021,24274004005,66,648,24274,4,5,4,1,3,150,2,1,1
"1022",1022,24274004006,66,648,24274,4,6,4,1,3,105,2,1,1
"1023",1023,24274004008,66,648,24274,4,8,4,1,3,120,2,1,1
"1024",1024,24274004009,66,648,24274,4,9,4,1,3,140,2,1,1
"1025",1025,24274004010,66,648,24274,4,10,4,1,3,100,2,1,1
"1026",1026,24274004011,66,648,24274,4,11,4,1,3,150,2,1,1
"1027",1027,24274004012,66,648,24274,4,12,4,1,3,110,2,1,1
"1028",1028,24274004013,66,648,24274,4,13,4,1,3,120,2,1,1
"1029",1029,24274004014,66,648,24274,4,14,4,1,2,110,2,1,1
"1030",1030,24274004015,66,648,24274,4,15,4,1,3,130,2,1,1
"1031",1031,24313020001,66,649,24313,20,1,4,1,4,180,2,0,0
"1032",1032,24313020002,66,649,24313,20,2,4,1,3,120,2,1,1
"1033",1033,24313020003,66,649,24313,20,3,4,1,3,200,2,1,1
"1034",1034,24313020005,66,649,24313,20,5,4,1,3,200,2,1,1
"1035",1035,24313020006,66,649,24313,20,6,4,1,3,120,2,1,1
"1036",1036,24313020007,66,649,24313,20,7,4,1,3,220,2,1,1
"1037",1037,24313020008,66,649,24313,20,8,4,1,3,100,2,1,1
"1038",1038,24313020009,66,649,24313,20,9,4,1,4,180,2,0,0
"1039",1039,24313020010,66,649,24313,20,10,4,1,3,110,2,1,1
"1040",1040,24313020011,66,649,24313,20,11,4,1,3,180,2,1,1
"1041",1041,24313020012,66,649,24313,20,12,4,1,2,100,2,1,1
"1042",1042,24313020013,66,649,24313,20,13,4,1,4,200,2,0,0
"1043",1043,24313020014,66,649,24313,20,14,4,1,2,120,2,1,1
"1044",1044,24313020015,66,649,24313,20,15,4,1,4,160,2,0,0
"1045",1045,24331020002,66,644,24331,20,2,4,1,5,200,2,0,0
"1046",1046,24331020003,66,644,24331,20,3,4,1,180,4,2,0,0
"1047",1047,24331020004,66,644,24331,20,4,4,1,5,200,2,0,0
"1048",1048,24331020005,66,644,24331,20,5,4,1,5,190,2,0,0
"1049",1049,24331020006,66,644,24331,20,6,4,1,4,170,2,0,0
"1050",1050,24331020007,66,644,24331,20,7,4,1,5,200,2,0,0
"1051",1051,24331020008,66,644,24331,20,8,4,1,4,200,2,0,0
"1052",1052,24331020009,66,644,24331,20,9,4,1,4,200,2,0,0
"1053",1053,24331020010,66,644,24331,20,10,4,1,4,200,2,0,0
"1054",1054,24331020011,66,644,24331,20,11,4,1,4,180,2,0,0
"1055",1055,24331020012,66,644,24331,20,12,4,1,4,190,2,0,0
"1056",1056,24331020014,66,644,24331,20,14,4,1,4,180,2,0,0
"1057",1057,24331020015,66,644,24331,20,15,4,1,4,180,2,0,0
"1058",1058,24370019001,66,650,24370,19,1,4,2,2,190,2,1,1
"1059",1059,24370019003,66,650,24370,19,3,4,1,3,190,2,1,1
"1060",1060,24370019004,66,650,24370,19,4,4,1,3,200,2,1,1
"1061",1061,24370019005,66,650,24370,19,5,4,1,3,200,2,1,1
"1062",1062,24370019006,66,650,24370,19,6,4,1,3,160,4,1,0
"1063",1063,24370019007,66,650,24370,19,7,4,1,3,150,2,1,1
"1064",1064,24370019008,66,650,24370,19,8,4,1,3,150,4,1,0
"1065",1065,24370019010,66,650,24370,19,10,4,1,3,160,4,1,0
"1066",1066,24370019011,66,650,24370,19,11,4,1,3,200,2,1,1
"1067",1067,24370019012,66,650,24370,19,12,4,1,3,250,2,1,1
"1068",1068,24370019013,66,650,24370,19,13,4,1,3,250,2,1,1
"1069",1069,24370019014,66,650,24370,19,14,4,1,3,220,2,1,1
"1070",1070,24370019015,66,650,24370,19,15,4,1,3,220,2,1,1
"1071",1071,24376012007,66,651,24376,12,7,4,2,3,90,3,1,1
"1072",1072,24376012008,66,651,24376,12,8,4,1,4,80,2,0,0
"1073",1073,24457007001,66,653,24457,7,1,4,1,4,320,2,0,0
"1074",1074,24457007003,66,653,24457,7,3,4,1,5,280,2,0,0
"1075",1075,24457007005,66,653,24457,7,5,4,1,5,280,2,0,0
"1076",1076,24457007006,66,653,24457,7,6,4,1,4,320,3,0,0
"1077",1077,24457007007,66,653,24457,7,7,4,1,4,300,2,0,0
"1078",1078,24457007009,66,653,24457,7,9,4,1,4,250,2,0,0
"1079",1079,24457007010,66,653,24457,7,10,4,1,4,240,2,0,0
"1080",1080,24457007012,66,653,24457,7,12,4,1,4,220,2,0,0
"1081",1081,24502018004,66,654,24502,18,4,4,1,3,42,2,1,1
"1082",1082,24502018010,66,654,24502,18,10,4,1,3,42,2,1,1
"1083",1083,24502018012,66,654,24502,18,12,4,1,3,45,2,1,1
"1084",1084,24502018013,66,654,24502,18,13,4,1,3,40,2,1,1
"1085",1085,24517022001,66,654,24517,22,1,4,2,3,45,2,1,1
"1086",1086,24517022003,66,654,24517,22,3,4,1,2,35,2,1,1
"1087",1087,24517022004,66,654,24517,22,4,4,2,3,45,2,1,1
"1088",1088,24517022005,66,654,24517,22,5,4,2,3,50,2,1,1
"1089",1089,24517022006,66,654,24517,22,6,4,2,3,45,2,1,1
"1090",1090,24517022007,66,654,24517,22,7,4,2,3,42,2,1,1
"1091",1091,24517022008,66,654,24517,22,8,4,2,3,40,2,1,1
"1092",1092,24517022009,66,654,24517,22,9,4,2,3,45,2,1,1
"1093",1093,24517022010,66,654,24517,22,10,4,2,3,50,2,1,1
"1094",1094,24517022011,66,654,24517,22,11,4,2,3,40,2,1,1
"1095",1095,24517022012,66,654,24517,22,12,4,2,3,45,2,1,1
"1096",1096,24517022013,66,654,24517,22,13,4,2,3,45,2,1,1
"1097",1097,24517022014,66,654,24517,22,14,4,2,3,42,2,1,1
"1098",1098,24517022015,66,654,24517,22,15,4,2,3,45,2,1,1
"1099",1099,24550028004,66,657,24550,28,4,4,1,5,80,2,0,0
"1100",1100,24550028005,66,657,24550,28,5,4,1,5,80,2,0,0
"1101",1101,24550028006,66,657,24550,28,6,4,1,5,100,2,0,0
"1102",1102,24550028009,66,657,24550,28,9,4,1,4,200,2,0,0
"1103",1103,24550028012,66,657,24550,28,12,4,1,5,100,2,0,0
"1104",1104,24550028013,66,657,24550,28,13,4,1,5,100,2,0,0
"1105",1105,24550028014,66,657,24550,28,14,4,1,4,100,2,0,0
"1106",1106,24607007001,66,656,24607,7,1,4,2,3,100,2,1,1
"1107",1107,24607007002,66,656,24607,7,2,4,1,4,200,2,0,0
"1108",1108,24607007003,66,656,24607,7,3,4,1,3,180,2,1,1
"1109",1109,24607007006,66,656,24607,7,6,4,1,3,170,2,1,1
"1110",1110,24607007007,66,656,24607,7,7,4,1,3,150,2,1,1
"1111",1111,24607007008,66,656,24607,7,8,4,1,4,400,2,0,0
"1112",1112,24607007009,66,656,24607,7,9,4,2,3,180,4,1,0
"1113",1113,24607007011,66,656,24607,7,11,4,1,3,160,2,1,1
"1114",1114,24607007012,66,656,24607,7,12,4,2,3,150,2,1,1
"1115",1115,24607007013,66,656,24607,7,13,4,1,3,180,4,1,0
"1116",1116,24607007014,66,656,24607,7,14,4,2,3,100,4,1,0
"1117",1117,24607007015,66,656,24607,7,15,4,2,3,180,2,1,1
"1118",1118,24611003008,67,660,24611,3,8,4,1,3,1000,4,0,0
"1119",1119,24611003010,67,660,24611,3,10,4,1,2,2000,3,0,0
"1120",1120,24611003011,67,660,24611,3,11,4,1,2,3000,4,0,0
"1121",1121,24611003017,67,660,24611,3,17,4,1,2,90000,3,0,0
"1122",1122,24619015002,67,660,24619,15,2,4,1,2,200,4,1,0
"1123",1123,24619015005,67,660,24619,15,5,4,1,4,500,4,0,0
"1124",1124,24619015006,67,660,24619,15,6,4,2,3,300,3,1,1
"1125",1125,24619015007,67,660,24619,15,7,4,1,3,500,2,0,0
"1126",1126,24619015008,67,660,24619,15,8,4,1,3,500,4,0,0
"1127",1127,24619015009,67,660,24619,15,9,4,1,3,250,3,1,1
"1128",1128,24619015010,67,660,24619,15,10,4,2,3,300,3,1,1
"1129",1129,24619015012,67,660,24619,15,12,4,1,3,350,2,1,1
"1130",1130,24619015022,67,660,24619,15,22,4,1,3,300,3,1,1
"1131",1131,24658003001,67,662,24658,3,1,4,1,8,24,2,0,0
"1132",1132,24658003006,67,662,24658,3,6,4,1,6,130,4,0,0
"1133",1133,24658003007,67,662,24658,3,7,4,1,6,120,4,0,0
"1134",1134,24658003008,67,662,24658,3,8,4,1,6,130,4,0,0
"1135",1135,24658003009,67,662,24658,3,9,4,1,4,100,4,0,0
"1136",1136,24658003014,67,662,24658,3,14,4,1,3,160,2,1,1
"1137",1137,24676017001,67,663,24676,17,1,4,1,3,89,2,1,1
"1138",1138,24676017003,67,663,24676,17,3,4,1,2,80,2,1,1
"1139",1139,24676017004,67,663,24676,17,4,4,1,2,85,2,1,1
"1140",1140,24676017005,67,663,24676,17,5,4,2,2,95,2,1,1
"1141",1141,24676017006,67,663,24676,17,6,4,2,3,390,2,1,1
"1142",1142,24676017007,67,663,24676,17,7,4,2,3,450,2,0,0
"1143",1143,24676017009,67,663,24676,17,9,4,1,3,320,2,1,1
"1144",1144,24676017011,67,663,24676,17,11,4,1,3,85,2,1,1
"1145",1145,24676017012,67,663,24676,17,12,4,1,3,90,2,1,1
"1146",1146,24676017013,67,663,24676,17,13,4,1,3,85,2,1,1
"1147",1147,24676017015,67,663,24676,17,15,4,1,3,90,2,1,1
"1148",1148,24715012002,67,664,24715,12,2,4,1,4,300,3,0,0
"1149",1149,24715012003,67,664,24715,12,3,4,1,3,250,3,1,1
"1150",1150,24715012004,67,664,24715,12,4,4,1,3,300,3,1,1
"1151",1151,24715012005,67,664,24715,12,5,4,1,5,250,3,0,0
"1152",1152,24715012006,67,664,24715,12,6,4,1,3,220,2,1,1
"1153",1153,24715012007,67,664,24715,12,7,4,2,2,200,4,1,0
"1154",1154,24715012008,67,664,24715,12,8,4,2,3,200,3,1,1
"1155",1155,24715012009,67,664,24715,12,9,4,2,3,200,3,1,1
"1156",1156,24715012010,67,664,24715,12,10,4,1,6,658,2,0,0
"1157",1157,24715012011,67,664,24715,12,11,4,2,3,200,3,1,1
"1158",1158,24715012012,67,664,24715,12,12,4,1,6,695,2,0,0
"1159",1159,24715012013,67,664,24715,12,13,4,1,6,725,2,0,0
"1160",1160,24715012015,67,664,24715,12,15,4,1,5,655,2,0,0
"1161",1161,24719008001,67,665,24719,8,1,4,1,3,21,1,1,1
"1162",1162,24719008002,67,665,24719,8,2,4,1,3,20,2,1,1
"1163",1163,24719008003,67,665,24719,8,3,4,1,3,22,1,1,1
"1164",1164,24719008004,67,665,24719,8,4,4,1,3,20,1,1,1
"1165",1165,24719008005,67,665,24719,8,5,4,1,2,19,1,1,1
"1166",1166,24719008006,67,665,24719,8,6,4,1,3,21,1,1,1
"1167",1167,24719008007,67,665,24719,8,7,4,1,3,19,1,1,1
"1168",1168,24719008008,67,665,24719,8,8,4,1,3,19,1,1,1
"1169",1169,24719008009,67,665,24719,8,9,4,1,3,19,1,1,1
"1170",1170,24719008010,67,665,24719,8,10,4,1,2,18,1,1,1
"1171",1171,24719008011,67,665,24719,8,11,4,1,2,18,1,1,1
"1172",1172,24719008012,67,665,24719,8,12,4,1,3,21,2,1,1
"1173",1173,24719008016,67,665,24719,8,16,4,1,3,22,1,1,1
"1174",1174,24719008017,67,665,24719,8,17,4,1,4,19,1,0,0
"1175",1175,24742014002,67,667,24742,14,2,4,1,3,200,2,1,1
"1176",1176,24742014003,67,667,24742,14,3,4,1,3,150,2,1,1
"1177",1177,24742014004,67,667,24742,14,4,4,1,3,95,2,1,1
"1178",1178,24742014005,67,667,24742,14,5,4,1,2,93,2,1,1
"1179",1179,24742014006,67,667,24742,14,6,4,1,3,90,2,1,1
"1180",1180,24742014007,67,667,24742,14,7,4,1,3,90,2,1,1
"1181",1181,24742014008,67,667,24742,14,8,4,1,3,200,2,1,1
"1182",1182,24742014010,67,667,24742,14,10,4,1,3,100,2,1,1
"1183",1183,24742014011,67,667,24742,14,11,4,1,4,150,2,0,0
"1184",1184,24742014012,67,667,24742,14,12,4,2,4,200,2,0,0
"1185",1185,24742014013,67,667,24742,14,13,4,1,2,200,2,1,1
"1186",1186,24742014014,67,667,24742,14,14,4,2,3,200,2,1,1
"1187",1187,24742014016,67,667,24742,14,16,4,2,1,200,2,1,1
"1188",1188,24742014021,67,667,24742,14,21,4,1,4,200,2,0,0
"1189",1189,24760019002,67,666,24760,19,2,4,1,3,100,2,1,1
"1190",1190,24760019003,67,666,24760,19,3,4,1,3,100,1,1,1
"1191",1191,24760019004,67,666,24760,19,4,4,1,4,100,2,0,0
"1192",1192,24760019005,67,666,24760,19,5,4,1,4,100,1,0,0
"1193",1193,24760019006,67,666,24760,19,6,4,1,3,100,2,1,1
"1194",1194,24760019007,67,666,24760,19,7,4,1,4,100,2,0,0
"1195",1195,24760019008,67,666,24760,19,8,4,1,3,100,2,1,1
"1196",1196,24760019009,67,666,24760,19,9,4,1,4,100,2,0,0
"1197",1197,24760019010,67,666,24760,19,10,4,1,3,100,2,1,1
"1198",1198,24760019011,67,666,24760,19,11,4,1,3,100,2,1,1
"1199",1199,24760019012,67,666,24760,19,12,4,1,4,100,2,0,0
"1200",1200,24760019013,67,666,24760,19,13,4,1,3,30,2,1,1
"1201",1201,24760019014,67,666,24760,19,14,4,1,3,100,2,1,1
"1202",1202,24760019015,67,666,24760,19,15,4,1,3,100,2,1,1
"1203",1203,24799005014,68,672,24799,5,14,4,1,8,3,3,0,0
"1204",1204,24799005015,68,672,24799,5,15,4,1,10,4,3,0,0
"1205",1205,24805007003,68,672,24805,7,3,4,1,3,0.5,4,1,0
"1206",1206,24805007006,68,672,24805,7,6,4,1,5,3,3,0,0
"1207",1207,24805007007,68,672,24805,7,7,4,1,3,1,4,1,0
"1208",1208,24871011006,68,676,24871,11,6,4,1,3,250,2,1,1
"1209",1209,24871011009,68,676,24871,11,9,4,1,2,210,2,1,1
"1210",1210,24871011011,68,676,24871,11,11,4,1,2,100,4,1,0
"1211",1211,24910030001,68,676,24910,30,1,4,1,2,420,2,0,0
"1212",1212,24910030002,68,676,24910,30,2,4,1,3,350,2,1,1
"1213",1213,24910030003,68,676,24910,30,3,4,1,2,200,2,1,1
"1214",1214,24910030004,68,676,24910,30,4,4,1,2,360,2,1,1
"1215",1215,24910030005,68,676,24910,30,5,4,1,3,300,2,1,1
"1216",1216,24910030006,68,676,24910,30,6,4,1,2,250,3,1,1
"1217",1217,24910030007,68,676,24910,30,7,4,1,2,300,2,1,1
"1218",1218,24910030009,68,676,24910,30,9,4,1,3,320,2,1,1
"1219",1219,24910030010,68,676,24910,30,10,4,1,2,220,2,1,1
"1220",1220,24910030012,68,676,24910,30,12,4,1,3,250,2,1,1
"1221",1221,24910030013,68,676,24910,30,13,4,1,3,150,2,1,1
"1222",1222,24910030014,68,676,24910,30,14,4,1,2,320,1,1,1
"1223",1223,24910030015,68,676,24910,30,15,4,1,2,380,2,1,1
"1224",1224,24919009003,68,676,24919,9,3,4,1,2,300,4,1,0
"1225",1225,24919009004,68,676,24919,9,4,4,1,2,230,2,1,1
"1226",1226,24919009006,68,676,24919,9,6,4,1,2,330,2,1,1
"1227",1227,24919009007,68,676,24919,9,7,4,1,2,220,3,1,1
"1228",1228,24919009008,68,676,24919,9,8,4,1,3,250,2,1,1
"1229",1229,24919009009,68,676,24919,9,9,4,1,2,200,4,1,0
"1230",1230,24919009010,68,676,24919,9,10,4,3,3,380,2,1,1
"1231",1231,24919009011,68,676,24919,9,11,4,1,2,300,2,1,1
"1232",1232,24919009012,68,676,24919,9,12,4,1,3,280,2,1,1
"1233",1233,24919009013,68,676,24919,9,13,4,1,3,200,2,1,1
"1234",1234,24919009014,68,676,24919,9,14,4,1,2,220,2,1,1
"1235",1235,24928028004,68,677,24928,28,4,4,1,2,50,4,1,0
"1236",1236,24928028011,68,677,24928,28,11,4,3,99,2,3,0,0
"1237",1237,24982027003,68,678,24982,27,3,4,1,2,30,2,1,1
"1238",1238,24982027009,68,678,24982,27,9,4,1,3,200,2,1,1
"1239",1239,24982027011,68,678,24982,27,11,4,1,3,200,2,1,1
"1240",1240,24982027015,68,678,24982,27,15,4,1,2,3,2,1,1
"1241",1241,25075013001,68,680,25075,13,1,4,1,1,150,2,1,1
"1242",1242,25075013003,68,680,25075,13,3,4,1,1,250,2,1,1
"1243",1243,25075013005,68,680,25075,13,5,4,1,1,100,4,1,0
"1244",1244,25075013007,68,680,25075,13,7,4,1,1,150,4,1,0
"1245",1245,25075013008,68,680,25075,13,8,4,1,1,200,2,1,1
"1246",1246,25075013009,68,680,25075,13,9,4,1,1,200,2,1,1
"1247",1247,25075013010,68,680,25075,13,10,4,1,1,200,2,1,1
"1248",1248,25075013011,68,680,25075,13,11,4,1,1,30,2,1,1
"1249",1249,25075013012,68,680,25075,13,12,4,1,1,30,2,1,1
"1250",1250,25075013013,68,680,25075,13,13,4,1,1,30,2,1,1
"1251",1251,25075013014,68,680,25075,13,14,4,1,1,30,2,1,1
"1252",1252,25075013015,68,680,25075,13,15,4,1,1,35,2,1,1
"1253",1253,25084037001,68,680,25084,37,1,4,1,1,30,2,1,1
"1254",1254,25084037002,68,680,25084,37,2,4,1,1,30,3,1,1
"1255",1255,25084037003,68,680,25084,37,3,4,1,2,30,2,1,1
"1256",1256,25084037004,68,680,25084,37,4,4,1,2,25,3,1,1
"1257",1257,25084037005,68,680,25084,37,5,4,1,1,25,2,1,1
"1258",1258,25084037006,68,680,25084,37,6,4,1,2,25,2,1,1
"1259",1259,25084037008,68,680,25084,37,8,4,1,1,30,2,1,1
"1260",1260,25084037009,68,680,25084,37,9,4,1,2,50,2,1,1
"1261",1261,25084037010,68,680,25084,37,10,4,1,1,70,2,1,1
"1262",1262,25084037011,68,680,25084,37,11,4,1,1,40,2,1,1
"1263",1263,25084037012,68,680,25084,37,12,4,1,1,50,2,1,1
"1264",1264,25084037014,68,680,25084,37,14,4,1,1,60,2,1,1
"1265",1265,25084037015,68,680,25084,37,15,4,1,2,80,2,1,1
"1266",1266,25093009001,68,680,25093,9,1,4,1,1,45,4,1,0
"1267",1267,25093009002,68,680,25093,9,2,4,1,1,40,4,1,0
"1268",1268,25093009003,68,680,25093,9,3,4,1,1,50,4,1,0
"1269",1269,25093009004,68,680,25093,9,4,4,1,1,60,4,1,0
"1270",1270,25093009005,68,680,25093,9,5,4,1,1,60,4,1,0
"1271",1271,25093009006,68,680,25093,9,6,4,1,1,50,4,1,0
"1272",1272,25093009007,68,680,25093,9,7,4,1,1,30,4,1,0
"1273",1273,25093009008,68,680,25093,9,8,4,1,1,45,4,1,0
"1274",1274,25093009009,68,680,25093,9,9,4,1,1,50,4,1,0
"1275",1275,25093009010,68,680,25093,9,10,4,1,1,40,4,1,0
"1276",1276,25093009011,68,680,25093,9,11,4,1,2,60,4,1,0
"1277",1277,25093009012,68,680,25093,9,12,4,1,1,30,4,1,0
"1278",1278,25093009013,68,680,25093,9,13,4,1,1,55,4,1,0
"1279",1279,25093009014,68,680,25093,9,14,4,1,1,50,4,1,0
