ID,IDHO,MATINH,MAHUYEN,MAXA,MADIABAN,HOSO,KYDIEUTRA,M4B113_C10,M4B113_C11,M4B113_C16,KINHDO,VIDO,Province_0,Region,IRRI_Pare0,Saltol,qSub1,OBJECTID,Area_ha,Land_Use_c,Province,Flood_norm,Flood_extr,Salinity_N,Salinity_E,LandUse_No,LandUse_Ex,LU_code_No,LU_code_Ex,Planting_W,Planting_S,Planting_A,Planting_1,Planting_2,Planting_3,Planting_4,Planting_5,T1_N,T2_N,T3_N,T4_N,T5_N,T6_N,T7_N,T8_N,T9_N,T10_N,T11_N,T12_N,T1_E,T2_E,T3_E,T4_E,T5_E,T6_E,T7_E,T8_E,T9_E,T10_E,T11_E,T12_E,geometry,
80-797-27763004005,27763004005,80,797,27763,4,5,2,14,2,160,105.6833816,10.9621148,Tinh Long An,6_MRD,IRRI-related (P),[+p]-Aus,[--],1181475,2.12,LUC,Long An,0,3,0,0,DX - HT,DX - HT,2,2,10.5,4.5,0,0,10.5,4.5,0,0,0,0,0,4.5,0,0,0,0,0,10.5,0,0,0,0,0,0,5,0,0,0,0,10.5,0,0,c(-81856.2370221901, 1217049.11795827)
80-797-27763004009,27763004009,80,797,27763,4,9,2,18,2,177,105.6608648,10.9506608,Tinh Long An,6_MRD,IRRI-related (P2),[--],[--],979020,22.42,LUC,Long An,3,2,0,0,DX - HT - TD,DX - HT,3,2,11.5,3.5,8,0,11.5,3.5,0,0,0,2,0,0,0,0,0,0,0,10,0,0,0,0,0,4,0,0,0,0,0,0,11.5,0,c(-84348.9318543462, 1215821.30411009)
80-797-27763004011,27763004011,80,797,27763,4,11,2,17,2,128,105.6751628,10.9708023,Tinh Long An,6_MRD,IRRI-related (P),[+p]-Aus,[--],1181431,14.15,LUC,Long An,0,3,0,0,DX - HT,DX - HT,2,2,10.5,4.5,0,0,10.5,4.5,0,0,0,0,0,4.5,0,0,0,0,0,10.5,0,0,0,0,0,0,5,0,0,0,0,10.5,0,0,c(-82740.730681369, 1218029.55414201)
80-799-27862007003,27862007003,80,799,27862,7,3,1,18,2,131,106.0724037,10.53825,Tinh Long An,6_MRD,NA,?,[--],768390,76.63,LUC,Long An,3,2,0,3,DX - HT - TD,DX - HT - TD,3,2,11.5,3.5,8,0,11.5,2,5,0,0,0,3.5,0,0,0,0,0,0,0,11,0,0,2,0,0,5,0,0,0,0,0,11.5,0,c(-39949.7172870123, 1169292.77077065)
80-799-27862007009,27862007009,80,799,27862,7,9,1,16,2,158,106.0296695,10.5290044,Tinh Long An,6_MRD,NA,[--],[--],1156120,53.88,LUC,Tien Giang,1,1,0,3,DX - HT - TD,DX - TD,3,2,11.5,2.5,6.5,0,11,0,6.5,0,0,2.5,3,0,0,6.5,7,0,0,0,11.5,12,0,0,0,0,0,6.5,7,0,0,0,11,0,c(-44658.0313297417, 1168341.20246776)
80-800-27883001009,27883001009,80,800,27883,1,9,2,11,2,151,106.2270253,10.6841565,Tinh Long An,6_MRD,NA,?,?,753612,0.85,LUC,Long An,2,1,3,3,DX - HT,DX - HT,2,2,10.5,4.5,0,0,11,5.5,0,0,0,0,0,4.5,0,0,0,0,0,10.5,0,0,0,0,0,0,5.5,6,0,0,0,0,11,0,c(-22726.4974111682, 1185214.54074704)
80-800-27883001015,27883001015,80,800,27883,1,15,2,11,2,167,106.2315188,10.6813796,Tinh Long An,6_MRD,NA,?,[--],754308,58.54,LUC,Long An,3,1,3,3,DX - HT,DX - HT,2,2,10.5,4.5,0,0,12,5.5,0,0,0,0,0,4.5,0,0,0,0,0,10.5,0,0,0,0,0,0,5.5,6,0,0,0,10.5,0,12,c(-22238.2569628574, 1184898.87479154)
80-801-27904015013,27904015013,80,801,27904,15,13,8,17,8,122,106.2379777,10.9341846,Tinh Long An,6_MRD,NA,[--],[--],772393,65.51,LUC,Long An,2,1,0,0,DX - HT - TD,DX - HT,3,2,11.5,5.5,8,0,12,5.5,0,0,0,0,0,0,5.5,0,0,8,0,0,11.5,12,0,0,0,0,5.5,0,0,0,0,0,0,12,c(-21091.5021638414, 1212930.97791029)
80-802-27952003009,27952003009,80,802,27952,3,9,1,25,2,178,106.3453659,10.9502417,Tinh Long An,6_MRD,IRRI-related line,[--],[--],1346912,43.75,LUC,Long An,0,0,0,0,DX - HT - TD,DX - HT - TD,3,3,11,5,8,0,11,5,8,0,0,0,0,0,5,0,0,8,0,0,11,0,0,0,0,0,5,0,0,8,0,0,11,0,c(-9292.75185662508, 1214527.98265675)
80-804-28045005001,28045005001,80,804,28045,5,1,6,19,6,121,106.3001916,10.655509,Tinh Long An,6_MRD,NA,[--],[--],1144153,16.76,LUC,Long An,2,1,2,2,DX - HT,DX - HT,2,2,12.5,5.5,0,0,12.5,5.5,0,0,0,0,0,0,5.5,0,0,0,0,0,0,12.5,0,0,0,0,5.5,0,0,0,0,0,11,0,c(-14747.8036799307, 1181913.69964128)
80-804-28045005007,28045005007,80,804,28045,5,7,6,15,6,127,106.3012758,10.6460966,Tinh Long An,6_MRD,NA,[--],[--],1144162,4.38,LUC,Long An,2,1,2,2,DX - HT,DX - HT,2,2,12.5,5.5,0,0,12.5,5.5,0,0,0,0,0,0,5.5,0,0,0,0,0,0,12.5,0,0,0,0,5.5,0,0,0,0,0,11,0,c(-14644.712518213, 1180867.88901292)
80-806-28129003013,28129003013,80,806,28129,3,13,7,15,7,182,106.5444206,10.5660739,Tinh Long An,6_MRD,NA,[--],[--],1301446,8.93,LUC,Long An,0,0,1,1,DX - HT,DX - HT,2,2,9.5,5.5,0,0,10,5.5,0,0,0,0,0,0,5.5,6,0,0,9.5,0,0,0,0,0,0,0,5.5,0,7,0,0,10,0,0,c(11901.1178052173, 1171600.24252814)
82-816-28318010001,28318010001,82,816,28318,10,1,7,14,7,170,106.6781127,10.3326657,Tinh Tien Giang,6_MRD,NA,[+p]-Aro,[--],1052812,30.96,LUC,Tien Giang,0,0,3,2,DX - HT - TD,DX - HT,3,2,12,5.5,9,0,10,5,0,0,0,0,0,0,5.5,6,0,0,9,0,0,12,0,0,0,0,5,0,0,0,0,10,0,0,c(26212.7843547501, 1145517.42567336)
82-819-28384002001,28384002001,82,819,28384,2,1,5,13,5,145,105.9392899,10.4489011,Tinh Tien Giang,6_MRD,IRRI-related line,[--],[--],997690,37.86,LUC,Tien Giang,1,1,0,0,DX - HT - TD,DX - HT - TD,3,3,11.5,2.5,6.5,0,11,2.5,6.5,0,0,2.5,3,0,0,6.5,7,0,0,0,11.5,12,0,2.5,3,0,0,6.5,7,0,0,0,11,0,c(-54725.8330652099, 1159611.02937562)
82-819-28384002011,28384002011,82,819,28384,2,11,5,13,5,193,105.9389291,10.4337928,Tinh Tien Giang,6_MRD,IRRI-related (P),[+p]-Aus,[--],643736,26.55,LUC,Tien Giang,2,2,0,0,DX - HT - TD,DX - HT - TD,3,3,11.5,2.5,6.5,0,11,2.5,6.5,0,0,2.5,3,0,0,6.5,7,0,0,0,11.5,12,0,2.5,3,0,0,6.5,7,0,0,0,11,0,c(-54792.378870323, 1157935.04327165)
82-819-28384002013,28384002013,82,819,28384,2,13,5,13,5,162,105.9890533,10.4165155,Tinh Tien Giang,6_MRD,IRRI-related line,[--],[--],997037,12.23,LUC,Tien Giang,1,1,0,3,DX - HT - TD,DX - HT - TD,3,3,11.5,2.5,6.5,0,11,2.5,6.5,0,0,2.5,3,0,0,6.5,7,0,0,0,11.5,12,0,2.5,3,0,0,6.5,7,0,0,0,11,0,c(-49316.854879445, 1155929.97727011)
84-844-29269003009,29269003009,84,844,29269,3,9,7,11,7,196,106.1843599,10.0132825,Tinh Tra Vinh,6_MRD,NA,[--],[--],1018763,227.64,LUC,Tra Vinh,0,0,0,3,DX - HT - TD,DX - HT - TD,3,3,11,4,8,0,11.5,4.5,8,0,0,0,0,4,0,0,0,8,0,0,11,0,0,0,0,4.5,5,0,0,8,0,0,11.5,12,c(-28534.1597828872, 1110864.04645715)
84-844-29278019001,29278019001,84,844,29278,19,1,10,25,4,227,106.2108472,9.9080079,Tinh Tra Vinh,6_MRD,NA,[+p]-Aro,[+p],1019104,145.29,LUC,Tra Vinh,0,0,0,3,DX - HT - TD,DX - HT - TD,3,3,11,4,8,0,11.5,4.5,8,0,0,0,0,4,0,0,0,8,0,0,11,0,0,0,0,4.5,5,0,0,8,0,0,11.5,12,c(-25790.9744984129, 1099143.38267176)
84-844-29278019005,29278019005,84,844,29278,19,5,10,11,10,228,106.188053,9.9023778,Tinh Tra Vinh,6_MRD,IRRI-related (P2),[--],[--],995603,987.84,LUC,Tra Vinh,0,0,0,3,DX - HT - TD,DX - HT - TD,3,3,11,4,8,0,11.5,4.5,8,0,0,0,0,4,0,0,0,8,0,0,11,0,0,0,0,4.5,5,0,0,8,0,0,11.5,12,c(-28307.1955136404, 1098555.05159924)
84-844-29278019015,29278019015,84,844,29278,19,15,10,12,10,211,106.1906264,9.8988752,Tinh Tra Vinh,6_MRD,IRRI-related line,[+p]-Aro,[+p],995603,987.84,LUC,Tra Vinh,0,0,0,3,DX - HT - TD,DX - HT - TD,3,3,11,4,8,0,11.5,4.5,8,0,0,0,0,4,0,0,0,8,0,0,11,0,0,0,0,4.5,5,0,0,8,0,0,11.5,12,c(-28029.7555341766, 1098162.40033097)
84-844-29302014003,29302014003,84,844,29302,14,3,9,15,9,203,106.2419456,9.9732383,Tinh Tra Vinh,6_MRD,NA,[+p]-Aro,?,995045,110.4,LUC,Tra Vinh,0,0,0,3,DX - HT - TD,DX - Mau - HT,3,2,11,4,8,0,11.5,0,8,0,0,0,0,4,0,0,0,8,0,0,11,0,0,0,0,0,0,0,0,8,0,0,11.5,12,c(-22266.5505310242, 1106329.92326906)
84-846-29347002005,29347002005,84,846,29347,2,5,6,14,6,197,106.1981636,9.8256973,Tinh Tra Vinh,6_MRD,IRRI-related (P2),[--],[--],995601,6071.83,LUC,Tra Vinh,0,0,0,2,DX - HT - TD,HT - TD,3,2,11.5,4.5,8.5,0,0,5,9,0,0,0,0,4.5,5,0,0,8.5,0,0,11.5,12,0,0,0,0,5,0,0,0,9,0,0,0,c(-27317.5140418751, 1090032.66244924)
84-846-29347002013,29347002013,84,846,29347,2,13,6,14,6,220,106.1981602,9.8257273,Tinh Tra Vinh,6_MRD,NA,?,[--],995601,6071.83,LUC,Tra Vinh,0,0,0,2,DX - HT - TD,HT - TD,3,2,11.5,4.5,8.5,0,0,5,9,0,0,0,0,4.5,5,0,0,8.5,0,0,11.5,12,0,0,0,0,5,0,0,0,9,0,0,0,c(-27317.8403940507, 1090035.99576355)
84-846-29359005007,29359005007,84,846,29359,5,7,7,11,7,231,106.2341202,9.7673942,Tinh Tra Vinh,6_MRD,NA,?,[--],942782,416.46,LUC,Tra Vinh,0,0,0,2,DX - HT - TD,HT - TD,3,2,12,5,9,0,0,5,9,0,0,0,0,0,5,0,0,0,9,0,0,12,0,0,0,0,5,0,0,0,9,0,0,0,c(-23453.4360896637, 1083508.8218255)
84-846-29359005009,29359005009,84,846,29359,5,9,7,14,7,226,106.2123178,9.7726664,Tinh Tra Vinh,6_MRD,IRRI-related (P),[+p]-Aus,[--],942598,70.09,LUC,Tra Vinh,0,0,0,2,DX - HT - TD,HT - TD,3,2,12,5,9,0,0,5,9,0,0,0,0,0,5,0,0,0,9,0,0,12,0,0,0,0,5,0,0,0,9,0,0,0,c(-25844.1574146623, 1084127.67885437)
84-846-29359005013,29359005013,84,846,29359,5,13,7,11,7,204,106.2382323,9.7621888,Tinh Tra Vinh,6_MRD,IRRI-related (P),[+p]-Aus,[--],942784,981.53,LUC,Tra Vinh,0,0,0,3,DX - HT - TD,DX - HT - TD,3,3,12,5.5,9,0,11,4.5,8,0,0,0,0,0,5.5,6,0,0,9,0,0,12,0,0,0,4.5,5,0,0,8,0,0,11,0,c(-23009.1266877298, 1082925.01269081)
84-846-29365019007,29365019007,84,846,29365,19,7,10,17,10,232,106.2373757,9.8394806,Tinh Tra Vinh,6_MRD,IRRI-related (P),[+p]-Aus,[--],995601,6071.83,LUC,Tra Vinh,0,0,0,2,DX - HT - TD,HT - TD,3,2,11.5,4.5,8.5,0,0,5,9,0,0,0,0,4.5,5,0,0,8.5,0,0,11.5,12,0,0,0,0,5,0,0,0,9,0,0,0,c(-22981.7714567973, 1091499.98631017)
84-846-29365019013,29365019013,84,846,29365,19,13,10,17,10,205,106.2476175,9.846132,Tinh Tra Vinh,6_MRD,IRRI-related (P),[+p]-Aus,[--],995601,6071.83,LUC,Tra Vinh,0,0,0,2,DX - HT - TD,DX - HT,3,2,11.5,4.5,9,0,10,6,0,0,0,0,0,4.5,5,0,0,0,9,0,11.5,12,0,0,0,0,0,6,0,0,0,10,11.5,12,c(-21844.6012243762, 1092221.76095204)
84-847-29401018013,29401018013,84,847,29401,18,13,10,18,10,223,106.3847548,9.9040551,Tinh Tra Vinh,6_MRD,NA,[+p]-Aro,[--],1027658,568.43,LUC,Tra Vinh,0,0,0,1,DX - HT - TD,DX - HT,3,2,11.5,5.5,9,0,10,6,0,0,0,0,0,0,5.5,6,0,0,9,0,11.5,12,0,0,0,0,0,6,0,0,0,10,0,0,c(-6671.22747086611, 1098434.27409544)
84-849-29464023005,29464023005,84,849,29464,23,5,12,14,12,237,106.2641663,9.7394823,Tinh Tra Vinh,6_MRD,IRRI-related (P),[+p]-Aus,[--],933151,2691.09,LUC,Tra Vinh,0,0,0,3,DX - HT - TD,DX - HT - TD,3,3,12,5.5,9,0,11,4.5,8,0,0,0,0,0,5.5,6,0,0,9,0,0,12,0,0,0,4.5,5,0,0,8,0,0,11,0,c(-20190.8787694571, 1080366.17419219)
84-849-29503003005,29503003005,84,849,29503,3,5,2,23,2,201,106.3909185,9.710456,Tinh Tra Vinh,6_MRD,NA,[+p]-Aro,[--],932807,3047.36,LUC,Tra Vinh,0,0,0,2,DX - HT - TD,DX - HT,3,2,12,5.5,9,0,9.5,5.5,0,0,0,0,0,0,5.5,6,0,0,9,0,0,12,0,0,0,0,5.5,6,0,0,9.5,10,0,0,c(-6288.31096701941, 1076954.23377078)
84-849-29503003011,29503003011,84,849,29503,3,11,2,23,2,206,106.3922294,9.7125282,Tinh Tra Vinh,6_MRD,NA,[Het],[--],932807,3047.36,LUC,Tra Vinh,0,0,0,2,DX - HT - TD,DX - HT,3,2,12,5.5,9,0,9.5,5.5,0,0,0,0,0,0,5.5,6,0,0,9,0,0,12,0,0,0,0,5.5,6,0,0,9.5,10,0,0,c(-6140.94907545898, 1077182.08390466)
84-849-29503003015,29503003015,84,849,29503,3,15,2,23,2,235,106.3844619,9.7076921,Tinh Tra Vinh,6_MRD,IRRI-related (P2),[--],[--],932807,3047.36,LUC,Tra Vinh,0,0,0,2,DX - HT - TD,DX - HT,3,2,12,5.5,9,0,9.5,5.5,0,0,0,0,0,0,5.5,6,0,0,9,0,0,12,0,0,0,0,5.5,6,0,0,9.5,10,0,0,c(-7002.90224335383, 1076657.37637268)
86-859-29713003009,29713003009,86,859,29713,3,9,2,17,2,351,106.0025598,10.2257506,Tinh Vinh Long,6_MRD,IRRI-related (P),[+p]-Aus,[--],622048,36.93,LUC,Vinh Long,0,2,0,0,DX - HT - TD,DX- HT - TD,3,3,11.5,3,8,0,10.5,2,6,0,0,0,3,0,0,0,0,8,0,0,11.5,12,0,2,0,0,0,6,0,0,0,10.5,0,0,c(-48164.885148899, 1134738.59540679)
86-860-29752005011,29752005011,86,860,29752,5,11,1,25,2,141,105.9337252,10.0797185,Tinh Vinh Long,6_MRD,IRRI-related (P),[+p]-Aus,[--],633296,26.25,LUC,Vinh Long,0,2,0,0,DX - HT - TD,DX- HT - TD,3,3,11.5,3.5,7,0,10.5,3,7,0,0,0,3.5,4,0,0,7,0,0,0,11.5,12,0,0,3,0,0,0,7,0,0,10.5,0,0,c(-55984.3896497844, 1118651.10702147)
86-863-29788003011,29788003011,86,863,29788,3,11,1,11,10,352,105.8628346,10.1353549,Tinh Vinh Long,6_MRD,NA,[+p]-Aro,[+p],634136,13.22,LUC,Vinh Long,0,2,0,0,DX - HT - TD,DX- HT - TD,3,3,11.5,3.5,7,0,10.5,3,7,0,0,0,3.5,4,0,0,7,0,0,0,11.5,12,0,0,3,0,0,0,7,0,0,10.5,0,0,c(-63683.5447440322, 1124947.78580166)
86-863-29794011011,29794011011,86,863,29794,11,11,8,18,8,173,105.7739043,10.123899,Tinh Vinh Long,6_MRD,NA,?,[--],630382,74.79,LUC,Vinh Long,0,2,4,4,Mau - HT - Mau,Mau - HT - Mau,1,1,0,3.5,0,0,0,3.5,0,0,0,0,3.5,4,0,0,0,0,0,0,0,0,0,0,3.5,4,0,0,7,0,0,0,0,0,c(-73484.0637643607, 1123832.27058102)
87-871-30019001013,30019001013,87,871,30019,1,13,2,16,2,302,105.4131586,10.7493136,Tinh Dong Thap,6_MRD,IRRI-related (P2),[--],[--],970501,3515.49,LUC,Dong Thap,1,1,0,0,DX - HT - TD,DX - HT,3,2,10.5,3.5,5.5,0,10.5,3.5,0,0,0,0,3.5,0,0,6,0,0,0,10.5,0,0,0,0,0,0,5,0,0,0,0,0,11,0,c(-111940.984459746, 1193952.95802728)
87-872-30049001003,30049001003,87,872,30049,1,3,12,12,12,291,105.833397,10.614944,Tinh Dong Thap,6_MRD,IRRI-related (P),[+p]-Aus,[--],1151509,339.29,LUC,Dong Thap,2,2,0,0,DX - HT - TD,DX - HT - TD,3,3,10.5,2.5,6.5,0,10.5,2.5,6.5,0,0,2.5,0,0,0,6.5,0,0,0,10.5,0,0,0,0,3,0,0,6.5,0,0,0,0,11,0,c(-66053.8718910746, 1178229.10318622)
89-886-30370001005,30370001005,89,886,30370,1,5,6,22,6,242,105.0785919,10.82012246,Tinh An Giang,6_MRD,IRRI-related (P),[+p]-Aus,[--],421881,121.58,LUC,An Giang,0,0,0,0,DX - HT - TD,DX - HT - TD,3,3,11.5,3,7.5,0,11.5,3,7.5,0,0,0,3,0,0,0,0,8,0,0,11.5,0,0,0,3,0,0,0,7.5,0,0,0,0,12,c(-148541.690114929, 1202512.39827231)
89-889-30484030003,30484030003,89,889,30484,30,3,10,19,10,249,105.25148,10.5426045,Tinh An Giang,6_MRD,NA,?,[--],400370,2.24,LUC,An Giang,2,1,0,0,DX - HT - TD,DX - HT - TD,3,3,10.5,3.5,7.5,0,10.5,3.5,7.5,0,0,0,3.5,0,0,0,0,8,0,0,11,0,0,0,3.5,0,0,0,7.5,0,0,0,0,12,c(-130126.606000404, 1171317.97696706)
89-890-30538024001,30538024001,89,890,30538,24,1,7,7,7,550,105.0141733,10.46247,Tinh An Giang,6_MRD,IRRI-related line,[--],[--],293973,10.62,LUC,An Giang,2,1,0,0,DX - HT - TD,DX - HT - TD,3,3,10,3.5,7.5,0,10,3.5,7.5,0,0,0,3.5,0,0,0,7.5,0,0,0,11,0,0,0,3.5,0,0,0,7.5,0,0,0,11,0,c(-156388.717668591, 1162902.76184568)
89-890-30538024013,30538024013,89,890,30538,24,13,7,13,7,267,105.0148934,10.4622018,Tinh An Giang,6_MRD,IRRI-related line,[--],[--],293973,10.62,LUC,An Giang,2,1,0,0,DX - HT - TD,DX - HT - TD,3,3,10,3.5,7.5,0,10,3.5,7.5,0,0,0,3.5,0,0,0,7.5,0,0,0,11,0,0,0,3.5,0,0,0,7.5,0,0,0,11,0,c(-156310.077175032, 1162871.44673624)
91-903-30829013009,30829013009,91,903,30829,13,9,6,11,6,275,104.9485592,10.215746,Tinh Kien Giang,6_MRD,NA,?,[--],279386,279.59,LUC,Kien Giang,0,0,0,0,DX - HT,DX - HT,2,2,11.5,5,0,0,11,5,0,0,0,0,0,0,5,0,0,0,0,10.5,11.5,12,0,0,3,0,5,0,0,0,0,0,11,0,c(-164128.600960028, 1135617.78675418)
91-903-30829013011,30829013011,91,903,30829,13,11,6,11,6,290,104.9540353,10.2263891,Tinh Kien Giang,6_MRD,IRRI-related (P),[+p]-Aus,[--],279420,276.43,LUC,Kien Giang,0,0,0,0,DX - HT,DX - HT,2,2,11.5,5,0,0,11,5,0,0,0,0,0,0,5,0,0,0,0,10.5,11.5,12,0,0,3,0,5,0,0,0,0,0,11,0,c(-163503.441158141, 1136789.41662202)
91-903-30829013013,30829013013,91,903,30829,13,13,6,11,6,277,104.9548208,10.2273446,Tinh Kien Giang,6_MRD,IRRI-related (P),[+p]-Aus,[--],279420,276.43,LUC,Kien Giang,0,0,0,0,DX - HT,DX - HT,2,2,11.5,5,0,0,11,5,0,0,0,0,0,0,5,0,0,0,0,10.5,11.5,12,0,0,3,0,5,0,0,0,0,0,11,0,c(-163414.96318854, 1136893.99233592)
91-903-30829013015,30829013015,91,903,30829,13,15,6,11,6,326,104.9649135,10.217423,Tinh Kien Giang,6_MRD,Parents pedigree unknown,[--],[--],281462,277.41,LUC,Kien Giang,0,0,0,0,DX - HT,DX - HT,2,2,11.5,5,0,0,11,5,0,0,0,0,0,0,5,0,0,0,0,10.5,11.5,12,0,0,3,0,5,0,0,0,0,0,11,0,c(-162324.500348024, 1135770.36480733)
91-904-30871006001,30871006001,91,904,30871,6,1,8,6,8,298,105.2089065,10.1082812,Tinh Kien Giang,6_MRD,NA,?,[--],271867,815.36,LUC,Kien Giang,0,0,0,0,DX - HT - TD,DX - HT - TD,3,3,11.5,4,7,0,11.5,4,7,0,0,0,0,4,0,0,7,0,0,10.5,11.5,12,0,0,0,4,0,0,7,0,0,0,11.5,12,c(-135684.099369778, 1123151.20687971)
91-906-30904026003,30904026003,91,906,30904,26,3,7,10,7,357,105.2963166,9.8923652,Tinh Kien Giang,6_MRD,NA,?,[--],12,81.67,LUC,Kien Giang,0,3,0,0,DX - HT - TD,DX - HT - TD,3,3,11.5,4.5,8,0,11.5,4.5,8,0,0,0,0,4.5,5,0,0,8,0,10.5,11.5,12,0,0,0,4.5,5,0,0,8,0,0,11.5,12,c(-126477.889669461, 1098996.40653935)
91-906-30917004001,30917004001,91,906,30917,4,1,3,5,3,347,105.3011129,9.9901972,Tinh Kien Giang,6_MRD,Imported from IRRI Genebank,[--],[--],423869,142.38,LUC,Kien Giang,0,0,0,0,DX - HT - TD,DX - HT - TD,3,3,11.5,4,7,0,11.5,4,7,0,0,0,0,4,0,0,7,0,0,10.5,11.5,12,0,0,0,4,0,0,7,0,0,0,11.5,12,c(-125762.330432419, 1109854.82117913)
91-906-30917004013,30917004013,91,906,30917,4,13,3,5,3,255,105.293205,9.9591003,Tinh Kien Giang,6_MRD,Imported from IRRI Genebank,[--],[--],12,95.85,LUC,Kien Giang,0,3,0,0,DX - HT - TD,DX - HT - TD,3,3,11.5,4.5,8,0,11.5,4.5,8,0,0,0,0,4.5,5,0,0,8,0,10.5,11.5,12,0,0,0,4.5,5,0,0,8,0,0,11.5,12,c(-126692.909254428, 1106415.52552016)
91-906-30928017009,30928017009,91,906,30928,17,9,7,9,7,278,105.3209571,9.9016381,Tinh Kien Giang,6_MRD,IRRI-related (P),[+p]-Aus,[--],953697,19.2,LUC,Kien Giang,0,3,0,0,DX - HT - TD,DX - HT - TD,3,3,10.5,3.5,7,0,10.5,3.5,7,0,0,0,3.5,4,0,0,7,0,0,10.5,11,0,0,0,3.5,4,0,0,7,0,0,10.5,11,0,c(-123746.231880784, 1099979.95870019)
91-906-30931008001,30931008001,91,906,30931,8,1,2,20,2,243,105.4055087,9.929631,Tinh Kien Giang,6_MRD,IRRI-related (P2),[--],[--],276742,166.09,LUC,Kien Giang,0,3,0,0,DX - HT - TD,DX - HT - TD,3,3,10.5,3.5,7,0,10.5,3.5,7,0,0,0,3.5,4,0,0,7,0,0,10.5,11,0,0,0,3.5,4,0,0,7,0,0,10.5,11,0,c(-114381.87106611, 1102930.89843872)
91-906-30931008013,30931008013,91,906,30931,8,13,2,20,2,268,105.4055137,9.9297521,Tinh Kien Giang,6_MRD,IRRI-related (P2),[--],[--],276742,166.09,LUC,Kien Giang,0,3,0,0,DX - HT - TD,DX - HT - TD,3,3,10.5,3.5,7,0,10.5,3.5,7,0,0,0,3.5,4,0,0,7,0,0,10.5,11,0,0,0,3.5,4,0,0,7,0,0,10.5,11,0,c(-114381.093268068, 1102944.33900193)
91-906-30940003003,30940003003,91,906,30940,3,3,8,7,8,282,105.4113839,9.8597493,Tinh Kien Giang,6_MRD,NA,[+p]-Aus,[--],952951,86.23,LUC,Kien Giang,0,3,0,0,DX - HT - TD,DX - HT - TD,3,3,10.5,3.5,7,0,10.5,3.5,7,0,0,0,3.5,4,0,0,7,0,0,10.5,11,0,0,0,3.5,4,0,0,7,0,0,10.5,11,0,c(-113865.443644607, 1095158.69981945)
91-906-30940003017,30940003017,91,906,30940,3,17,8,7,8,263,105.4378245,9.8965056,Tinh Kien Giang,6_MRD,IRRI-related (P),[+p]-Aus,[--],275264,138.11,LUC,Kien Giang,0,3,0,0,DX - HT - TD,DX - HT - TD,3,3,10.5,3.5,7,0,10.5,3.5,7,0,0,0,3.5,4,0,0,7,0,0,10.5,11,0,0,0,3.5,4,0,0,7,0,0,10.5,11,0,c(-110885.170176682, 1099192.10751034)
91-907-30967008001,30967008001,91,907,30967,8,1,12,10,12,264,105.2187175,9.7514597,Tinh Kien Giang,6_MRD,NA,?,[--],880208,18.62,LUC,Kien Giang,0,0,0,0,DX - HT,DX - HT,2,2,11,3,0,0,11,3,0,0,0,0,3,0,0,0,0,0,0,0,11,0,0,0,3,0,0,0,0,0,0,0,11,0,c(-135296.248614199, 1083489.7502169)
91-907-30967008017,30967008017,91,907,30967,8,17,12,10,12,262,105.2189356,9.7508909,Tinh Kien Giang,6_MRD,NA,[--],[--],880208,18.62,LUC,Kien Giang,0,0,0,0,DX - HT,DX - HT,2,2,11,3,0,0,11,3,0,0,0,0,3,0,0,0,0,0,0,0,11,0,0,0,3,0,0,0,0,0,0,0,11,0,c(-135273.295614971, 1083426.14527718)
92-925-31249017001,31249017001,92,925,31249,17,1,5,17,5,31,105.3903709,10.0977594,Thanh pho Can Tho,6_MRD,NA,?,[--],284473,436.08,LUC,TP. Can Tho,0,0,0,0,DX - HT - TD,DX - HT - TD,3,3,11.5,3,6.5,0,11.5,3,6.5,0,0,2,0,0,0,6,0,0,0,0,11,0,0,0,3,0,0,6.5,0,0,0,0,11.5,0,c(-115729.828381065, 1121632.59036003)
92-925-31249017007,31249017007,92,925,31249,17,7,5,17,5,28,105.3766094,10.1431877,Thanh pho Can Tho,6_MRD,IRRI-related (P),[+p]-Aus,[--],284453,650.39,LUC,TP. Can Tho,0,0,0,0,DX - HT - TD,DX - HT - TD,3,3,11.5,3,6.5,0,11.5,3,6.5,0,0,0,3,0,0,6,0,0,0,0,11,0,0,0,3,0,0,6.5,0,0,0,0,11.5,0,c(-117157.132885297, 1126704.40157282)
92-925-31249017009,31249017009,92,925,31249,17,9,5,17,5,5,105.3809503,10.10133565,Thanh pho Can Tho,6_MRD,NA,[+p]-Aus,[--],284472,168.16,LUC,TP. Can Tho,0,0,0,0,DX - HT - TD,DX - HT - TD,3,3,11.5,3,6.5,0,11.5,3,6.5,0,0,2,0,0,0,6,0,0,0,0,11,0,0,0,3,0,0,6.5,0,0,0,0,11.5,0,c(-116759.818314342, 1122047.67248551)
92-925-31249017019,31249017019,92,925,31249,17,19,5,18,5,44,105.383403,10.13962332,Thanh pho Can Tho,6_MRD,IRRI-related (P),[+p]-Aus,[--],284462,271.71,LUC,TP. Can Tho,0,0,0,0,DX - HT - TD,DX - HT - TD,3,3,11.5,3,6.5,0,11.5,3,6.5,0,0,0,3,0,0,6,0,0,0,0,11,0,0,0,3,0,0,6.5,0,0,0,0,11.5,0,c(-116416.378655743, 1126295.55515452)
92-927-31285006013,31285006013,92,927,31285,6,13,2,15,2,6,105.5377287,10.0560713,Thanh pho Can Tho,6_MRD,NA,[--],[--],285507,76.65,LUC,TP. Can Tho,1,1,0,0,DX - HT - TD,DX - HT - TS,3,2,11.5,4.5,6.5,0,11.5,4.5,0,0,0,0,3,0,0,6,0,0,0,0,11,0,0,0,0,4.5,0,0,0,0,0,0,11.5,0,c(-99590.9004050235, 1116727.90163526)
93-934-31405013015,31405013015,93,934,31405,13,15,1,15,2,549,105.703029,9.9035507,Tinh Hau Giang,6_MRD,IRRI-related line,[--],[--],988275,18.1,LUC,Hau Giang,0,3,0,0,DX - HT - TD,DX - HT - TD,3,3,12,3.5,7,0,12,3.5,7,0,0,0,3.5,4,0,0,7,0,0,0,0,12,0,0,3.5,4,0,0,7,0,0,0,0,12,c(-81674.1662317812, 1099497.13792853)
93-934-31429017015,31429017015,93,934,31429,17,15,3,12,3,497,105.7327331,9.7244068,Tinh Hau Giang,6_MRD,IRRI-related (P),[+p]-Aus,[--],930284,44.89,LUC,Hau Giang,0,3,0,0,DX - HT,DX - HT,3,2,12,4.5,0,0,12,4.5,0,0,0,0,0,4.5,5,0,0,0,0,0,0,12,0,0,0,4.5,5,0,0,0,0,0,0,12,c(-78717.1579804587, 1079558.92286769)
93-936-31486001003,31486001003,93,936,31486,1,3,2,26,2,409,105.5593765,9.6764768,Tinh Hau Giang,6_MRD,IRRI-related (P2),[--],[--],5441,23.67,LUC,Hau Giang,0,0,0,0,DX - HT - TD,DX - HT - TD,3,3,11.5,3,8,0,11.5,3,8,0,0,0,3,0,0,0,0,8,0,0,11.5,12,0,0,3,0,0,0,0,8,0,0,11,12,c(-97896.5885763593, 1074539.23168727)
93-936-31486001009,31486001009,93,936,31486,1,9,2,15,2,540,105.5192187,9.7159827,Tinh Hau Giang,6_MRD,IRRI-related (P2),[--],[--],883283,187.03,LUC,Hau Giang,0,0,0,0,DX - HT - TD,DX - HT - TD,3,3,11.5,3.5,7,0,11,3.5,7,0,0,0,3.5,4,0,0,7,0,0,0,11.5,12,0,0,3.5,4,0,0,7,0,0,0,11,0,c(-102250.16090881, 1078997.22180188)
93-936-31486001013,31486001013,93,936,31486,1,13,2,26,2,508,105.52949,9.691225,Tinh Hau Giang,6_MRD,IRRI-related (P2),[--],[--],883187,31.17,LUC,Hau Giang,0,0,0,0,DX - HT - TD,DX - HT - TD,3,3,11.5,3.5,7,0,11,3.5,7,0,0,0,3.5,4,0,0,7,0,0,0,11.5,12,0,0,3.5,4,0,0,7,0,0,0,11,0,c(-101162.988987151, 1076229.76888144)
93-936-31486001015,31486001015,93,936,31486,1,15,2,26,2,559,105.520655,9.72086,Tinh Hau Giang,6_MRD,IRRI-related (P2),[--],[--],883283,187.03,LUC,Hau Giang,0,0,0,0,DX - HT - TD,DX - HT - TD,3,3,11.5,3.5,7,0,11,3.5,7,0,0,0,3.5,4,0,0,7,0,0,0,11.5,12,0,0,3.5,4,0,0,7,0,0,0,11,0,c(-102083.155985978, 1079536.2521205)
93-937-31480006015,31480006015,93,937,31480,6,15,1,18,2,589,105.5882922,9.6325889,Tinh Hau Giang,6_MRD,IRRI-related (P),[+p]-Aus,[--],883090,56.73,LUC,Hau Giang,0,3,0,0,DX - HT - TD,DX - HT - TD,3,3,11.5,3,7.5,0,11.5,3,7.5,0,0,0,3,0,0,0,7.5,8,0,0,11.5,12,0,0,3,0,0,0,7.5,8,0,0,11,12,c(-94788.3404038101, 1069615.41489749)
94-942-31582015009,31582015009,94,942,31582,15,9,8,18,8,62,105.9185806,9.7172079,Tinh Soc Trang,6_MRD,NA,?,[--],259475,53.6,LUC,Soc Trang,0,0,0,1,DX - HT - TD,DX - HT,3,2,9.5,5.5,0,0,9.5,6,0,0,1,0,0,0,5.5,6,0,0,9.5,10,0,0,0,0,0,0,0,6,0,0,9.5,10,0,0,c(-58264.9689066794, 1078446.95637726)
94-942-31582015013,31582015013,94,942,31582,15,13,8,17,8,60,105.9023378,9.7038436,Tinh Soc Trang,6_MRD,IRRI-related (P),[+p]-Aus,[--],259254,18.66,LUC,Soc Trang,0,0,0,1,DX - HT - TD,DX - HT,3,2,9.5,5.5,0,0,9.5,6,0,0,1,0,0,0,5.5,6,0,0,9.5,10,0,0,0,0,0,0,0,6,0,0,9.5,10,0,0,c(-60075.6409450434, 1076990.69310388)
94-942-31594032001,31594032001,94,942,31594,32,1,8,16,8,76,105.9185854,9.7172179,Tinh Soc Trang,6_MRD,IRRI-related (P),[+p]-Aus,[--],259475,53.6,LUC,Soc Trang,0,0,0,1,DX - HT - TD,DX - HT,3,2,9.5,5.5,0,0,9.5,6,0,0,1,0,0,0,5.5,6,0,0,9.5,10,0,0,0,0,0,0,0,6,0,0,9.5,10,0,0,c(-58264.4237687069, 1078448.05820361)
94-942-31594032003,31594032003,94,942,31594,32,3,8,15,8,66,105.9185845,9.7172254,Tinh Soc Trang,6_MRD,IRRI-related (P),[+p]-Aus,[--],259475,53.6,LUC,Soc Trang,0,0,0,1,DX - HT - TD,DX - HT,3,2,9.5,5.5,0,0,9.5,6,0,0,1,0,0,0,5.5,6,0,0,9.5,10,0,0,0,0,0,0,0,6,0,0,9.5,10,0,0,c(-58264.5103648616, 1078448.89201046)
94-942-31594032005,31594032005,94,942,31594,32,5,8,15,8,105,105.9185855,9.717216,Tinh Soc Trang,6_MRD,NA,?,[--],259475,53.6,LUC,Soc Trang,0,0,0,1,DX - HT - TD,DX - HT,3,2,9.5,5.5,0,0,9.5,6,0,0,1,0,0,0,5.5,6,0,0,9.5,10,0,0,0,0,0,0,0,6,0,0,9.5,10,0,0,c(-58264.4159238001, 1078447.84718409)
94-951-31678015007,31678015007,94,951,31678,15,7,12,6,12,69,106.1309984,9.609963465,Tinh Soc Trang,6_MRD,IRRI-related (P2),[--],[--],181225,3.28,LUC,Soc Trang,0,0,0,1,DX - HT,DX - HT,2,2,10,5.5,0,0,9,5,0,0,0,0,0,0,5.5,6,0,0,0,0,0,12,0,0,0,0,5,0,0,0,0,0,0,0,c(-35051.5518094102, 1066205.42885435)
95-957-31873013007,31873013007,95,957,31873,13,7,7,19,7,431,105.4233001,9.386556128,Tinh Bac Lieu,6_MRD,IRRI-related (P),[+p]-Aus,[--],896868,77.23,LUC,Bac Lieu,0,0,3,3,DX - HT - TD,Mau - HT - TD,3,2,11.5,5.5,9,0,0,6,10,0,0,0,0,0,5.5,0,0,0,9,0,0,12,0,0,0,0,0,6,0,0,0,10,0,0,c(-113410.94642284, 1042583.49474959)
95-957-31873013011,31873013011,95,957,31873,13,11,7,14,7,487,105.4245041,9.39533698,Tinh Bac Lieu,6_MRD,IRRI-related (P),[+p]-Aus,[--],896899,173.57,LUC,Bac Lieu,0,0,3,3,DX - HT - TD,Mau - HT - TD,3,2,11.5,5.5,9,0,0,6,10,0,0,0,0,0,5.5,0,0,0,9,0,0,12,0,0,0,0,0,6,0,0,0,10,0,0,c(-113262.622270267, 1043556.58644144)
95-957-31873013019,31873013019,95,957,31873,13,19,7,17,7,441,105.4243402,9.391380479,Tinh Bac Lieu,6_MRD,IRRI-related (P),[+p]-Aus,[--],896899,173.57,LUC,Bac Lieu,0,0,3,3,DX - HT - TD,Mau - HT - TD,3,2,11.5,5.5,9,0,0,6,10,0,0,0,0,0,5.5,0,0,0,9,0,0,12,0,0,0,0,0,6,0,0,0,10,0,0,c(-113287.694174487, 1043117.46304164)
80-794-27709004003,27709004003,80,794,27709,4,3,7,19,7,176,106.3749716,10.5477922,Tinh Long An,6_MRD,NA,[--],[--],836523,5.44,LUC,Long An,0,0,0,0,DX - HT - TD,DX - HT - TD,3,3,12,6,8,0,12.5,4.5,8.5,0,0,0,0,4.5,0,6,0,8,0,0,0,12,0,0,0,4.5,0,0,0,0,0,0,0,12.5,c(-6721.56630324625, 1169843.44879396)
80-797-27763004003,27763004003,80,797,27763,4,3,2,16,11,144,105.7844102,10.8899446,Tinh Long An,6_MRD,IRRI-related (P),[+p]-Aus,[--],1182761,3.69,LUC,Long An,2,2,0,0,DX - HT,DX - HT,2,2,10.5,4.5,0,0,10.5,4.5,0,0,0,0,0,4.5,0,0,0,0,0,10.5,0,0,0,0,0,0,5,0,0,0,0,10.5,0,0,c(-70913.0012067235, 1208844.0029378)
80-797-27763004015,27763004015,80,797,27763,4,15,2,18,2,179,105.6707633,10.9734304,Tinh Long An,6_MRD,IRRI-related (P),[+p]-Aus,[--],1181421,10.01,LUC,Long An,0,3,0,0,DX - HT,DX - HT,2,2,10.5,4.5,0,0,10.5,4.5,0,0,0,0,0,4.5,0,0,0,0,0,10.5,0,0,0,0,0,0,5,0,0,0,0,10.5,0,0,c(-83218.1622064577, 1218329.88701015)
80-799-27862007005,27862007005,80,799,27862,7,5,1,18,2,124,106.0472603,10.5432479,Tinh Long An,6_MRD,NA,[--],[--],768380,65.34,LUC,Long An,3,2,0,3,DX - HT - TD,DX - HT - TD,3,2,11.5,3.5,8,0,11.5,2,5,0,0,0,3.5,0,0,0,0,0,0,0,11,0,0,2,0,0,5,0,0,0,0,0,11.5,0,c(-42701.5101647519, 1169890.96716006)
80-800-27883001003,27883001003,80,800,27883,1,3,2,11,2,133,106.239195,10.6816243,Tinh Long An,6_MRD,NA,[--],[--],754320,0.49,LUC,Long An,3,1,3,3,DX - HT,DX - HT,2,2,10.5,4.5,0,0,12,5.5,0,0,0,0,0,4.5,0,0,0,0,0,10.5,0,0,0,0,0,0,5.5,6,0,0,0,10.5,0,12,c(-21395.6428207642, 1184913.00596193)
80-804-28045005003,28045005003,80,804,28045,5,3,6,15,6,137,106.4027176,10.601061,Tinh Long An,6_MRD,NA,[--],[--],824549,0.72,LUC,Long An,0,0,2,1,DX - HT,DX - HT,2,2,10.5,5.5,0,0,10.5,5.5,0,0,0,0,0,0,5.5,0,0,0,0,10.5,0,0,0,0,0,0,5.5,0,0,0,0,10.5,11,0,c(-3589.51252580649, 1175706.13686878)
80-806-28120009005,28120009005,80,806,28120,9,5,7,14,7,130,106.600212,10.502097,Tinh Long An,6_MRD,Not IRRI-related,[--],[--],1306694,4.92,LUC,Long An,0,0,1,1,DX - HT,DX - HT,2,2,9.5,5.5,0,0,9.5,5.5,0,0,0,0,0,0,5.5,6,0,0,9.5,0,0,0,0,0,0,0,5.5,0,7,0,9.5,0,0,0,c(17922.0953789336, 1164419.93254587)
80-806-28129003007,28129003007,80,806,28129,3,7,7,15,7,138,106.6022686,10.5065208,Tinh Long An,6_MRD,Not IRRI-related,[--],[--],1306515,0.55,LUC,Long An,0,0,1,1,DX - HT,DX - HT,2,2,9.5,5.5,0,0,9.5,5.5,0,0,0,0,0,0,5.5,6,0,0,9.5,0,0,0,0,0,0,0,5.5,0,7,0,9.5,0,0,0,c(18154.6377593189, 1164907.25204971)
80-806-28129003009,28129003009,80,806,28129,3,9,7,15,7,165,106.6000829,10.5022175,Tinh Long An,6_MRD,NA,?,[--],1306694,4.92,LUC,Long An,0,0,1,1,DX - HT,DX - HT,2,2,9.5,5.5,0,0,9.5,5.5,0,0,0,0,0,0,5.5,6,0,0,9.5,0,0,0,0,0,0,0,5.5,0,7,0,9.5,0,0,0,c(17908.1170029109, 1164433.49158144)
80-806-28129003011,28129003011,80,806,28129,3,11,7,20,7,125,106.6022759,10.5065326,Tinh Long An,6_MRD,NA,[--],[--],1306515,0.55,LUC,Long An,0,0,1,1,DX - HT,DX - HT,2,2,9.5,5.5,0,0,9.5,5.5,0,0,0,0,0,0,5.5,6,0,0,9.5,0,0,0,0,0,0,0,5.5,0,7,0,9.5,0,0,0,c(18155.4571035323, 1164908.54912754)
82-816-28318010011,28318010011,82,816,28318,10,11,7,13,7,214,106.6801287,10.3522054,Tinh Tien Giang,6_MRD,NA,[--],[--],1031538,0.13,LUC,Tien Giang,0,0,3,2,DX - HT - TD,DX - HT,3,2,12,5.5,9,0,10,5.5,0,0,0,0,0,0,5.5,6,0,0,9,0,0,12,0,0,0,0,5.5,6,0,0,0,10,0,0,c(26463.4745816677, 1147680.64880174)
82-818-28357008007,28357008007,82,818,28357,8,7,4,14,4,192,106.2106567,10.4668017,Tinh Tien Giang,6_MRD,IRRI-related (P),[+p]-Aus,[--],1159331,1.76,LUC,Tien Giang,1,1,0,3,DX - HT - TD,DX - HT,3,2,11.5,2.5,6.5,0,11.5,6,0,0,0,2.5,3,0,0,6.5,7,0,0,0,11.5,12,0,0,0,0,0,6,0,0,0,0,11.5,12,c(-24893.2187001251, 1161130.95101016)
82-819-28363008001,28363008001,82,819,28363,8,1,5,12,5,147,105.9588731,10.5082747,Tinh Tien Giang,6_MRD,NA,[Het],?,1153187,64.52,LUC,Tien Giang,1,1,0,0,DX - HT - TD,DX - HT - TD,3,3,11.5,2.5,6.5,0,11,2.5,6.5,0,0,2.5,3,0,0,6.5,7,0,0,0,11.5,12,0,2.5,3,0,0,6.5,7,0,0,0,11,0,c(-52469.0372118622, 1166165.26031276)
82-819-28384002009,28384002009,82,819,28384,2,9,5,13,5,161,105.9518114,10.4367185,Tinh Tien Giang,6_MRD,NA,?,[--],997572,104.99,LUC,Tien Giang,1,1,0,0,DX - HT - TD,DX - HT - TD,3,3,11.5,2.5,6.5,0,11,2.5,6.5,0,0,2.5,3,0,0,6.5,7,0,0,0,11.5,12,0,2.5,3,0,0,6.5,7,0,0,0,11,0,c(-53372.0753218806, 1158237.0420708)
84-846-29359005011,29359005011,84,846,29359,5,11,7,19,7,224,106.1942547,9.679655,Tinh Tra Vinh,6_MRD,NA,[+p]-Aus,[--],932841,458.79,LUC,Tra Vinh,0,0,0,1,DX - HT - TD,DX - HT,3,2,12,5.5,9,0,9.5,5.5,0,0,0,0,0,0,5.5,6,0,0,9,0,0,12,0,0,0,0,5.5,6,0,0,9.5,10,0,0,c(-27978.330292571, 1073838.0417324)
84-846-29365019009,29365019009,84,846,29365,19,9,10,18,10,200,106.248353,9.8373264,Tinh Tra Vinh,6_MRD,NA,?,[--],995601,6071.83,LUC,Tra Vinh,0,0,0,2,DX - HT - TD,HT - TD,3,2,11.5,4.5,8.5,0,0,5,9,0,0,0,0,4.5,5,0,0,8.5,0,0,11.5,12,0,0,0,0,5,0,0,0,9,0,0,0,c(-21777.5719173482, 1091243.85792579)
84-849-29464023015,29464023015,84,849,29464,23,15,12,14,12,234,106.2586055,9.7381045,Tinh Tra Vinh,6_MRD,NA,[+p]-Aus,[--],933151,2691.09,LUC,Tra Vinh,0,0,0,3,DX - HT - TD,DX - HT - TD,3,3,12,5.5,9,0,11,5,9,0,0,0,0,0,5.5,6,0,0,9,0,0,12,0,0,0,0,5,0,0,0,9,0,11,0,c(-20804.9273193229, 1080221.92742484)
84-849-29503003007,29503003007,84,849,29503,3,7,2,23,2,215,106.2589402,9.6863716,Tinh Tra Vinh,6_MRD,NA,[+p]-Aro,[--],933046,1617.45,LUC,Tra Vinh,0,0,0,3,DX - HT - TD,DX - HT - TD,3,3,12,5.5,9,0,11,5,9,0,0,0,0,0,5.5,6,0,0,9,0,0,12,0,0,0,0,5,0,0,0,9,0,11,0,c(-20848.3955960918, 1074483.08516863)
84-850-29497008005,29497008005,84,850,29497,8,5,3,11,3,223,106.3327402,9.6494684,Tinh Tra Vinh,6_MRD,NA,[+p]-Aro,[--],933186,2171.39,LUC,Tra Vinh,0,0,0,1,DX - HT - TD,DX - HT,3,2,12,6,9.5,0,10,6,0,0,0,0,0,0,0,6,0,0,9.5,0,0,12,0,0,0,0,0,6,0,0,0,10,0,0,c(-12782.7375590384, 1070277.65222106)
86-859-29713003003,29713003003,86,859,29713,3,3,2,17,2,169,106.1279772,9.9885353,Tinh Vinh Long,6_MRD,IRRI-related (P),[+p]-Aus,[--],625461,0.73,LUC,Vinh Long,0,0,0,0,DX - HT - TD,DX- HT - TD,3,3,11.5,3.5,7.5,0,11.5,3,7.5,0,0,0,3.5,4,0,0,7.5,8,0,0,11.5,12,0,0,3,0,0,0,7.5,0,0,0,11.5,12,c(-34774.8008261436, 1108209.88860266)
86-859-29713003005,29713003005,86,859,29713,3,5,2,18,2,359,106.1860502,10.0937228,Tinh Vinh Long,6_MRD,IRRI-related (P),[+p]-Aus,[--],625278,0.23,LUC,Vinh Long,0,0,0,2,DX - HT - TD,DX- HT - TD,3,3,11.5,2,7,0,11.5,3.5,7.5,0,0,2,0,0,0,0,7,0,0,0,11.5,12,0,0,3.5,4,0,0,7.5,0,0,0,11.5,12,c(-28217.0876445314, 1119784.88818116)
86-859-29713003007,29713003007,86,859,29713,3,7,2,17,2,353,106.1284765,9.99272385,Tinh Vinh Long,6_MRD,NA,[Het],?,625539,5.86,LUC,Vinh Long,0,0,0,0,DX - HT - TD,DX- HT - TD,3,3,11.5,3.5,7.5,0,11.5,3,7.5,0,0,0,3.5,4,0,0,7.5,8,0,0,11.5,12,0,0,3,0,0,0,7.5,0,0,0,11.5,12,c(-34713.0146568152, 1108673.7661695)
86-859-29713003013,29713003013,86,859,29713,3,13,2,17,2,350,106.1287458,9.9955165,Tinh Vinh Long,6_MRD,IRRI-related (P2),[--],[--],625476,20.78,LUC,Vinh Long,0,0,0,0,DX - HT - TD,DX- HT - TD,3,3,11.5,3.5,7.5,0,11.5,3,7.5,0,0,0,3.5,4,0,0,7.5,8,0,0,11.5,12,0,0,3,0,0,0,7.5,0,0,0,11.5,12,c(-34678.8189897642, 1108983.15250928)
86-860-29752005013,29752005013,86,860,29752,5,13,1,15,2,334,105.9418978,10.0916996,Tinh Vinh Long,6_MRD,IRRI-related (P),[+p]-Aus,[--],633461,0.38,LUC,Vinh Long,0,2,0,0,DX - HT - TD,DX- HT - TD,3,3,11.5,3.5,7,0,10.5,3,7,0,0,0,3.5,4,0,0,7,0,0,0,11.5,12,0,0,3,0,0,0,7,0,0,10.5,0,0,c(-55065.0026785225, 1119966.74497532)
86-860-29758005013,29758005013,86,860,29758,5,13,5,11,5,154,106.0097594,10.07036559,Tinh Vinh Long,6_MRD,IRRI-related (P),[+p]-Aus,[--],634738,21.92,LUC,Vinh Long,0,3,0,3,DX - HT - TD,DX- HT - TD,3,3,11.5,3.5,7,0,10.5,3.5,7.5,0,0,0,3.5,4,0,0,7,0,0,0,11.5,12,0,0,3.5,4,0,0,7.5,0,0,10.5,0,0,c(-47638.8504238484, 1117484.5156167)
86-860-29764017009,29764017009,86,860,29764,17,9,12,14,12,344,105.9046535,10.0062266,Tinh Vinh Long,6_MRD,IRRI-related (P),[+p]-Aus,[--],633749,0.15,LUC,Vinh Long,0,3,0,3,DX - HT - TD,DX- HT - TD,3,3,11.5,3,7,0,10.5,3.5,7.5,0,0,0,3,0,0,0,7,0,0,0,11.5,12,0,0,3.5,4,0,0,7.5,0,0,10.5,0,0,c(-59308.4542796272, 1110544.83569945)
86-861-29812009013,29812009013,86,861,29812,9,13,6,7,6,315,105.812776,10.067835,Tinh Vinh Long,6_MRD,NA,[+p]-Aro,[+p],628372,0.64,LUC,Vinh Long,0,3,0,3,DX - HT - TD,DX- HT - TD,3,3,11.5,4,7.5,0,9.5,2.5,7,0,0,0,0,4,0,0,7.5,8,0,0,11.5,12,0,2.5,3,0,0,0,7,0,9.5,10,0,0,c(-69307.898279715, 1117541.02427609)
86-862-29830010005,29830010005,86,862,29830,10,5,2,18,2,341,106.0904695,10.03240393,Tinh Vinh Long,6_MRD,NA,[+p]-Aus,[--],625426,0.75,LUC,Vinh Long,0,0,0,0,DX - HT - TD,DX- HT - TD,3,3,11.5,3.5,7.5,0,11.5,3,7.5,0,0,0,3.5,4,0,0,7.5,8,0,0,11.5,12,0,0,3,0,0,0,7.5,0,0,0,11.5,12,c(-38827.1485266073, 1113138.29257556)
86-863-29794011003,29794011003,86,863,29794,11,3,8,11,8,354,105.8314149,10.0920421,Tinh Vinh Long,6_MRD,NA,[--],[--],629053,0.23,LUC,Vinh Long,0,3,0,0,DX - HT - TD,DX- HT - TD,3,3,11.5,4,7.5,0,10,2.5,7,0,0,0,0,4,0,0,7.5,8,0,0,11.5,12,0,2.5,3,0,0,0,7,0,0,10,11,0,c(-67215.1309566268, 1120195.30438707)
86-863-29794011005,29794011005,86,863,29794,11,5,8,12,8,337,105.8292132,10.1029949,Tinh Vinh Long,6_MRD,NA,[--],[--],629391,0.07,LUC,Vinh Long,0,2,0,0,Mau - HT - TD,DX- HT - TD,2,3,0,3.5,7,0,11.5,3.5,7.5,0,0,0,3.5,4,0,0,7,0,0,0,0,0,0,0,3.5,4,0,0,7.5,0,0,0,11.5,12,c(-67438.0002072087, 1121414.80737001)
87-868-29965010011,29965010011,87,868,29965,10,11,9,8,9,300,105.3457816,10.8032288,Tinh Dong Thap,6_MRD,NA,?,[--],283542,907.93,LUC,Dong Thap,1,1,0,0,DX - HT - TD,DX - HT - TD,3,3,11,2.5,5.5,0,11,2.5,5.5,0,0,0,0,4,0,6,0,0,0,0,11,0,0,0,0,0,5.5,0,0,0,0,0,11,0,c(-119230.111550247, 1200077.43676773)
87-871-30034007003,30034007003,87,871,30034,7,3,1,18,2,265,105.4191434,10.6930634,Tinh Dong Thap,6_MRD,IRRI-related (P2),[--],[--],970620,637.92,LUC,Dong Thap,1,1,0,0,DX - HT - TD,DX - HT,3,2,10.5,3.5,5.5,0,10.5,3.5,0,0,0,0,3.5,0,0,6,0,0,0,10.5,0,0,0,0,0,0,5,0,0,0,0,0,11,0,c(-111397.291168724, 1187693.71832779)
87-871-30034007009,30034007009,87,871,30034,7,9,1,18,2,265,105.4242255,10.6923153,Tinh Dong Thap,6_MRD,IRRI-related (P2),[--],[--],970620,637.92,LUC,Dong Thap,1,1,0,0,DX - HT - TD,DX - HT,3,2,10.5,3.5,5.5,0,10.5,3.5,0,0,0,0,3.5,0,0,6,0,0,0,10.5,0,0,0,0,0,0,5,0,0,0,0,0,11,0,c(-110840.562985266, 1187600.51566547)
87-873-30088002001,30088002001,87,873,30088,2,1,2,23,2,339,105.704249,10.435708,Tinh Dong Thap,6_MRD,IRRI-related (P),[+p]-Aus,[--],993129,30.05,LUC,Dong Thap,2,2,0,0,DX - HT - TD,DX - HT - TD,3,3,10.5,2.5,6.5,0,10.5,2.5,6.5,0,0,2.5,0,0,0,6.5,0,0,0,10.5,0,0,0,2.5,0,0,0,6.5,0,0,0,0,11,0,c(-80572.8964703879, 1158570.89840859)
87-873-30088002003,30088002003,87,873,30088,2,3,2,23,2,295,105.6945113,10.4426213,Tinh Dong Thap,6_MRD,NA,?,[--],993130,74.11,LUK,Dong Thap,2,2,0,0,DX - HT - TD,DX - HT - TD,3,3,10.5,2.5,6.5,0,10.5,2.5,6.5,0,0,2.5,0,0,0,6.5,0,0,0,10.5,0,0,0,2.5,0,0,0,6.5,0,0,0,0,11,0,c(-81630.042538768, 1159356.3566061)
87-873-30088002009,30088002009,87,873,30088,2,9,2,23,2,318,105.694511,10.4426259,Tinh Dong Thap,6_MRD,IRRI-related line,[--],[--],993130,74.11,LUK,Dong Thap,2,2,0,0,DX - HT - TD,DX - HT - TD,3,3,10.5,2.5,6.5,0,10.5,2.5,6.5,0,0,2.5,0,0,0,6.5,0,0,0,10.5,0,0,0,2.5,0,0,0,6.5,0,0,0,0,11,0,c(-81630.0669082452, 1159356.86782545)
87-873-30100011013,30100011013,87,873,30100,11,13,6,15,6,284,105.692798,10.446567,Tinh Dong Thap,6_MRD,IRRI-related line,[--],[--],992795,62.7,LUC,Dong Thap,2,2,0,0,DX - HT - TD,DX - HT - TD,3,3,10.5,2.5,6.5,0,10.5,2.5,6.5,0,0,2.5,0,0,0,6.5,0,0,0,10.5,0,0,0,2.5,0,0,0,6.5,0,0,0,0,11,0,c(-81810.9343687152, 1159797.55555997)
87-873-30100011015,30100011015,87,873,30100,11,15,6,14,6,279,105.6944874,10.4426053,Tinh Dong Thap,6_MRD,IRRI-related line,[--],[--],993130,74.11,LUK,Dong Thap,2,2,0,0,DX - HT - TD,DX - HT - TD,3,3,10.5,2.5,6.5,0,10.5,2.5,6.5,0,0,2.5,0,0,0,6.5,0,0,0,10.5,0,0,0,2.5,0,0,0,6.5,0,0,0,0,11,0,c(-81632.6987365329, 1159354.62459353)
87-874-30148001001,30148001001,87,874,30148,1,1,3,13,3,310,105.4853607,10.5620845,Tinh Dong Thap,6_MRD,IRRI-related (P2),[--],[--],970345,113.21,LUC,Dong Thap,2,2,0,0,DX - HT - TD,DX - HT - TD,3,3,10.5,2.5,6.5,0,10.5,2.5,6.5,0,0,2.5,0,0,0,6.5,0,0,0,10.5,0,0,0,0,0,0,0,6.5,0,0,0,0,11,0,c(-104383.160390518, 1173017.39157981)
87-874-30148001003,30148001003,87,874,30148,1,3,3,15,3,327,105.4853618,10.5620842,Tinh Dong Thap,6_MRD,IRRI-related (P),[+p]-Aus,[--],970345,113.21,LUC,Dong Thap,2,2,0,0,DX - HT - TD,DX - HT - TD,3,3,10.5,2.5,6.5,0,10.5,2.5,6.5,0,0,2.5,0,0,0,6.5,0,0,0,10.5,0,0,0,0,0,0,0,6.5,0,0,0,0,11,0,c(-104383.040112607, 1173017.35612544)
87-874-30148001005,30148001005,87,874,30148,1,5,3,15,3,305,105.485358,10.5620844,Tinh Dong Thap,6_MRD,IRRI-related (P),[+p]-Aus,[--],970345,113.21,LUC,Dong Thap,2,2,0,0,DX - HT - TD,DX - HT - TD,3,3,10.5,2.5,6.5,0,10.5,2.5,6.5,0,0,2.5,0,0,0,6.5,0,0,0,10.5,0,0,0,0,0,0,0,6.5,0,0,0,0,11,0,c(-104383.457262045, 1173017.38572588)
87-874-30148001011,30148001011,87,874,30148,1,11,3,11,3,320,105.4853605,10.5620957,Tinh Dong Thap,6_MRD,IRRI-related (P),[+p]-Aus,[--],970345,113.21,LUC,Dong Thap,2,2,0,0,DX - HT - TD,DX - HT - TD,3,3,10.5,2.5,6.5,0,10.5,2.5,6.5,0,0,2.5,0,0,0,6.5,0,0,0,10.5,0,0,0,0,0,0,0,6.5,0,0,0,0,11,0,c(-104383.160352091, 1173018.63573028)
87-874-30151001005,30151001005,87,874,30151,1,5,7,6,7,283,105.4853622,10.5621186,Tinh Dong Thap,6_MRD,NA,?,[--],970345,113.21,LUC,Dong Thap,2,2,0,0,DX - HT - TD,DX - HT - TD,3,3,10.5,2.5,6.5,0,10.5,2.5,6.5,0,0,2.5,0,0,0,6.5,0,0,0,10.5,0,0,0,0,0,0,0,6.5,0,0,0,0,11,0,c(-104382.928545204, 1173021.17547211)
87-874-30151001013,30151001013,87,874,30151,1,13,7,6,7,293,105.4853572,10.5621104,Tinh Dong Thap,6_MRD,NA,[--],[--],970345,113.21,LUC,Dong Thap,2,2,0,0,DX - HT - TD,DX - HT - TD,3,3,10.5,2.5,6.5,0,10.5,2.5,6.5,0,0,2.5,0,0,0,6.5,0,0,0,10.5,0,0,0,0,0,0,0,6.5,0,0,0,0,11,0,c(-104383.494060932, 1173020.27458527)
87-874-30157009001,30157009001,87,874,30157,9,1,6,17,12,311,105.4853466,10.562119,Tinh Dong Thap,6_MRD,IRRI-related (P),[+p]-Aus,[--],970345,113.21,LUC,Dong Thap,2,2,0,0,DX - HT - TD,DX - HT - TD,3,3,10.5,2.5,6.5,0,10.5,2.5,6.5,0,0,2.5,0,0,0,6.5,0,0,0,10.5,0,0,0,0,0,0,0,6.5,0,0,0,0,11,0,c(-104384.641880846, 1173021.25023192)
87-874-30157009005,30157009005,87,874,30157,9,5,6,3,6,307,105.4853568,10.5621302,Tinh Dong Thap,6_MRD,NA,?,[--],970345,113.21,LUC,Dong Thap,2,2,0,0,DX - HT - TD,DX - HT - TD,3,3,10.5,2.5,6.5,0,10.5,2.5,6.5,0,0,2.5,0,0,0,6.5,0,0,0,10.5,0,0,0,0,0,0,0,6.5,0,0,0,0,11,0,c(-104383.499094412, 1173022.47415589)
87-874-30157009007,30157009007,87,874,30157,9,7,6,17,2,297,105.4853477,10.5621409,Tinh Dong Thap,6_MRD,NA,?,[--],970345,113.21,LUC,Dong Thap,2,2,0,0,DX - HT - TD,DX - HT - TD,3,3,10.5,2.5,6.5,0,10.5,2.5,6.5,0,0,2.5,0,0,0,6.5,0,0,0,10.5,0,0,0,0,0,0,0,6.5,0,0,0,0,11,0,c(-104384.477967095, 1173023.68009057)
87-874-30157009009,30157009009,87,874,30157,9,9,6,10,6,348,105.4851317,10.5594556,Tinh Dong Thap,6_MRD,IRRI-related (P2),[--],[--],970345,113.21,LUC,Dong Thap,2,2,0,0,DX - HT - TD,DX - HT - TD,3,3,10.5,2.5,6.5,0,10.5,2.5,6.5,0,0,2.5,0,0,0,6.5,0,0,0,10.5,0,0,0,0,0,0,0,6.5,0,0,0,0,11,0,c(-104413.489686036, 1172725.89715693)
87-875-30199024001,30199024001,87,875,30199,24,1,4,16,4,356,105.4998612,10.3483047,Tinh Dong Thap,6_MRD,IRRI-related (P2),[--],[--],968946,3.07,LUC,Dong Thap,2,2,0,0,DX - HT - TD,DX - HT - TD,3,3,11,2.5,5.5,0,11,2.5,5.5,0,0,2.5,0,0,5.5,0,0,0,0,0,11,0,0,0,0,0,5.5,0,0,0,0,0,0,12,c(-103204.752377983, 1149249.50660704)
87-875-30199024015,30199024015,87,875,30199,24,15,4,17,4,309,105.4998732,10.3483073,Tinh Dong Thap,6_MRD,IRRI-related (P2),[--],[--],968946,3.07,LUC,Dong Thap,2,2,0,0,DX - HT - TD,DX - HT - TD,3,3,11,2.5,5.5,0,11,2.5,5.5,0,0,2.5,0,0,5.5,0,0,0,0,0,11,0,0,0,0,0,5.5,0,0,0,0,0,0,12,c(-103203.427939233, 1149249.77250463)
87-877-30259032001,30259032001,87,877,30259,32,1,5,6,5,317,105.8746373,10.2608063,Tinh Dong Thap,6_MRD,IRRI-related line,[--],[--],626498,0.47,LUC,Vinh Long,0,2,4,4,0,0,0,0,0,0,0,0,0,0,0,0,0,0,0,0,0,0,0,0,0,0,0,0,0,0,0,0,0,0,0,0,0,0,0,0,c(-62164.5099252093, 1138850.33873347)
87-877-30259032003,30259032003,87,877,30259,32,3,5,6,5,294,105.738968,10.2543459,Tinh Dong Thap,6_MRD,NA,[--],[--],992108,359.17,LUC,Dong Thap,2,1,0,0,DX - HT - TD,DX - HT,3,2,11.5,3.5,5.5,0,11.5,3.5,0,0,0,0,0,0,5.5,0,0,0,0,0,11.5,0,0,0,3,0,0,0,0,0,0,0,0,12,c(-77090.7533423512, 1138374.69009746)
87-877-30259032007,30259032007,87,877,30259,32,7,5,6,5,324,105.7489656,10.2358444,Tinh Dong Thap,6_MRD,IRRI-related line,[--],[--],992190,88.92,LUC,Dong Thap,2,1,0,0,DX - HT - TD,DX - HT,3,2,11.5,3.5,5.5,0,11.5,3.5,0,0,0,0,0,0,5.5,0,0,0,0,0,11.5,0,0,0,3,0,0,0,0,0,0,0,0,12,c(-76025.1406844772, 1136302.93433464)
87-877-30259032009,30259032009,87,877,30259,32,9,5,6,5,340,105.7478788,10.2302435,Tinh Dong Thap,6_MRD,NA,[--],[--],992190,88.92,LUC,Dong Thap,2,1,0,0,DX - HT - TD,DX - HT,3,2,11.5,3.5,5.5,0,11.5,3.5,0,0,0,0,0,0,5.5,0,0,0,0,0,11.5,0,0,0,3,0,0,0,0,0,0,0,0,12,c(-76154.7901004079, 1135683.15955469)
87-877-30277008005,30277008005,87,877,30277,8,5,10,12,10,299,105.8128544,10.1823624,Tinh Dong Thap,6_MRD,IRRI-related (P),[+p]-Aus,[--],992251,166.69,LUC,Dong Thap,2,1,0,0,DX - HT - TD,DX - HT,3,2,11.5,3.5,5.5,0,11.5,3.5,0,0,0,0,0,0,5.5,0,0,0,0,0,0,12,0,0,3,0,0,0,0,0,0,0,0,12,c(-69096.3748768884, 1130252.72346684)
89-887-30391005003,30391005003,89,887,30391,5,3,3,14,3,259,105.2310514,10.7974181,Tinh An Giang,6_MRD,IRRI-related (P2),[--],[--],332267,32.85,LUC,An Giang,2,1,0,0,DX - HT - TD,DX - HT - TD,3,3,12.5,4.5,8,0,12.5,4.5,8,0,0,0,0,4.5,0,0,0,8,0,0,0,12.5,0,0,0,4.5,0,0,0,8,0,0,0,12.5,c(-131842.705958601, 1199668.14718537)
89-887-30391005009,30391005009,89,887,30391,5,9,3,20,3,583,105.1667449,10.8321321,Tinh An Giang,6_MRD,IRRI-related (P2),[--],[--],330586,73.35,LUC,An Giang,1,1,0,0,DX - HT - TD,DX - HT - TD,3,3,12.5,4.5,8,0,12.5,4.5,8,0,0,0,0,4.5,0,0,0,8,0,0,0,12.5,0,0,0,4.5,0,0,0,8,0,0,0,12.5,c(-138832.46968288, 1203659.59978143)
89-889-30469036003,30469036003,89,889,30469,36,3,7,15,7,256,105.2328298,10.5791766,Tinh An Giang,6_MRD,IRRI-related (P),[+p]-Aus,[--],405587,4.3,LUC,An Giang,2,1,0,0,DX - HT - TD,DX - HT - TD,3,3,10.5,3.5,7.5,0,10.5,3.5,7.5,0,0,0,3.5,0,0,0,0,8,0,0,11,0,0,0,3.5,0,0,0,7.5,0,0,0,0,12,c(-132101.598991266, 1175418.8037274)
89-889-30469036013,30469036013,89,889,30469,36,13,7,15,7,254,105.2314647,10.5820432,Tinh An Giang,6_MRD,IRRI-related (P),[+p]-Aus,[--],405587,4.3,LUC,An Giang,2,1,0,0,DX - HT - TD,DX - HT - TD,3,3,10.5,3.5,7.5,0,10.5,3.5,7.5,0,0,0,3.5,0,0,0,0,8,0,0,11,0,0,0,3.5,0,0,0,7.5,0,0,0,0,12,c(-132245.740346666, 1175740.05390624)
89-889-30469036015,30469036015,89,889,30469,36,15,7,18,7,548,105.2328513,10.5792021,Tinh An Giang,6_MRD,IRRI-related (P),[+p]-Aus,[--],405587,4.3,LUC,An Giang,2,1,0,0,DX - HT - TD,DX - HT - TD,3,3,10.5,3.5,7.5,0,10.5,3.5,7.5,0,0,0,3.5,0,0,0,0,8,0,0,11,0,0,0,3.5,0,0,0,7.5,0,0,0,0,12,c(-132099.183209566, 1175421.59283552)
89-889-30481018003,30481018003,89,889,30481,18,3,3,11,3,250,105.137708,10.5379523,Tinh An Giang,6_MRD,IRRI-related (P),[+p]-Aus,[--],399687,119.79,LUC,An Giang,1,1,0,0,DX - HT - TD,DX - HT - TD,3,3,10.5,3.5,7.5,0,10.5,3.5,7.5,0,0,0,3.5,0,0,0,0,8,0,0,11,0,0,0,3.5,0,0,0,7.5,0,0,0,0,12,c(-142644.247586349, 1171033.77219743)
89-889-30481018007,30481018007,89,889,30481,18,7,3,14,3,248,105.1347771,10.540829,Tinh An Giang,6_MRD,IRRI-related (P),[+p]-Aus,[--],399690,24.34,LUC,An Giang,1,1,0,0,DX - HT - TD,DX - HT - TD,3,3,10.5,3.5,7.5,0,10.5,3.5,7.5,0,0,0,3.5,0,0,0,0,8,0,0,11,0,0,0,3.5,0,0,0,7.5,0,0,0,0,12,c(-142960.495951232, 1171359.46673545)
89-889-30481018009,30481018009,89,889,30481,18,9,3,11,3,525,105.1382004,10.5380054,Tinh An Giang,6_MRD,IRRI-related (P),[+p]-Aus,[--],399690,24.34,LUC,An Giang,1,1,0,0,DX - HT - TD,DX - HT - TD,3,3,10.5,3.5,7.5,0,10.5,3.5,7.5,0,0,0,3.5,0,0,0,0,8,0,0,11,0,0,0,3.5,0,0,0,7.5,0,0,0,0,12,c(-142589.997079722, 1171038.65555362)
89-889-30481018013,30481018013,89,889,30481,18,13,3,11,3,269,105.1376895,10.5349181,Tinh An Giang,6_MRD,IRRI-related (P2),[--],[--],399687,119.79,LUC,An Giang,1,1,0,0,DX - HT - TD,DX - HT - TD,3,3,10.5,3.5,7.5,0,10.5,3.5,7.5,0,0,0,3.5,0,0,0,0,8,0,0,11,0,0,0,3.5,0,0,0,7.5,0,0,0,0,12,c(-142652.612564749, 1170696.67085845)
89-889-30481018015,30481018015,89,889,30481,18,15,3,14,3,542,105.1382374,10.5361686,Tinh An Giang,6_MRD,IRRI-related (P2),[--],[--],399687,119.79,LUC,An Giang,1,1,0,0,DX - HT - TD,DX - HT - TD,3,3,10.5,3.5,7.5,0,10.5,3.5,7.5,0,0,0,3.5,0,0,0,0,8,0,0,11,0,0,0,3.5,0,0,0,7.5,0,0,0,0,12,c(-142589.761280304, 1170834.48669802)
89-889-30484030001,30484030001,89,889,30484,30,1,10,19,10,247,105.2424349,10.5639776,Tinh An Giang,6_MRD,IRRI-related (P),[+p]-Aus,[--],400420,14.04,LUC,An Giang,2,1,0,0,DX - HT - TD,DX - HT - TD,3,3,10.5,3.5,7.5,0,10.5,3.5,7.5,0,0,0,3.5,0,0,0,0,8,0,0,11,0,0,0,3.5,0,0,0,7.5,0,0,0,0,12,c(-131077.070446927, 1173710.72657244)
89-890-30538024005,30538024005,89,890,30538,24,5,7,8,7,244,105.0203702,10.4719149,Tinh An Giang,6_MRD,NA,[--],[--],304766,157.24,LUK,An Giang,2,1,0,0,DX - HT - TD,DX - HT - TD,3,3,10,3.5,7.5,0,10,3.5,7.5,0,0,0,3.5,0,0,0,7.5,0,0,0,11,0,0,0,3.5,0,0,0,7.5,0,0,0,11,0,c(-155687.081843821, 1163939.44967383)
89-890-30538024011,30538024011,89,890,30538,24,11,7,9,7,527,105.0220574,10.4743826,Tinh An Giang,6_MRD,NA,[+p]-Aus,[--],305161,13.09,LUK,An Giang,2,1,0,0,DX - HT - TD,DX - HT - TD,3,3,10,3.5,7.5,0,10,3.5,7.5,0,0,0,3.5,0,0,0,7.5,0,0,0,11,0,0,0,3.5,0,0,0,7.5,0,0,0,11,0,c(-155496.274999738, 1164210.16439091)
89-893-30649037015,30649037015,89,893,30649,37,15,11,9,11,519,105.4029641,10.5501531,Tinh An Giang,6_MRD,IRRI-related (P),[+p]-Aus,[--],380773,4.21,LUC,An Giang,3,2,0,0,DX - HT - TD,DX - HT - TD,3,3,12.5,3.5,8,0,12.5,4.5,8,0,0,0,3.5,0,0,0,0,8,0,0,0,12.5,0,0,0,4.5,0,0,0,8,0,0,0,12.5,c(-113461.254683827, 1171853.69838098)
89-894-30706005003,30706005003,89,894,30706,5,3,1,16,2,272,105.26835,10.2946953,Tinh An Giang,6_MRD,IRRI-related (P),[+p]-Aus,[--],314572,41.09,LUC,An Giang,2,1,0,0,DX - HT - TD,DX - HT - TD,3,3,10.5,3.5,7.5,0,10.5,3.5,7.5,0,0,0,0,4,0,0,0,8,0,0,11,0,0,0,3.5,0,0,0,7.5,0,0,0,0,12,c(-128772.101434697, 1143743.8743326)
89-894-30706005005,30706005005,89,894,30706,5,5,1,15,2,253,105.2704995,10.2921138,Tinh An Giang,6_MRD,NA,?,[--],314489,0.12,LUC,An Giang,2,1,0,0,DX - HT - TD,DX - HT - TD,3,3,10.5,3.5,7.5,0,10.5,3.5,7.5,0,0,0,0,4,0,0,0,8,0,0,11,0,0,0,3.5,0,0,0,7.5,0,0,0,0,12,c(-128540.769481518, 1143452.85739218)
89-894-30706005009,30706005009,89,894,30706,5,9,1,12,2,246,105.2606237,10.3130172,Tinh An Giang,6_MRD,IRRI-related (P),[+p]-Aus,[--],314557,22.24,LUC,An Giang,2,1,0,0,DX - HT - TD,DX - HT - TD,3,3,10.5,3.5,7.5,0,10.5,3.5,7.5,0,0,0,0,4,0,0,0,8,0,0,11,0,0,0,3.5,0,0,0,7.5,0,0,0,0,12,c(-129585.509137612, 1145794.52213404)
91-902-30790006005,30790006005,91,902,30790,6,5,1,19,2,280,104.7320623,10.2845059,Tinh Kien Giang,6_MRD,NA,[--],[--],946315,267.35,LUC,Kien Giang,0,0,0,0,DX - HT,DX - HT,2,2,10.5,6,0,0,10,6.5,0,0,0,0,0,0,0,6,0,0,0,10.5,11,0,0,0,0,0,0,6.5,0,0,0,10,0,0,c(-187820.301501545, 1143719.75728961)
91-903-30835012005,30835012005,91,903,30835,12,5,2,19,2,276,105.0964012,9.990572,Tinh Kien Giang,6_MRD,IRRI-related (P2),[--],[--],947084,0.36,LUC,Kien Giang,0,0,0,0,DX - HT,DX - HT,2,2,11,5,0,0,11,5,0,0,0,0,0,0,5,0,0,0,0,0,11,0,0,0,0,0,5,0,0,0,0,0,11,0,c(-148307.023737345, 1110293.90364102)
91-903-30835012017,30835012017,91,903,30835,12,17,2,19,2,273,105.0003451,10.1364559,Tinh Kien Giang,6_MRD,IRRI-related (P2),[--],[--],961484,9.06,LUC,Kien Giang,0,0,0,0,DX - HT,DX - HT,2,2,10.5,5.5,0,0,10,6,0,0,0,0,0,0,5.5,6,0,0,0,10.5,11,0,0,0,0,0,0,6,0,0,0,10,0,0,c(-158590.814751499, 1126698.77854649)
91-904-30868014013,30868014013,91,904,30868,14,13,1,13,2,304,105.1012675,9.9847639,Tinh Kien Giang,6_MRD,IRRI-related (P2),[--],[--],947650,8.86,LUC,Kien Giang,0,0,0,0,DX - HT,DX - HT,2,2,11,5,0,0,11,5,0,0,0,0,0,0,5,0,0,0,0,0,11,0,0,0,0,0,5,0,0,0,0,0,11,0,c(-147782.562383859, 1109638.89257401)
91-904-30871006003,30871006003,91,904,30871,6,3,8,6,8,274,105.2061,10.1085559,Tinh Kien Giang,6_MRD,IRRI-related (P),[+p]-Aus,[--],271846,441.62,LUC,Kien Giang,0,0,0,0,DX - HT - TD,DX - HT - TD,3,3,11.5,4,7,0,11.5,4,7,0,0,0,0,4,0,0,7,0,0,10.5,11.5,12,0,0,0,4,0,0,7,0,0,0,11.5,12,c(-135992.523929636, 1123187.22806522)
91-904-30871006007,30871006007,91,904,30871,6,7,8,6,8,346,105.1990022,10.1143968,Tinh Kien Giang,6_MRD,IRRI-related (P),[+p]-Aus,[--],271848,847.15,LUC,Kien Giang,0,0,0,0,DX - HT - TD,DX - HT - TD,3,3,11.5,4,7,0,11.5,4,7,0,0,0,0,4,0,0,7,0,0,10.5,11.5,12,0,0,0,4,0,0,7,0,0,0,11.5,12,c(-136762.351567076, 1123850.08997502)
91-904-30871006011,30871006011,91,904,30871,6,11,8,6,8,271,105.1946327,10.1178186,Tinh Kien Giang,6_MRD,IRRI-related (P),[+p]-Aus,[--],271848,847.15,LUC,Kien Giang,0,0,0,0,DX - HT - TD,DX - HT - TD,3,3,11.5,4,7,0,11.5,4,7,0,0,0,0,4,0,0,7,0,0,10.5,11.5,12,0,0,0,4,0,0,7,0,0,0,11.5,12,c(-137236.599905281, 1124238.84814523)
91-905-30886021001,30886021001,91,905,30886,21,1,7,10,7,258,105.2000616,9.9877046,Tinh Kien Giang,6_MRD,IRRI-related (P),[+p]-Aus,[--],958304,90.56,LUC,Kien Giang,0,0,0,0,DX - HT - TD,DX - HT - TD,3,3,11.5,5.5,8,0,11.5,5.5,8,0,0,0,0,0,5.5,6,0,8,0,10.5,11.5,12,0,0,0,0,5.5,6,0,8,0,0,11.5,12,c(-136895.290141329, 1109772.2913916)
91-905-30886021005,30886021005,91,905,30886,21,5,7,10,7,270,105.0862474,10.0097472,Tinh Kien Giang,6_MRD,NA,?,[--],947025,3.16,LUC,Kien Giang,0,0,0,0,DX - HT,DX - HT,2,2,11,5,0,0,11,5,0,0,0,0,0,0,5,0,0,0,0,0,11,0,0,0,0,0,5,0,0,0,0,0,11,0,c(-149387.156383676, 1112444.796445)
91-905-30886021013,30886021013,91,905,30886,21,13,7,10,7,281,105.1954397,9.9945711,Tinh Kien Giang,6_MRD,IRRI-related (P),[+p]-Aus,[--],958304,90.56,LUC,Kien Giang,0,0,0,0,DX - HT - TD,DX - HT - TD,3,3,11.5,5.5,8,0,11.5,5.5,8,0,0,0,0,0,5.5,6,0,8,0,10.5,11.5,12,0,0,0,0,5.5,6,0,8,0,0,11.5,12,c(-137390.859526296, 1110544.14969807)
91-905-30895030009,30895030009,91,905,30895,30,9,6,15,6,241,105.2064999,9.8898863,Tinh Kien Giang,6_MRD,IRRI-related (P),[+p]-Aus,[--],959089,244.87,LUC,Kien Giang,0,0,0,0,DX - HT,DX - HT,2,2,10,6,0,0,10,6,0,0,0,0,0,0,0,6,0,0,0,10,0,0,0,0,0,0,0,6,0,0,0,10,0,0,c(-136376.56785182, 1098892.14070816)
91-906-30931008015,30931008015,91,906,30931,8,15,2,20,2,329,105.4071045,9.9345826,Tinh Kien Giang,6_MRD,IRRI-related (P2),[--],[--],278159,62.48,LUC,Kien Giang,0,3,0,0,DX - HT - TD,DX - HT - TD,3,3,10.5,3.5,7,0,10.5,3.5,7,0,0,0,3.5,4,0,0,7,0,0,10.5,11,0,0,0,3.5,4,0,0,7,0,0,10.5,11,0,c(-114196.858311115, 1103477.87392839)
91-907-30967008007,30967008007,91,907,30967,8,7,12,10,12,301,105.2196636,9.7521445,Tinh Kien Giang,6_MRD,NA,?,[--],880208,18.62,LUC,Kien Giang,0,0,0,0,DX - HT,DX - HT,2,2,11,3,0,0,11,3,0,0,0,0,3,0,0,0,0,0,0,0,11,0,0,0,3,0,0,0,0,0,0,0,11,0,c(-135190.674429579, 1083564.04198618)
92-924-31246001003,31246001003,92,924,31246,1,3,3,7,3,4,105.3531479,10.2076938,Thanh pho Can Tho,6_MRD,IRRI-related line,[--],[--],286048,2775.13,LUC,TP. Can Tho,0,3,0,0,DX - HT - TD,DX - HT,3,2,11.5,5,6.5,0,11.5,5,0,0,0,0,0,4,0,0,7,0,0,0,11,0,0,0,0,0,5,0,0,0,0,0,11.5,0,c(-119613.88440719, 1133914.19825913)
92-924-31246001007,31246001007,92,924,31246,1,7,3,7,3,3,105.3444307,10.2213722,Thanh pho Can Tho,6_MRD,IRRI-related (P2),[--],[--],286048,2775.13,LUC,TP. Can Tho,0,3,0,0,DX - HT - TD,DX - HT,3,2,11.5,5,6.5,0,11.5,5,0,0,0,0,0,4,0,0,7,0,0,0,0,12,0,0,0,0,5,0,0,0,0,0,11.5,0,c(-120546.351033136, 1135450.35149214)
92-924-31246001009,31246001009,92,924,31246,1,9,3,7,3,36,105.3436498,10.2229054,Thanh pho Can Tho,6_MRD,IRRI-related (P2),[--],[--],286048,2775.13,LUC,TP. Can Tho,0,3,0,0,DX - HT - TD,DX - HT,3,2,11.5,5,6.5,0,11.5,5,0,0,0,0,0,4,0,0,7,0,0,0,0,12,0,0,0,0,5,0,0,0,0,0,11.5,0,c(-120629.276471368, 1135622.16237903)
92-925-31255013003,31255013003,92,925,31255,13,3,2,14,2,98,105.4807843,10.1818899,Thanh pho Can Tho,6_MRD,IRRI-related (P2),[--],[--],284687,80.72,LUC,TP. Can Tho,2,2,0,0,DX - HT - TD,DX - HT - TD,3,3,11,2.5,6.5,0,11,2.5,6.5,0,0,2,0,0,0,6,0,0,0,0,11,0,0,0,0,0,0,6.5,0,0,0,0,11,0,c(-105620.629316768, 1130805.35834668)
92-927-31268008005,31268008005,92,927,31268,8,5,4,20,4,39,105.5831619,10.0908629,Thanh pho Can Tho,6_MRD,NA,?,[--],285346,92.57,LUC,TP. Can Tho,2,2,0,0,DX - HT - TD,DX - Mau - TD,3,2,11.5,5,6.5,0,11.5,0,5.5,0,0,0,3,0,0,6,0,0,0,0,11,0,0,0,0,0,5.5,0,0,0,0,0,11.5,0,c(-94527.1096259882, 1120507.76577425)
92-927-31268008015,31268008015,92,927,31268,8,15,4,20,4,11,105.5837559,10.0895206,Thanh pho Can Tho,6_MRD,IRRI-related (P),[+p]-Aus,[--],285341,6.15,LUC,TP. Can Tho,2,2,0,0,DX - HT - TD,DX - Mau - TD,3,2,11.5,5,6.5,0,11.5,0,5.5,0,0,0,3,0,0,6,0,0,0,0,11,0,0,0,0,0,5.5,0,0,0,0,0,11.5,0,c(-94464.2283128715, 1120357.64060902)
92-927-31285006003,31285006003,92,927,31285,6,3,2,15,2,30,105.5487196,10.0419819,Thanh pho Can Tho,6_MRD,IRRI-related (P2),[--],[--],285277,343.86,LUC,TP. Can Tho,1,1,0,0,DX - HT - TD,DX - HT - TS,3,2,11.5,4.5,6.5,0,11.5,4.5,0,0,0,0,3,0,0,6,0,0,0,0,11,0,0,0,0,4.5,5,0,0,0,0,0,11.5,0,c(-98407.4261480054, 1115143.25340857)
92-927-31285006005,31285006005,92,927,31285,6,5,2,15,2,29,105.5487196,10.0419819,Thanh pho Can Tho,6_MRD,NA,?,[--],285277,343.86,LUC,TP. Can Tho,1,1,0,0,DX - HT - TD,DX - HT - TS,3,2,11.5,4.5,6.5,0,11.5,4.5,0,0,0,0,3,0,0,6,0,0,0,0,11,0,0,0,0,4.5,5,0,0,0,0,0,11.5,0,c(-98407.4261480054, 1115143.25340857)
92-927-31291002005,31291002005,92,927,31291,2,5,7,14,7,35,105.6125163,10.0324476,Thanh pho Can Tho,6_MRD,IRRI-related (P),[+p]-Aus,[--],285826,86.82,LUC,TP. Can Tho,1,1,0,0,DX - HT - TD,DX - HT - TS,3,2,11.5,4.5,6.5,0,11.5,4.5,0,0,0,0,3,0,0,6,0,0,0,0,11,0,0,0,0,4.5,0,0,0,0,0,0,11.5,0,c(-91404.2140337615, 1113968.52702796)
92-927-31291002007,31291002007,92,927,31291,2,7,7,14,7,40,105.6168531,10.0333997,Thanh pho Can Tho,6_MRD,IRRI-related (P),[+p]-Aus,[--],285826,86.82,LUC,TP. Can Tho,1,1,0,0,DX - HT - TD,DX - HT - TS,3,2,11.5,4.5,6.5,0,11.5,4.5,0,0,0,0,3,0,0,6,0,0,0,0,11,0,0,0,0,4.5,0,0,0,0,0,0,11.5,0,c(-90925.2392053568, 1114066.39723093)
92-927-31291002013,31291002013,92,927,31291,2,13,7,14,7,21,105.6205912,10.0233411,Thanh pho Can Tho,6_MRD,IRRI-related (P),[+p]-Aus,[--],285645,2.83,LUC,TP. Can Tho,1,1,0,0,DX - HT - TD,DX - HT - TS,3,2,11.5,4.5,6.5,0,11.5,4.5,0,0,0,0,3,0,0,6,0,0,0,0,11,0,0,0,0,4.5,0,0,0,0,0,0,11.5,0,c(-90532.2022706553, 1112942.87627104)
93-930-31339004015,31339004015,93,930,31339,4,15,2,18,2,288,105.3661831,9.7138247,Tinh Hau Giang,6_MRD,IRRI-related (P),[+p]-Aus,[--],9220,14.68,LUC,Hau Giang,3,3,3,1,DX - HT,DX - HT,3,2,11.5,2.5,0,0,11.5,2.5,0,0,0,2.5,3,0,0,0,0,0,0,0,11.5,12,0,2.5,3,0,0,0,0,0,0,0,11,12,c(-119115.79585058, 1079034.45183468)
93-932-31348003005,31348003005,93,932,31348,3,5,1,23,2,534,105.6183807,9.9443503,Tinh Hau Giang,6_MRD,IRRI-related (P),[+p]-Aus,[--],965236,33.01,LUC,Hau Giang,0,3,0,0,DX - HT - TD,DX - HT - TD,3,3,11.5,2.5,6,0,10.5,3.5,6,0,0,2.5,3,0,0,6,0,0,0,0,11.5,12,0,0,3.5,4,0,6,0,0,0,10.5,11,0,c(-90918.7168184175, 1104176.78129511)
93-932-31348003009,31348003009,93,932,31348,3,9,1,23,2,544,105.5569945,9.945682,Tinh Hau Giang,6_MRD,NA,[--],[--],965033,54.08,LUC,Hau Giang,0,3,0,0,DX - HT - TD,DX - HT - TD,3,3,11.5,2,6,0,10.5,3.5,6,0,0,2,0,0,0,6,0,0,0,0,11.5,12,0,0,3.5,4,0,6,0,0,0,10.5,11,0,c(-97673.6062201237, 1104435.22742141)
93-932-31348003011,31348003011,93,932,31348,3,11,1,23,2,533,105.5549387,9.9466877,Tinh Hau Giang,6_MRD,IRRI-related (P2),[--],[--],964997,44.23,LUC,Hau Giang,0,3,0,0,DX - HT - TD,DX - HT - TD,3,3,11.5,2,6,0,10.5,3.5,6,0,0,2,0,0,0,6,0,0,0,0,11.5,12,0,0,3.5,4,0,6,0,0,0,10.5,11,0,c(-97898.0778158188, 1104550.62368244)
93-934-31405013007,31405013007,93,934,31405,13,7,1,15,2,568,105.7142084,9.8994953,Tinh Hau Giang,6_MRD,NA,[--],[--],988231,1.11,LUC,Hau Giang,0,3,0,0,DX - HT - TD,DX - HT - TD,3,3,12,3.5,7.5,0,12,3.5,7.5,0,0,0,3.5,4,0,0,7.5,8,0,0,0,12,0,0,3.5,4,0,0,7.5,8,0,0,0,12,c(-80450.7890615192, 1099027.34306939)
93-936-31486001001,31486001001,93,936,31486,1,1,2,28,2,569,105.5702731,9.678529,Tinh Hau Giang,6_MRD,IRRI-related (P2),[--],[--],882366,7.16,LUC,Hau Giang,0,3,0,0,DX - HT,DX - HT,3,2,11.5,3,0,0,11.5,3,0,0,0,0,3,0,0,0,0,0,0,0,11.5,12,0,0,3,0,0,0,0,0,0,0,11,12,c(-96692.4376966151, 1074747.89477144)
93-936-31486015013,31486015013,93,936,31486,15,13,3,12,3,501,105.5205112,9.6765423,Tinh Hau Giang,6_MRD,NA,?,[--],5951,8.29,LUC,Hau Giang,0,0,0,0,DX - HT - TD,DX - HT - TD,3,3,11.5,3.5,7,0,11,3.5,7,0,0,0,3.5,4,0,0,7,0,0,0,11.5,12,0,0,3.5,4,0,0,7,0,0,0,11,0,c(-102178.54025827, 1074615.31363908)
93-937-31480006007,31480006007,93,937,31480,6,7,1,18,2,516,105.5728234,9.6816218,Tinh Hau Giang,6_MRD,IRRI-related (P),[+p]-Aus,[--],882981,2.23,LUC,Hau Giang,0,3,0,0,DX - HT,DX - HT,3,2,11.5,3,0,0,11.5,3,0,0,0,0,3,0,0,0,0,0,0,0,11.5,12,0,0,3,0,0,0,0,0,0,0,11,12,c(-96405.9818140027, 1075086.812302)
95-961-31918025005,31918025005,95,961,31918,25,5,7,16,7,511,105.6180296,9.2916092,Tinh Bac Lieu,6_MRD,IRRI-related (P),[+p]-Aus,[--],915355,27.74,LUC,Bac Lieu,0,0,3,3,DX - HT - TD,Mau - HT - TD,3,2,11.5,5.5,9,0,0,6,10,0,0,0,0,0,5.5,0,0,0,9,0,0,12,0,0,0,0,0,6,0,0,0,10,0,0,c(-92098.2749551956, 1031705.88136221)
95-961-31918025007,31918025007,95,961,31918,25,7,7,5,7,426,105.6208841,9.2886689,Tinh Bac Lieu,6_MRD,NA,[--],[--],915633,1.22,LUK,Bac Lieu,0,0,3,3,DX - HT - TD,Mau - HT - TD,3,2,11.5,5.5,9,0,0,6,10,0,0,0,0,0,5.5,0,0,0,9,0,0,12,0,0,0,0,0,6,0,0,0,10,0,0,c(-91788.4196152022, 1031374.64414532)
95-961-31918025011,31918025011,95,961,31918,25,11,7,6,7,578,105.6299937,9.2826584,Tinh Bac Lieu,6_MRD,NA,[--],[--],916012,0.17,LUK,Bac Lieu,0,0,0,0,Tom,Tom,0,0,0,0,0,0,0,0,0,0,0,0,0,0,0,0,0,0,0,0,0,0,0,0,0,0,0,0,0,0,0,0,0,0,c(-90793.8599292003, 1030692.07461065)
95-961-31918025013,31918025013,95,961,31918,25,13,7,9,7,455,105.6299836,9.2826931,Tinh Bac Lieu,6_MRD,NA,[--],[--],916012,0.17,LUK,Bac Lieu,0,0,0,0,Tom,Tom,0,0,0,0,0,0,0,0,0,0,0,0,0,0,0,0,0,0,0,0,0,0,0,0,0,0,0,0,0,0,0,0,0,0,c(-90794.9154286521, 1030695.94404141)
