"","MATINH","MAHUYEN","MAXA","M43_C2","pfes_dummy","panel"
"1","01","016","00400",NA,0,2024
"2","01","016","00439",NA,0,2024
"3","01","018","00550",NA,0,2024
"4","01","018","00553",NA,0,2024
"5","01","020","00661",NA,0,2024
"6","02","026","00766",917.42,1,2024
"7","02","028","00847",1278.9,1,2024
"8","02","029","00889",1532,1,2024
"9","02","030","00925",NA,0,2024
"10","02","032","01090",2100.28,1,2024
"11","02","034","01195",6273.61,1,2024
"12","02","035","01228",5394.17,1,2024
"13","04","042","01316",1440.46,1,2024
"14","04","047","01465",713.29,1,2024
"15","04","048","01549",NA,0,2024
"16","04","051","01666",3136.98,1,2024
"17","04","051","01675",NA,0,2024
"18","04","040","01720",NA,0,2024
"19","06","060","01870",654.9,1,2024
"20","06","063","01990",NA,0,2024
"21","06","063","02017",NA,0,2024
"22","06","064","02050",NA,0,2024
"23","06","065","02116",NA,0,2024
"24","06","066","02197",NA,0,2024
"25","08","073","02338",NA,0,2024
"26","08","073","02341",6216.1,1,2024
"27","08","073","02353",NA,0,2024
"28","08","073","02365",1237.8,1,2024
"29","08","076","02545",NA,0,2024
"30","08","076","02548",NA,0,2024
"31","08","076","02554",NA,0,2024
"32","08","076","02572",NA,0,2024
"33","10","080","02665",NA,0,2024
"34","10","082","02749",152,1,2024
"35","10","084","02812",NA,0,2024
"36","10","085","02863",NA,0,2024
"37","10","087","02989",NA,0,2024
"38","10","088","03013",0,1,2024
"39","11","096","03158",4943.26,1,2024
"40","11","103","03170",1999.22,1,2024
"41","11","099","03284",200,1,2024
"42","11","102","03302",1295.01,1,2024
"43","11","094","03316",NA,0,2024
"44","11","101","03371",9.018,1,2024
"45","12","106","03394",857,1,2024
"46","12","112","03503",4000,1,2024
"47","12","108","03526",0,1,2024
"48","12","109","03565",2135.19,1,2024
"49","12","109","03571",1177.63,1,2024
"50","12","109","03589",348.08,1,2024
"51","14","118","03709",2222,1,2024
"52","14","119","03751",938,1,2024
"53","14","119","03799",1405,1,2024
"54","14","120","03835",1159,1,2024
"55","14","123","04030",2221.14,1,2024
"56","14","128","04058",1773.88,1,2024
"57","14","124","04093",4526.66,1,2024
"58","14","125","04126",284.12,1,2024
"59","14","125","04138",616.94,1,2024
"60","15","136","04378",NA,0,2024
"61","15","136","04414",NA,0,2024
"62","15","136","04420",NA,0,2024
"63","15","138","04519",NA,0,2024
"64","15","140","04699",1691.7,1,2024
"65","15","140","04705",3872.9,1,2024
"66","15","141","04732",411.5,1,2024
"67","17","153","04987",NA,0,2024
"68","17","153","05068",NA,0,2024
"69","17","153","05086",NA,0,2024
"70","17","157","05305",NA,0,2024
"71","17","158","05389",NA,0,2024
"72","17","159","05398",NA,0,2024
"73","17","159","05428",NA,0,2024
"74","19","167","05599",NA,0,2024
"75","19","167","05605",NA,0,2024
"76","19","168","05632",NA,0,2024
"77","19","170","05722",NA,0,2024
"78","19","172","05887",NA,0,2024
"79","19","173","05917",NA,0,2024
"80","19","173","05929",NA,0,2024
"81","20","180","06055",NA,0,2024
"82","20","183","06235",NA,0,2024
"83","20","183","06250",NA,0,2024
"84","20","186","06442",NA,0,2024
"85","20","187","06472",NA,0,2024
"86","20","188","06595",NA,0,2024
"87","22","201","06928",NA,0,2024
"88","22","202","06988",NA,0,2024
"89","22","193","07033",NA,0,2024
"90","22","193","07057",NA,0,2024
"91","24","215","07285",NA,0,2024
"92","24","216","07327",NA,0,2024
"93","24","216","07333",NA,0,2024
"94","24","218","07480",NA,0,2024
"95","24","218","07510",NA,0,2024
"96","24","218","07516",NA,0,2024
"97","24","219","07549",NA,0,2024
"98","24","222","07759",NA,0,2024
"99","24","222","07771",NA,0,2024
"100","24","222","07780",NA,0,2024
"101","25","231","08092",NA,0,2024
"102","25","231","08143",NA,0,2024
"103","25","232","08206",NA,0,2024
"104","25","234","08335",NA,0,2024
"105","25","235","08380",NA,0,2024
"106","25","236","08467",NA,0,2024
"107","25","227","08515",NA,0,2024
"108","25","237","08521",NA,0,2024
"109","25","240","08548",NA,0,2024
"110","25","239","08677",NA,0,2024
"111","26","244","08749",NA,0,2024
"112","26","246","08767",NA,0,2024
"113","26","246","08845",NA,0,2024
"114","26","251","09031",NA,0,2024
"115","26","251","09046",NA,0,2024
"116","26","251","09064",NA,0,2024
"117","27","258","09217",NA,0,2024
"118","27","259","09277",NA,0,2024
"119","27","259","09301",NA,0,2024
"120","27","260","09346",NA,0,2024
"121","27","260","09364",NA,0,2024
"122","27","262","09448",NA,0,2024
"123","27","263","09493",NA,0,2024
"124","27","264","09514",NA,0,2024
"125","27","264","09520",NA,0,2024
"126","01","269","09610",NA,0,2024
"127","01","272","09745",NA,0,2024
"128","01","272","09769",NA,0,2024
"129","01","273","09826",NA,0,2024
"130","01","274","09877",NA,0,2024
"131","01","276","09988",NA,0,2024
"132","01","277","10039",NA,0,2024
"133","01","279","10186",NA,0,2024
"134","01","279","10192",NA,0,2024
"135","01","280","10345",NA,0,2024
"136","01","281","10369",NA,0,2024
"137","01","282","10480",NA,0,2024
"138","30","291","10615",NA,0,2024
"139","30","288","10663",NA,0,2024
"140","30","293","10804",NA,0,2024
"141","30","288","10822",NA,0,2024
"142","30","294","10828",NA,0,2024
"143","30","294","10861",NA,0,2024
"144","30","297","11038",NA,0,2024
"145","30","297","11056",NA,0,2024
"146","30","298","11083",NA,0,2024
"147","30","298","11092",NA,0,2024
"148","30","300","11275",NA,0,2024
"149","31","311","11485",NA,0,2024
"150","31","311","11512",NA,0,2024
"151","31","311","11527",NA,0,2024
"152","31","312","11617",NA,0,2024
"153","31","313","11659",NA,0,2024
"154","31","313","11662",NA,0,2024
"155","31","314","11710",NA,0,2024
"156","31","316","11872",NA,0,2024
"157","31","316","11890",NA,0,2024
"158","33","325","11989",NA,0,2024
"159","33","325","12007",NA,0,2024
"160","33","325","12016",NA,0,2024
"161","33","326","12022",NA,0,2024
"162","33","328","12133",NA,0,2024
"163","33","329","12160",NA,0,2024
"164","33","329","12169",NA,0,2024
"165","33","330","12208",NA,0,2024
"166","33","331","12298",NA,0,2024
"167","33","332","12346",NA,0,2024
"168","33","332","12349",NA,0,2024
"169","34","338","12493",NA,0,2024
"170","34","338","12517",NA,0,2024
"171","34","339","12652",NA,0,2024
"172","34","340","12691",NA,0,2024
"173","34","340","12721",NA,0,2024
"174","34","340","12739",NA,0,2024
"175","34","341","12901",NA,0,2024
"176","34","341","12937",NA,0,2024
"177","34","342","13018",NA,0,2024
"178","34","342","13060",NA,0,2024
"179","34","343","13132",NA,0,2024
"180","34","343","13165",NA,0,2024
"181","34","336","13225",NA,0,2024
"182","34","344","13270",NA,0,2024
"183","34","344","13282",NA,0,2024
"184","35","350","13399",NA,0,2024
"185","35","350","13405",NA,0,2024
"186","35","350","13432",NA,0,2024
"187","35","347","13444",NA,0,2024
"188","35","351","13477",NA,0,2024
"189","35","353","13588",NA,0,2024
"190","35","353","13612",NA,0,2024
"191","35","353","13621",NA,0,2024
"192","36","358","13723",NA,0,2024
"193","36","358","13726",NA,0,2024
"194","36","360","13825",NA,0,2024
"195","36","360","13834",NA,0,2024
"196","36","361","13918",NA,0,2024
"197","36","361","13963",NA,0,2024
"198","36","362","13981",NA,0,2024
"199","36","362","14014",NA,0,2024
"200","36","364","14095",NA,0,2024
"201","36","364","14134",NA,0,2024
"202","36","365","14173",NA,0,2024
"203","36","365","14185",NA,0,2024
"204","36","366","14269",NA,0,2024
"205","37","372","14386",NA,0,2024
"206","37","374","14536",NA,0,2024
"207","37","375","14563",NA,0,2024
"208","37","375","14572",NA,0,2024
"209","37","375","14575",NA,0,2024
"210","37","376","14683",NA,0,2024
"211","37","377","14731",NA,0,2024
"212","37","377","14737",NA,0,2024
"213","37","377","14746",NA,0,2024
"214","38","385","14887",NA,0,2024
"215","38","389","15079",NA,0,2024
"216","38","390","15148",NA,0,2024
"217","38","393","15361",NA,0,2024
"218","38","394","15433",NA,0,2024
"219","38","394","15478",NA,0,2024
"220","38","397","15673",NA,0,2024
"221","38","398","15775",NA,0,2024
"222","38","398","15802",NA,0,2024
"223","38","399","15910",NA,0,2024
"224","38","399","16003",NA,0,2024
"225","38","403","16261",NA,0,2024
"226","38","404","16297",NA,0,2024
"227","38","404","16321",NA,0,2024
"228","38","407","16648",NA,0,2024
"229","40","412","16705",NA,0,2024
"230","40","415","16771",56,1,2024
"231","40","419","16987",NA,0,2024
"232","40","414","17014",NA,0,2024
"233","40","421","17170",NA,0,2024
"234","40","421","17206",NA,0,2024
"235","40","423","17302",NA,0,2024
"236","40","423","17305",NA,0,2024
"237","40","426","17515",NA,0,2024
"238","40","426","17524",NA,0,2024
"239","40","426","17587",NA,0,2024
"240","40","426","17593",NA,0,2024
"241","40","428","17818",NA,0,2024
"242","40","429","17857",NA,0,2024
"243","40","429","17881",NA,0,2024
"244","40","430","17983",NA,0,2024
"245","42","439","18184",NA,0,2024
"246","42","439","18211",NA,0,2024
"247","42","443","18436",NA,0,2024
"248","42","443","18445",NA,0,2024
"249","42","444","18556",816,1,2024
"250","42","448","18580",NA,0,2024
"251","42","446","18697",NA,0,2024
"252","42","446","18742",NA,0,2024
"253","44","454","19051",NA,0,2024
"254","44","458","19084",NA,0,2024
"255","44","458","19093",NA,0,2024
"256","44","458","19105",NA,0,2024
"257","44","455","19117",NA,0,2024
"258","44","455","19129",NA,0,2024
"259","44","455","19168",NA,0,2024
"260","44","457","19312",NA,0,2024
"261","45","465","19456",NA,0,2024
"262","45","465","19483",NA,0,2024
"263","45","468","19603",NA,0,2024
"264","45","468","19606",NA,0,2024
"265","45","470","19702",NA,0,2024
"266","45","470","19729",NA,0,2024
"267","46","476","19861",325,1,2024
"268","46","477","19888",NA,0,2024
"269","46","478","19933",NA,0,2024
"270","46","480","20005",NA,0,2024
"271","46","480","20041",NA,0,2024
"272","48","497","20302",NA,0,2024
"273","48","497","20308",NA,0,2024
"274","49","502","20371",138,1,2024
"275","49","502","20389",NA,0,2024
"276","49","508","20620",NA,0,2024
"277","49","508","20626",NA,0,2024
"278","49","509","20650",NA,0,2024
"279","49","513","20836",NA,0,2024
"280","49","514","20893",NA,0,2024
"281","49","517","20989",NA,0,2024
"282","49","517","20998",NA,0,2024
"283","51","524","21079",NA,0,2024
"284","51","524","21082",NA,0,2024
"285","51","524","21085",NA,0,2024
"286","51","525","21157",381,1,2024
"287","51","529","21325",NA,0,2024
"288","51","531","21358",NA,0,2024
"289","51","532","21379",NA,0,2024
"290","51","532","21388",26.64,1,2024
"291","51","535","21487",NA,0,2024
"292","51","535","21508",NA,0,2024
"293","52","543","21652",NA,0,2024
"294","52","544","21715",NA,0,2024
"295","52","547","21817",NA,0,2024
"296","52","547","21829",NA,0,2024
"297","52","548","21871",NA,0,2024
"298","52","548","21883",NA,0,2024
"299","52","550","21973",NA,0,2024
"300","52","551","22006",NA,0,2024
"301","54","555","22045",NA,0,2024
"302","54","557","22060",NA,0,2024
"303","54","560","22198",NA,0,2024
"304","54","561","22216",16.86,1,2024
"305","54","561","22234",NA,0,2024
"306","54","562","22285",NA,0,2024
"307","54","564","22291",NA,0,2024
"308","56","568","22384",NA,0,2024
"309","56","571","22513",NA,0,2024
"310","56","571","22516",NA,0,2024
"311","56","572","22540",NA,0,2024
"312","56","572","22552",NA,0,2024
"313","56","574","22705",568.46,1,2024
"314","58","586","22855",NA,0,2024
"315","58","586","22861",NA,0,2024
"316","58","587","22882",NA,0,2024
"317","58","587","22888",NA,0,2024
"318","58","589","22910",NA,0,2024
"319","60","593","22960",NA,0,2024
"320","60","595","22996",NA,0,2024
"321","60","597","23065",7020.23,1,2024
"322","60","597","23104",NA,0,2024
"323","60","598","23119",NA,0,2024
"324","60","599","23179",NA,0,2024
"325","60","602","23275",NA,0,2024
"326","62","608","23320",NA,0,2024
"327","62","611","23395",NA,0,2024
"328","62","612","23440",NA,0,2024
"329","62","617","23449",2230.68,1,2024
"330","62","614","23497",2359.76,1,2024
"331","62","615","23521",NA,0,2024
"332","64","622","23590",NA,0,2024
"333","64","622","23611",NA,0,2024
"334","64","625","23647",1500,1,2024
"335","64","625","23650",7176,1,2024
"336","64","629","23818",NA,0,2024
"337","64","632","23888",NA,0,2024
"338","64","632","23914",NA,0,2024
"339","64","632","23924",NA,0,2024
"340","66","645","24190",NA,0,2024
"341","66","647","24247",NA,0,2024
"342","66","647","24250",NA,0,2024
"343","66","648","24271",NA,0,2024
"344","66","651","24397",NA,0,2024
"345","66","652","24415",1560.34,1,2024
"346","66","653","24487",7745,1,2024
"347","66","654","24496",NA,0,2024
"348","66","657","24541",NA,0,2024
"349","66","657","24550",NA,0,2024
"350","67","660","24618",NA,0,2024
"351","67","662","24658",NA,0,2024
"352","67","663","24677",NA,0,2024
"353","67","663","24685",NA,0,2024
"354","67","667","24742",NA,0,2024
"355","67","666","24745",NA,0,2024
"356","67","667","24746",NA,0,2024
"357","68","672","24808",NA,0,2024
"358","68","676","24904",250,1,2024
"359","68","677","24949",NA,0,2024
"360","68","678","24988",3150,1,2024
"361","68","678","24994",1200,1,2024
"362","68","679","25042",NA,0,2024
"363","68","682","25153",NA,0,2024
"364","70","698","25252",NA,0,2024
"365","70","698","25264",NA,0,2024
"366","70","692","25294",NA,0,2024
"367","70","692","25297",NA,0,2024
"368","70","694","25349",NA,0,2024
"369","70","695","25369",NA,0,2024
"370","70","696","25414",NA,0,2024
"371","72","703","25471",NA,0,2024
"372","72","705","25504",NA,0,2024
"373","72","707","25555",NA,0,2024
"374","72","707","25567",NA,0,2024
"375","72","708","25591",NA,0,2024
"376","72","708","25618",NA,0,2024
"377","72","710","25660",NA,0,2024
"378","72","710","25672",NA,0,2024
"379","72","712","25711",NA,0,2024
"380","72","712","25729",NA,0,2024
"381","74","720","25786",NA,0,2024
"382","74","720","25789",NA,0,2024
"383","74","726","25894",NA,0,2024
"384","75","732","26107",NA,0,2024
"385","75","734","26128",33.5,1,2024
"386","75","734","26152",NA,0,2024
"387","75","735","26194",NA,0,2024
"388","75","737","26272",NA,0,2024
"389","75","738","26305",NA,0,2024
"390","75","738","26320",NA,0,2024
"391","75","739","26359",NA,0,2024
"392","75","740","26422",NA,0,2024
"393","75","742","26485",NA,0,2024
"394","75","742","26503",NA,0,2024
"395","77","748","26572",NA,0,2024
"396","77","753","26701",NA,0,2024
"397","77","754","26707",NA,0,2024
"398","77","754","26728",NA,0,2024
"399","77","754","26731",NA,0,2024
"400","79","783","27499",NA,0,2024
"401","79","783","27535",NA,0,2024
"402","79","784","27586",NA,0,2024
"403","79","784","27592",NA,0,2024
"404","79","785","27598",NA,0,2024
"405","79","785","27628",NA,0,2024
"406","80","794","27718",NA,0,2024
"407","80","796","27751",NA,0,2024
"408","80","798","27820",NA,0,2024
"409","80","800","27874",NA,0,2024
"410","80","802","27967",NA,0,2024
"411","80","802","27973",NA,0,2024
"412","80","803","28033",NA,0,2024
"413","80","804","28045",NA,0,2024
"414","80","806","28132",NA,0,2024
"415","80","807","28162",NA,0,2024
"416","80","807","28198",NA,0,2024
"417","82","816","28318",NA,0,2024
"418","82","819","28432",NA,0,2024
"419","82","820","28444",NA,0,2024
"420","82","817","28477",NA,0,2024
"421","82","820","28495",NA,0,2024
"422","82","820","28507",NA,0,2024
"423","82","822","28627",NA,0,2024
"424","82","822","28636",NA,0,2024
"425","82","822","28645",NA,0,2024
"426","82","822","28648",NA,0,2024
"427","82","816","28717",NA,0,2024
"428","82","816","28729",NA,0,2024
"429","83","829","28783",NA,0,2024
"430","83","829","28786",NA,0,2024
"431","83","831","28840",NA,0,2024
"432","83","831","28846",NA,0,2024
"433","83","833","28940",NA,0,2024
"434","83","833","28966",NA,0,2024
"435","83","834","29014",NA,0,2024
"436","83","834","29026",NA,0,2024
"437","83","836","29122",NA,0,2024
"438","83","836","29125",NA,0,2024
"439","83","837","29188",NA,0,2024
"440","83","837","29194",NA,0,2024
"441","84","844","29278",NA,0,2024
"442","84","844","29284",NA,0,2024
"443","84","845","29320",NA,0,2024
"444","84","846","29347",NA,0,2024
"445","84","847","29398",NA,0,2024
"446","84","848","29437",NA,0,2024
"447","84","848","29440",NA,0,2024
"448","84","849","29467",NA,0,2024
"449","84","851","29515",NA,0,2024
"450","86","857","29599",NA,0,2024
"451","86","858","29644",NA,0,2024
"452","86","858","29650",NA,0,2024
"453","86","859","29716",NA,0,2024
"454","86","860","29725",NA,0,2024
"455","86","863","29779",NA,0,2024
"456","86","861","29812",NA,0,2024
"457","86","862","29830",NA,0,2024
"458","87","866","29896",NA,0,2024
"459","87","870","29998",NA,0,2024
"460","87","871","30010",NA,0,2024
"461","87","873","30079",NA,0,2024
"462","87","873","30112",NA,0,2024
"463","87","874","30145",NA,0,2024
"464","87","875","30175",NA,0,2024
"465","87","875","30202",NA,0,2024
"466","87","877","30253",NA,0,2024
"467","87","877","30268",NA,0,2024
"468","89","886","30370",NA,0,2024
"469","89","887","30397",NA,0,2024
"470","89","888","30421",NA,0,2024
"471","89","888","30436",NA,0,2024
"472","89","890","30538",NA,0,2024
"473","89","890","30541",NA,0,2024
"474","89","891","30574",NA,0,2024
"475","89","892","30625",NA,0,2024
"476","89","893","30667",NA,0,2024
"477","89","894","30700",NA,0,2024
"478","91","902","30809",NA,0,2024
"479","91","903","30835",NA,0,2024
"480","91","903","30836",NA,0,2024
"481","91","904","30877",NA,0,2024
"482","91","906","30943",NA,0,2024
"483","91","906","30947",NA,0,2024
"484","91","907","30967",NA,0,2024
"485","91","910","31075",NA,0,2024
"486","91","911","31087",NA,0,2024
"487","91","912","31111",NA,0,2024
"488","92","925","31249",NA,0,2024
"489","92","925","31264",NA,0,2024
"490","92","927","31298",NA,0,2024
"491","93","932","31357",NA,0,2024
"492","93","934","31408",NA,0,2024
"493","93","934","31417",NA,0,2024
"494","93","934","31426",NA,0,2024
"495","93","937","31480",NA,0,2024
"496","93","937","31481",NA,0,2024
"497","93","936","31483",NA,0,2024
"498","94","942","31576",NA,0,2024
"499","94","944","31603",NA,0,2024
"500","94","944","31609",NA,0,2024
"501","94","946","31663",NA,0,2024
"502","94","946","31666",NA,0,2024
"503","94","951","31672",NA,0,2024
"504","94","951","31681",NA,0,2024
"505","94","951","31687",NA,0,2024
"506","94","951","31696",NA,0,2024
"507","95","954","31834",NA,0,2024
"508","95","956","31858",NA,0,2024
"509","95","956","31863",NA,0,2024
"510","95","958","31903",NA,0,2024
"511","95","961","31930",NA,0,2024
"512","95","959","31963",NA,0,2024
"513","95","960","31981",NA,0,2024
"514","96","964","32026",NA,0,2024
"515","96","964","32041",NA,0,2024
"516","96","967","32083",NA,0,2024
"517","96","968","32104",NA,0,2024
"518","96","968","32107",NA,0,2024
"519","96","969","32137",NA,0,2024
"520","96","970","32173",NA,0,2024
"521","96","970","32176",NA,0,2024
"522","96","973","32242",NA,0,2024
"523","01","017","00457",NA,0,2024
"524","01","017","00460",NA,0,2024
"525","01","017","00508",NA,0,2024
"526","01","018","00556",NA,0,2024
"527","02","030","00703",1778.3,1,2024
"528","02","026","00745",2439,1,2024
"529","02","027","00790",991.48,1,2024
"530","02","031","00985",10,1,2024
"531","02","032","01057",966.57,1,2024
"532","02","033","01102",903.67,1,2024
"533","02","035","01240",3127.5,1,2024
"534","04","042","01304",3476,1,2024
"535","04","045","01375",NA,0,2024
"536","04","047","01498",1056.54,1,2024
"537","04","047","01501",NA,0,2024
"538","04","049","01618",NA,0,2024
"539","04","051","01723",1598.15,1,2024
"540","06","061","01891",351,1,2024
"541","06","061","01912",1913,1,2024
"542","06","061","01924",1813,1,2024
"543","06","063","01975",NA,0,2024
"544","06","064","02047",NA,0,2024
"545","06","065","02110",NA,0,2024
"546","06","065","02125",NA,0,2024
"547","08","071","02233",NA,0,2024
"548","08","074","02410",NA,0,2024
"549","08","075","02449",NA,0,2024
"550","08","075","02452",NA,0,2024
"551","08","075","02476",NA,0,2024
"552","08","070","02503",NA,0,2024
"553","08","070","02515",NA,0,2024
"554","08","070","02521",250,1,2024
"555","10","080","02680",500,1,2024
"556","10","082","02701",20.58,1,2024
"557","10","085","02890",NA,0,2024
"558","10","086","02923",14.61,1,2024
"559","10","087","02971",NA,0,2024
"560","10","087","02977",0,1,2024
"561","11","096","03163",2997,1,2024
"562","11","097","03197",3438,1,2024
"563","11","101","03208",3500,1,2024
"564","11","099","03268",NA,0,2024
"565","11","099","03295",NA,0,2024
"566","11","102","03307",501.17,1,2024
"567","11","100","03364",NA,0,2024
"568","12","106","03418",1441.62,1,2024
"569","12","106","03427",442.55,1,2024
"570","12","108","03496",3254,1,2024
"571","12","109","03568",2982.5,1,2024
"572","12","110","03618",1773.62,1,2024
"573","12","110","03634",583,1,2024
"574","12","110","03643",1942.35,1,2024
"575","14","119","03778",1200,1,2024
"576","14","120","03814",4648,1,2024
"577","14","121","03880",2916,1,2024
"578","14","122","03910",851.23,1,2024
"579","14","124","04090",1631,1,2024
"580","14","125","04117",1149.51,1,2024
"581","14","126","04186",3440,1,2024
"582","14","126","04198",2205,1,2024
"583","15","136","04429",33,1,2024
"584","15","137","04474",7588,1,2024
"585","15","138","04501",NA,0,2024
"586","15","132","04558",411,1,2024
"587","15","140","04630",NA,0,2024
"588","15","141","04726",1519.59,1,2024
"589","15","141","04765",187.12,1,2024
"590","17","150","04855",NA,0,2024
"591","17","153","05077",NA,0,2024
"592","17","155","05170",NA,0,2024
"593","17","156","05254",1941,1,2024
"594","19","169","05665",NA,0,2024
"595","19","169","05674",NA,0,2024
"596","19","171","05785",NA,0,2024
"597","19","173","05923",NA,0,2024
"598","19","173","05935",NA,0,2024
"599","19","173","05947",NA,0,2024
"600","19","173","05959",NA,0,2024
"601","20","178","05986",NA,0,2024
"602","20","182","06166",208,1,2024
"603","20","183","06196",NA,0,2024
"604","20","186","06394",NA,0,2024
"605","20","187","06517",NA,0,2024
"606","20","188","06577",NA,0,2024
"607","22","193","07048",NA,0,2024
"608","22","205","07108",NA,0,2024
"609","22","205","07111",NA,0,2024
"610","24","216","07345",NA,0,2024
"611","24","216","07366",NA,0,2024
"612","24","217","07384",NA,0,2024
"613","24","217","07396",NA,0,2024
"614","24","218","07522",NA,0,2024
"615","24","219","07570",NA,0,2024
"616","24","219","07576",NA,0,2024
"617","24","219","07597",NA,0,2024
"618","24","223","07831",NA,0,2024
"619","24","223","07834",NA,0,2024
"620","25","227","07921",NA,0,2024
"621","25","228","07954",NA,0,2024
"622","25","230","07987",NA,0,2024
"623","25","232","08179",NA,0,2024
"624","25","232","08224",NA,0,2024
"625","25","233","08275",NA,0,2024
"626","25","235","08392",NA,0,2024
"627","25","236","08443",NA,0,2024
"628","25","237","08539",NA,0,2024
"629","25","240","08620",NA,0,2024
"630","25","238","08641",NA,0,2024
"631","26","246","08833",NA,0,2024
"632","26","247","08872",NA,0,2024
"633","26","247","08875",NA,0,2024
"634","26","247","08899",NA,0,2024
"635","01","250","08986",NA,0,2024
"636","01","250","08998",NA,0,2024
"637","26","251","09061",NA,0,2024
"638","26","252","09082",NA,0,2024
"639","26","252","09103",NA,0,2024
"640","26","252","09109",NA,0,2024
"641","27","258","09232",NA,0,2024
"642","27","260","09334",NA,0,2024
"643","27","260","09340",NA,0,2024
"644","27","262","09409",NA,0,2024
"645","27","264","09526",NA,0,2024
"646","27","264","09529",NA,0,2024
"647","01","271","09697",NA,0,2024
"648","01","272","09733",NA,0,2024
"649","01","274","09850",NA,0,2024
"650","01","275","09898",NA,0,2024
"651","01","277","10027",NA,0,2024
"652","01","277","10030",NA,0,2024
"653","01","278","10180",NA,0,2024
"654","01","279","10201",NA,0,2024
"655","01","280","10303",NA,0,2024
"656","01","281","10366",NA,0,2024
"657","01","282","10501",NA,0,2024
"658","30","291","10612",NA,0,2024
"659","30","291","10618",NA,0,2024
"660","30","291","10639",NA,0,2024
"661","30","292","10705",NA,0,2024
"662","30","294","10864",NA,0,2024
"663","30","294","10876",NA,0,2024
"664","30","295","10894",NA,0,2024
"665","30","295","10927",NA,0,2024
"666","30","298","11098",NA,0,2024
"667","30","298","11119",NA,0,2024
"668","30","298","11137",NA,0,2024
"669","30","299","11203",NA,0,2024
"670","31","311","11503",NA,0,2024
"671","31","311","11524",NA,0,2024
"672","31","311","11542",NA,0,2024
"673","31","311","11563",NA,0,2024
"674","31","313","11677",NA,0,2024
"675","31","314","11722",NA,0,2024
"676","31","314","11728",NA,0,2024
"677","31","315","11761",NA,0,2024
"678","33","325","11995",NA,0,2024
"679","33","326","12028",NA,0,2024
"680","33","326","12049",NA,0,2024
"681","33","327","12058",NA,0,2024
"682","33","329","12181",NA,0,2024
"683","33","329","12184",NA,0,2024
"684","33","330","12211",NA,0,2024
"685","33","330","12247",NA,0,2024
"686","33","331","12328",NA,0,2024
"687","33","333","12403",NA,0,2024
"688","33","333","12421",NA,0,2024
"689","34","338","12484",NA,0,2024
"690","34","338","12529",NA,0,2024
"691","34","338","12550",NA,0,2024
"692","34","338","12583",NA,0,2024
"693","34","340","12703",NA,0,2024
"694","34","340","12745",NA,0,2024
"695","34","340","12784",NA,0,2024
"696","34","340","12802",NA,0,2024
"697","34","341","12964",NA,0,2024
"698","34","342","13000",NA,0,2024
"699","34","343","13102",NA,0,2024
"700","34","343","13180",NA,0,2024
"701","34","344","13216",NA,0,2024
"702","35","347","13306",NA,0,2024
"703","35","349","13351",NA,0,2024
"704","35","347","13372",NA,0,2024
"705","35","351","13453",NA,0,2024
"706","35","351","13456",NA,0,2024
"707","35","351","13486",NA,0,2024
"708","35","352","13510",NA,0,2024
"709","35","353","13600",NA,0,2024
"710","35","353","13627",NA,0,2024
"711","36","359","13780",NA,0,2024
"712","36","359","13783",NA,0,2024
"713","36","360","13870",NA,0,2024
"714","36","360","13876",NA,0,2024
"715","36","362","13972",NA,0,2024
"716","36","362","14005",NA,0,2024
"717","36","363","14047",NA,0,2024
"718","36","363","14053",NA,0,2024
"719","36","365","14176",NA,0,2024
"720","36","365","14200",NA,0,2024
"721","36","366","14239",NA,0,2024
"722","36","366","14251",NA,0,2024
"723","36","366","14314",NA,0,2024
"724","37","372","14407",NA,0,2024
"725","37","372","14434",NA,0,2024
"726","37","372","14443",NA,0,2024
"727","37","375","14569",NA,0,2024
"728","37","375","14599",NA,0,2024
"729","37","375","14611",NA,0,2024
"730","37","375","14617",NA,0,2024
"731","37","377","14710",NA,0,2024
"732","37","377","14749",NA,0,2024
"733","38","390","15178",NA,0,2024
"734","38","391","15256",NA,0,2024
"735","38","394","15463",NA,0,2024
"736","38","395","15493",NA,0,2024
"737","38","395","15598",NA,0,2024
"738","38","397","15754",NA,0,2024
"739","38","399","15886",NA,0,2024
"740","38","400","16018",NA,0,2024
"741","38","401","16096",NA,0,2024
"742","38","404","16375",NA,0,2024
"743","38","405","16402",NA,0,2024
"744","38","405","16426",NA,0,2024
"745","40","415","16747",17400.9,1,2024
"746","40","418","16882",8895,1,2024
"747","40","418","16904",4880,1,2024
"748","40","420","17077",NA,0,2024
"749","40","432","17104",NA,0,2024
"750","40","422","17233",220.26,1,2024
"751","40","423","17287",NA,0,2024
"752","40","425","17392",NA,0,2024
"753","40","425","17395",NA,0,2024
"754","40","426","17557",NA,0,2024
"755","40","426","17584",NA,0,2024
"756","40","427","17635",NA,0,2024
"757","40","427","17674",NA,0,2024
"758","40","429","17893",NA,0,2024
"759","40","430","17971",NA,0,2024
"760","42","439","18172",NA,0,2024
"761","42","439","18175",NA,0,2024
"762","42","440","18253",NA,0,2024
"763","42","440","18274",NA,0,2024
"764","42","444","18499",NA,0,2024
"765","42","444","18520",NA,0,2024
"766","42","444","18550",NA,0,2024
"767","42","446","18679",NA,0,2024
"768","42","447","18766",NA,0,2024
"769","42","447","18802",NA,0,2024
"770","44","450","18889",NA,0,2024
"771","44","450","18892",NA,0,2024
"772","44","452","18931",NA,0,2024
"773","44","452","18943",NA,0,2024
"774","44","455","19144",NA,0,2024
"775","44","455","19159",NA,0,2024
"776","44","455","19177",NA,0,2024
"777","44","456","19222",NA,0,2024
"778","45","464","19375",34,1,2024
"779","45","466","19531",NA,0,2024
"780","45","467","19561",NA,0,2024
"781","45","469","19636",NA,0,2024
"782","45","469","19648",NA,0,2024
"783","45","462","19705",NA,0,2024
"784","46","476","19858",NA,0,2024
"785","46","474","19906",NA,0,2024
"786","46","478","19927",NA,0,2024
"787","46","474","19999",NA,0,2024
"788","46","482","20113",NA,0,2024
"789","46","482","20146",NA,0,2024
"790","48","497","20323",NA,0,2024
"791","49","518","20386",NA,0,2024
"792","49","504","20458",6727.17,1,2024
"793","49","506","20518",297.9,1,2024
"794","49","508","20605",NA,0,2024
"795","49","509","20683",NA,0,2024
"796","49","510","20707",NA,0,2024
"797","49","512","20770",NA,0,2024
"798","49","514","20896",NA,0,2024
"799","49","517","20983",NA,0,2024
"800","51","522","21034",NA,0,2024
"801","51","525","21145",109.3,1,2024
"802","51","527","21181",NA,0,2024
"803","51","527","21193",NA,0,2024
"804","51","522","21202",NA,0,2024
"805","51","527","21217",NA,0,2024
"806","51","532","21391",NA,0,2024
"807","51","533","21415",NA,0,2024
"808","51","533","21421",NA,0,2024
"809","51","534","21475",NA,0,2024
"810","52","544","21712",NA,0,2024
"811","52","545","21745",NA,0,2024
"812","52","545","21757",NA,0,2024
"813","52","548","21859",NA,0,2024
"814","52","548","21877",NA,0,2024
"815","52","548","21901",NA,0,2024
"816","52","549","21925",NA,0,2024
"817","52","551","22012",NA,0,2024
"818","54","555","22048",NA,0,2024
"819","54","557","22069",NA,0,2024
"820","54","558","22087",NA,0,2024
"821","54","558","22111",NA,0,2024
"822","54","562","22252",NA,0,2024
"823","54","562","22276",NA,0,2024
"824","54","562","22294",NA,0,2024
"825","54","563","22321",NA,0,2024
"826","56","568","22387",NA,0,2024
"827","56","568","22393",NA,0,2024
"828","56","568","22402",NA,0,2024
"829","56","572","22546",NA,0,2024
"830","56","572","22558",NA,0,2024
"831","56","572","22600",NA,0,2024
"832","56","573","22642",NA,0,2024
"833","58","584","22789",NA,0,2024
"834","58","585","22813",NA,0,2024
"835","58","588","22840",NA,0,2024
"836","58","587","22873",NA,0,2024
"837","58","587","22879",NA,0,2024
"838","58","589","22909",NA,0,2024
"839","60","595","22981",NA,0,2024
"840","60","596","23053",NA,0,2024
"841","60","597","23098",NA,0,2024
"842","60","598","23146",NA,0,2024
"843","60","599","23161",NA,0,2024
"844","60","600","23221",NA,0,2024
"845","60","594","23246",NA,0,2024
"846","62","608","23326",NA,0,2024
"847","62","610","23350",NA,0,2024
"848","62","612","23443",NA,0,2024
"849","62","615","23506",699.33,1,2024
"850","62","615","23515",412,1,2024
"851","64","623","23632",38.79,1,2024
"852","64","626","23692",NA,0,2024
"853","64","626","23716",NA,0,2024
"854","64","626","23719",NA,0,2024
"855","64","632","23899",NA,0,2024
"856","64","633","23947",NA,0,2024
"857","64","633","23966",NA,0,2024
"858","64","633","23968",NA,0,2024
"859","66","643","24157",NA,0,2024
"860","66","643","24160",NA,0,2024
"861","66","646","24223",NA,0,2024
"862","66","648","24292",NA,0,2024
"863","66","648","24295",NA,0,2024
"864","66","649","24314",NA,0,2024
"865","66","653","24457",NA,0,2024
"866","66","653","24475",0,1,2024
"867","66","654","24520",NA,0,2024
"868","66","654","24526",NA,0,2024
"869","67","662","24646",NA,0,2024
"870","67","663","24682",NA,0,2024
"871","67","664","24703",NA,0,2024
"872","67","664","24715",NA,0,2024
"873","67","667","24748",NA,0,2024
"874","67","666","24760",NA,0,2024
"875","68","673","24844",980.97,1,2024
"876","68","674","24886",NA,0,2024
"877","68","676","24925",NA,0,2024
"878","68","678","24964",400,1,2024
"879","68","679","25030",NA,0,2024
"880","68","680","25075",NA,0,2024
"881","68","682","25135",3119,1,2024
"882","70","698","25243",NA,0,2024
"883","70","692","25280",NA,0,2024
"884","70","694","25330",NA,0,2024
"885","70","690","25333",NA,0,2024
"886","70","694","25348",NA,0,2024
"887","70","696","25398",NA,0,2024
"888","70","696","25408",NA,0,2024
"889","72","705","25501",NA,0,2024
"890","72","706","25531",NA,0,2024
"891","72","707","25573",NA,0,2024
"892","72","708","25597",NA,0,2024
"893","72","708","25621",NA,0,2024
"894","72","709","25642",NA,0,2024
"895","72","711","25702",NA,0,2024
"896","72","711","25705",NA,0,2024
"897","74","720","25807",NA,0,2024
"898","74","721","25855",NA,0,2024
"899","74","722","25870",NA,0,2024
"900","75","735","26179",NA,0,2024
"901","75","735","26182",NA,0,2024
"902","75","735","26197",NA,0,2024
"903","75","736","26227",NA,0,2024
"904","75","738","26299",NA,0,2024
"905","75","739","26353",NA,0,2024
"906","75","739","26365",NA,0,2024
"907","75","740","26383",NA,0,2024
"908","75","741","26458",NA,0,2024
"909","75","742","26491",NA,0,2024
"910","75","742","26494",NA,0,2024
"911","77","750","26611",NA,0,2024
"912","77","750","26617",NA,0,2024
"913","77","751","26629",NA,0,2024
"914","77","751","26647",NA,0,2024
"915","79","783","27523",NA,0,2024
"916","79","783","27532",NA,0,2024
"917","79","783","27547",NA,0,2024
"918","79","784","27577",NA,0,2024
"919","79","785","27616",NA,0,2024
"920","79","785","27634",NA,0,2024
"921","80","794","27706",NA,0,2024
"922","80","799","27859",NA,0,2024
"923","80","799","27862",NA,0,2024
"924","80","802","27976",NA,0,2024
"925","80","802","27979",NA,0,2024
"926","80","803","28024",NA,0,2024
"927","80","803","28030",NA,0,2024
"928","80","806","28129",NA,0,2024
"929","80","806","28156",NA,0,2024
"930","80","808","28225",NA,0,2024
"931","82","819","28363",NA,0,2024
"932","82","819","28384",NA,0,2024
"933","82","819","28396",NA,0,2024
"934","82","819","28408",NA,0,2024
"935","82","821","28543",NA,0,2024
"936","82","821","28546",NA,0,2024
"937","82","821","28555",NA,0,2024
"938","82","821","28570",NA,0,2024
"939","82","824","28726",NA,0,2024
"940","82","824","28741",NA,0,2024
"941","82","824","28744",NA,0,2024
"942","82","824","28747",NA,0,2024
"943","83","831","28825",NA,0,2024
"944","83","832","28900",NA,0,2024
"945","83","838","28918",NA,0,2024
"946","83","833","28951",NA,0,2024
"947","83","834","29038",NA,0,2024
"948","83","834","29044",NA,0,2024
"949","83","835","29080",NA,0,2024
"950","83","835","29086",NA,0,2024
"951","83","837","29209",NA,0,2024
"952","83","837","29233",NA,0,2024
"953","84","844","29281",NA,0,2024
"954","84","845","29326",NA,0,2024
"955","84","846","29353",NA,0,2024
"956","84","847","29395",NA,0,2024
"957","84","847","29404",NA,0,2024
"958","84","849","29464",NA,0,2024
"959","84","849","29509",NA,0,2024
"960","84","850","29533",NA,0,2024
"961","84","850","29536",NA,0,2024
"962","86","857","29590",NA,0,2024
"963","86","857","29596",NA,0,2024
"964","86","859","29662",NA,0,2024
"965","86","859","29668",NA,0,2024
"966","86","859","29713",NA,0,2024
"967","86","860","29752",NA,0,2024
"968","86","863","29797",NA,0,2024
"969","86","862","29836",NA,0,2024
"970","86","862","29851",NA,0,2024
"971","87","867","29923",NA,0,2024
"972","87","869","29932",NA,0,2024
"973","87","871","30013",NA,0,2024
"974","87","871","30028",NA,0,2024
"975","87","873","30085",NA,0,2024
"976","87","873","30088",NA,0,2024
"977","87","873","30118",NA,0,2024
"978","87","875","30193",NA,0,2024
"979","87","875","30196",NA,0,2024
"980","87","876","30235",NA,0,2024
"981","87","877","30256",NA,0,2024
"982","89","883","30310",NA,0,2024
"983","89","886","30340",NA,0,2024
"984","89","886","30352",NA,0,2024
"985","89","888","30454",NA,0,2024
"986","89","889","30469",NA,0,2024
"987","89","889","30481",NA,0,2024
"988","89","889","30484",NA,0,2024
"989","89","893","30637",NA,0,2024
"990","89","893","30643",NA,0,2024
"991","89","893","30655",NA,0,2024
"992","89","894","30706",NA,0,2024
"993","91","899","30763",NA,0,2024
"994","91","903","30823",NA,0,2024
"995","91","904","30874",NA,0,2024
"996","91","905","30889",NA,0,2024
"997","91","905","30898",NA,0,2024
"998","91","907","30961",NA,0,2024
"999","91","908","30997",NA,0,2024
"1000","91","909","31024",NA,0,2024
"1001","91","912","31108",NA,0,2024
"1002","92","924","31252",NA,0,2024
"1003","92","927","31286",NA,0,2024
"1004","92","926","31312",NA,0,2024
"1005","93","930","31338",NA,0,2024
"1006","93","932","31345",NA,0,2024
"1007","93","933","31387",NA,0,2024
"1008","93","934","31399",NA,0,2024
"1009","93","934","31438",NA,0,2024
"1010","93","935","31462",NA,0,2024
"1011","93","936","31490",NA,0,2024
"1012","94","943","31534",NA,0,2024
"1013","94","943","31540",NA,0,2024
"1014","94","944","31588",NA,0,2024
"1015","94","944","31591",NA,0,2024
"1016","94","947","31693",NA,0,2024
"1017","94","947","31717",NA,0,2024
"1018","94","948","31741",NA,0,2024
"1019","94","949","31759",NA,0,2024
"1020","95","956","31861",NA,0,2024
"1021","95","957","31888",NA,0,2024
"1022","95","958","31906",NA,0,2024
"1023","95","961","31918",NA,0,2024
"1024","95","958","31921",NA,0,2024
"1025","95","961","31933",NA,0,2024
"1026","95","960","31996",NA,0,2024
"1027","96","964","32029",NA,0,2024
"1028","96","966","32059",NA,0,2024
"1029","96","967","32086",NA,0,2024
"1030","96","968","32125",NA,0,2024
"1031","96","969","32131",NA,0,2024
"1032","96","970","32167",NA,0,2024
"1033","96","972","32221",NA,0,2024
"1034","96","972","32227",NA,0,2024
"1035","96","973","32236",NA,0,2024
"1036","01","016","00406",NA,0,2024
"1037","01","017","00472",NA,0,2024
"1038","01","017","00502",NA,0,2024
"1039","01","020","00649",NA,0,2024
"1040","01","020","00658",NA,0,2024
"1041","02","030","00709",20,1,2024
"1042","02","026","00724",629.95,1,2024
"1043","02","028","00853",2240.87,1,2024
"1044","02","030","00961",250,1,2024
"1045","02","031","01006",3845.37,1,2024
"1046","02","034","01174",NA,0,2024
"1047","02","035","01264",583.2,1,2024
"1048","04","043","01327",1265.3,1,2024
"1049","04","045","01387",NA,0,2024
"1050","04","045","01393",NA,0,2024
"1051","04","048","01537",NA,0,2024
"1052","04","049","01639",NA,0,2024
"1053","04","052","01768",NA,0,2024
"1054","04","053","01807",NA,0,2024
"1055","06","060","01864",3722,1,2024
"1056","06","060","01879",1777,1,2024
"1057","06","063","02005",NA,0,2024
"1058","06","064","02068",NA,0,2024
"1059","06","065","02092",NA,0,2024
"1060","06","066","02176",NA,0,2024
"1061","08","074","02395",NA,0,2024
"1062","08","074","02401",NA,0,2024
"1063","08","074","02404",NA,0,2024
"1064","08","074","02422",NA,0,2024
"1065","08","076","02593",NA,0,2024
"1066","08","076","02605",NA,0,2024
"1067","08","076","02608",NA,0,2024
"1068","08","076","02623",NA,0,2024
"1069","10","083","02788",13.82,1,2024
"1070","10","085","02842",NA,0,2024
"1071","10","086","02917",NA,0,2024
"1072","10","086","02926",99.97,1,2024
"1073","10","089","03073",189.8,1,2024
"1074","10","089","03100",NA,0,2024
"1075","11","095","03184",3804,1,2024
"1076","11","097","03190",5849.64,1,2024
"1077","11","097","03200",4064.3,1,2024
"1078","11","101","03214",455,1,2024
"1079","11","100","03331",NA,0,2024
"1080","11","100","03343",NA,0,2024
"1081","11","100","03349",NA,0,2024
"1082","12","112","03474",1360,1,2024
"1083","12","108","03511",1968.6,1,2024
"1084","12","108","03520",3676.55,1,2024
"1085","12","108","03532",1468,1,2024
"1086","12","109","03574",1267.3,1,2024
"1087","12","111","03601",1443.59,1,2024
"1088","14","116","03676",806,1,2024
"1089","14","119","03736",1580,1,2024
"1090","14","119","03763",5747,1,2024
"1091","14","122","03922",667.14,1,2024
"1092","14","123","03985",2434.66,1,2024
"1093","14","128","04048",2673.29,1,2024
"1094","14","124","04075",1432.6,1,2024
"1095","14","125","04132",598.1,1,2024
"1096","14","126","04222",2227,1,2024
"1097","15","135","04336",25,1,2024
"1098","15","135","04357",50,1,2024
"1099","15","136","04447",134.13,1,2024
"1100","15","138","04570",NA,0,2024
"1101","15","133","04660",56.18,1,2024
"1102","15","133","04681",234.06,1,2024
"1103","15","141","04747",699.52,1,2024
"1104","17","152","04945",NA,0,2024
"1105","17","152","04969",NA,0,2024
"1106","17","152","05041",NA,0,2024
"1107","17","153","05065",NA,0,2024
"1108","17","156","05242",50,1,2024
"1109","17","157","05347",NA,0,2024
"1110","17","158","05374",NA,0,2024
"1111","17","158","05386",NA,0,2024
"1112","19","167","05545",NA,0,2024
"1113","19","167","05560",NA,0,2024
"1114","19","167","05566",NA,0,2024
"1115","19","168","05638",NA,0,2024
"1116","19","171","05803",NA,0,2024
"1117","19","171","05815",NA,0,2024
"1118","19","171","05827",NA,0,2024
"1119","20","180","06010",2000,1,2024
"1120","20","182","06154",NA,0,2024
"1121","20","182","06181",NA,0,2024
"1122","20","185","06373",0,1,2024
"1123","20","186","06400",NA,0,2024
"1124","20","187","06487",885.34,1,2024
"1125","20","188","06547",NA,0,2024
"1126","22","195","06799",NA,0,2024
"1127","22","199","06874",NA,0,2024
"1128","22","199","06880",NA,0,2024
"1129","22","201","06943",NA,0,2024
"1130","24","213","07222",NA,0,2024
"1131","24","215","07260",NA,0,2024
"1132","24","215","07273",NA,0,2024
"1133","24","217","07426",NA,0,2024
"1134","24","218","07459",NA,0,2024
"1135","24","218","07462",NA,0,2024
"1136","24","218","07486",NA,0,2024
"1137","24","213","07705",NA,0,2024
"1138","24","221","07720",NA,0,2024
"1139","24","221","07723",NA,0,2024
"1140","24","221","07747",NA,0,2024
"1141","25","230","08041",NA,0,2024
"1142","25","231","08122",NA,0,2024
"1143","25","233","08239",NA,0,2024
"1144","25","233","08260",NA,0,2024
"1145","25","235","08401",NA,0,2024
"1146","25","236","08461",NA,0,2024
"1147","25","240","08569",NA,0,2024
"1148","25","238","08611",NA,0,2024
"1149","25","238","08632",NA,0,2024
"1150","26","253","08782",NA,0,2024
"1151","26","246","08788",NA,0,2024
"1152","26","253","08827",NA,0,2024
"1153","26","253","08851",NA,0,2024
"1154","26","249","08938",NA,0,2024
"1155","26","249","08953",NA,0,2024
"1156","01","250","09019",NA,0,2024
"1157","26","251","09028",NA,0,2024
"1158","26","252","09151",NA,0,2024
"1159","27","259","09259",NA,0,2024
"1160","27","259","09307",NA,0,2024
"1161","27","260","09322",NA,0,2024
"1162","27","263","09466",NA,0,2024
"1163","27","263","09469",NA,0,2024
"1164","27","263","09484",NA,0,2024
"1165","01","271","09640",NA,0,2024
"1166","01","273","09817",NA,0,2024
"1167","01","274","09835",NA,0,2024
"1168","01","275","09916",NA,0,2024
"1169","01","275","09952",NA,0,2024
"1170","01","277","10069",NA,0,2024
"1171","01","278","10126",NA,0,2024
"1172","01","279","10264",NA,0,2024
"1173","01","280","10276",NA,0,2024
"1174","01","281","10417",NA,0,2024
"1175","01","282","10468",NA,0,2024
"1176","30","293","10777",NA,0,2024
"1177","30","293","10783",NA,0,2024
"1178","30","296","10975",NA,0,2024
"1179","30","296","10987",NA,0,2024
"1180","30","288","11017",NA,0,2024
"1181","30","297","11065",NA,0,2024
"1182","30","299","11215",NA,0,2024
"1183","30","300","11242",NA,0,2024
"1184","30","300","11266",NA,0,2024
"1185","31","311","11479",NA,0,2024
"1186","31","312","11587",NA,0,2024
"1187","31","312","11623",NA,0,2024
"1188","31","313","11632",NA,0,2024
"1189","31","313","11644",NA,0,2024
"1190","31","315","11797",NA,0,2024
"1191","31","316","11854",NA,0,2024
"1192","31","316","11875",NA,0,2024
"1193","31","316","11902",NA,0,2024
"1194","33","323","11974",NA,0,2024
"1195","33","325","12010",NA,0,2024
"1196","33","327","12091",NA,0,2024
"1197","33","330","12253",NA,0,2024
"1198","33","330","12265",NA,0,2024
"1199","33","331","12289",NA,0,2024
"1200","33","323","12331",NA,0,2024
"1201","33","333","12409",NA,0,2024
"1202","34","339","12595",NA,0,2024
"1203","34","339","12646",NA,0,2024
"1204","34","339","12655",NA,0,2024
"1205","34","340","12706",NA,0,2024
"1206","34","341","12841",NA,0,2024
"1207","34","341","12880",NA,0,2024
"1208","34","341","12925",NA,0,2024
"1209","34","341","12949",NA,0,2024
"1210","34","342","13069",NA,0,2024
"1211","34","336","13084",NA,0,2024
"1212","34","336","13108",NA,0,2024
"1213","34","343","13117",NA,0,2024
"1214","34","344","13222",NA,0,2024
"1215","34","344","13237",NA,0,2024
"1216","35","349","13360",NA,0,2024
"1217","35","350","13390",NA,0,2024
"1218","35","350","13423",NA,0,2024
"1219","35","352","13543",NA,0,2024
"1220","35","352","13555",NA,0,2024
"1221","35","352","13561",NA,0,2024
"1222","35","353","13582",NA,0,2024
"1223","36","356","13696",NA,0,2024
"1224","36","359","13765",NA,0,2024
"1225","36","359","13786",NA,0,2024
"1226","36","360","13873",NA,0,2024
"1227","36","361","13912",NA,0,2024
"1228","36","361","13927",NA,0,2024
"1229","36","362","13975",NA,0,2024
"1230","36","363","14035",NA,0,2024
"1231","36","364","14098",NA,0,2024
"1232","36","364","14143",NA,0,2024
"1233","36","364","14146",NA,0,2024
"1234","36","366","14233",NA,0,2024
"1235","36","366","14281",NA,0,2024
"1236","37","372","14425",NA,0,2024
"1237","37","373","14476",NA,0,2024
"1238","37","373","14518",NA,0,2024
"1239","37","374","14533",NA,0,2024
"1240","37","376","14647",NA,0,2024
"1241","37","376","14689",NA,0,2024
"1242","37","376","14692",NA,0,2024
"1243","37","377","14704",NA,0,2024
"1244","38","386","14962",2657.26,1,2024
"1245","38","388","15046",NA,0,2024
"1246","38","391","15247",144.06,1,2024
"1247","38","392","15307",NA,0,2024
"1248","38","393","15385",NA,0,2024
"1249","38","395","15547",NA,0,2024
"1250","38","397","15682",NA,0,2024
"1251","38","397","15688",NA,0,2024
"1252","38","398","15793",NA,0,2024
"1253","38","399","15889",NA,0,2024
"1254","38","401","16123",NA,0,2024
"1255","38","401","16162",NA,0,2024
"1256","38","402","16219",2299.9,1,2024
"1257","38","404","16330",NA,0,2024
"1258","40","417","16840",NA,0,2024
"1259","40","420","17092",NA,0,2024
"1260","40","432","17107",NA,0,2024
"1261","40","421","17122",NA,0,2024
"1262","40","421","17143",NA,0,2024
"1263","40","421","17218",NA,0,2024
"1264","40","425","17440",NA,0,2024
"1265","40","425","17446",NA,0,2024
"1266","40","426","17518",NA,0,2024
"1267","40","426","17527",NA,0,2024
"1268","40","427","17710",NA,0,2024
"1269","40","428","17749",NA,0,2024
"1270","40","428","17797",NA,0,2024
"1271","40","429","17845",NA,0,2024
"1272","40","412","17914",NA,0,2024
"1273","42","437","18130",NA,0,2024
"1274","42","439","18157",NA,0,2024
"1275","42","442","18364",NA,0,2024
"1276","42","442","18370",NA,0,2024
"1277","42","442","18376",NA,0,2024
"1278","42","443","18481",NA,0,2024
"1279","42","446","18682",NA,0,2024
"1280","42","446","18691",NA,0,2024
"1281","42","447","18769",NA,0,2024
"1282","42","447","18799",NA,0,2024
"1283","44","454","19021",NA,0,2024
"1284","44","454","19030",NA,0,2024
"1285","44","454","19033",NA,0,2024
"1286","44","455","19132",NA,0,2024
"1287","44","457","19258",NA,0,2024
"1288","44","457","19264",NA,0,2024
"1289","44","457","19285",NA,0,2024
"1290","44","457","19294",NA,0,2024
"1291","45","464","19384",NA,0,2024
"1292","45","464","19405",NA,0,2024
"1293","45","465","19441",NA,1,2024
"1294","45","466","19519",NA,0,2024
"1295","45","469","19654",NA,0,2024
"1296","45","469","19672",NA,0,2024
"1297","46","476","19837",NA,0,2024
"1298","46","477","19897",NA,0,2024
"1299","46","478","19945",NA,0,2024
"1300","46","482","20128",NA,0,2024
"1301","46","483","20164",1318,1,2024
"1302","48","497","20332",NA,0,2024
"1303","49","518","20368",NA,0,2024
"1304","49","518","20383",NA,0,2024
"1305","49","506","20515",1057,1,2024
"1306","49","507","20584",NA,0,2024
"1307","49","508","20611",150,1,2024
"1308","49","508","20623",NA,0,2024
"1309","49","512","20785",144.05,1,2024
"1310","49","513","20848",NA,0,2024
"1311","49","514","20887",NA,0,2024
"1312","49","515","20917",NA,0,2024
"1313","51","524","21043",NA,0,2024
"1314","51","524","21052",NA,0,2024
"1315","51","524","21088",NA,0,2024
"1316","51","522","21262",NA,0,2024
"1317","51","528","21280",NA,0,2024
"1318","51","528","21286",NA,0,2024
"1319","51","529","21322",NA,0,2024
"1320","51","530","21340",534.34,1,2024
"1321","52","543","21649",NA,0,2024
"1322","52","545","21769",NA,0,2024
"1323","52","545","21781",NA,0,2024
"1324","52","547","21811",NA,0,2024
"1325","52","547","21847",NA,0,2024
"1326","52","549","21937",NA,0,2024
"1327","52","550","21970",NA,0,2024
"1328","52","550","21982",NA,0,2024
"1329","54","555","22042",NA,0,2024
"1330","54","559","22126",NA,0,2024
"1331","54","559","22147",NA,0,2024
"1332","54","559","22156",NA,0,2024
"1333","54","561","22222",94.7,1,2024
"1334","54","564","22300",NA,0,2024
"1335","54","563","22318",NA,0,2024
"1336","56","570","22462",NA,0,2024
"1337","56","570","22465",24.09,1,2024
"1338","56","571","22501",NA,0,2024
"1339","56","574","22660",NA,0,2024
"1340","56","574","22678",NA,0,2024
"1341","56","574","22702",NA,0,2024
"1342","56","570","22711",NA,0,2024
"1343","58","585","22819",NA,0,2024
"1344","58","586","22864",NA,0,2024
"1345","58","586","22867",NA,0,2024
"1346","58","589","22885",NA,0,2024
"1347","58","589","22903",NA,0,2024
"1348","60","593","22963",NA,0,2024
"1349","60","595","22999",NA,0,2024
"1350","60","597","23080",NA,0,2024
"1351","60","597","23083",649.35,1,2024
"1352","60","598","23140",NA,0,2024
"1353","60","600","23197",NA,0,2024
"1354","60","601","23257",NA,0,2024
"1355","62","610","23353",NA,0,2024
"1356","62","611","23380",6985,1,2024
"1357","62","617","23446",1301.59,1,2024
"1358","62","613","23467",67,1,2024
"1359","62","616","23539",NA,0,2024
"1360","64","628","23785",NA,0,2024
"1361","64","630","23845",2,1,2024
"1362","64","631","23860",NA,0,2024
"1363","64","631","23866",NA,0,2024
"1364","64","639","23986",NA,0,2024
"1365","64","635","24037",NA,0,2024
"1366","64","638","24060",NA,0,2024
"1367","64","637","24115",NA,0,2024
"1368","66","643","24163",NA,0,2024
"1369","66","645","24199",NA,0,2024
"1370","66","645","24205",NA,0,2024
"1371","66","646","24221",NA,0,2024
"1372","66","650","24355",NA,0,2024
"1373","66","651","24380",NA,0,2024
"1374","66","652","24433",NA,0,2024
"1375","66","652","24442",NA,0,2024
"1376","66","655","24559",NA,0,2024
"1377","66","656","24583",NA,0,2024
"1378","67","661","24631",NA,0,2024
"1379","67","662","24655",NA,0,2024
"1380","67","663","24667",2,1,2024
"1381","67","664","24706",100,1,2024
"1382","67","665","24728",NA,0,2024
"1383","67","666","24750",NA,0,2024
"1384","67","666","24756",NA,0,2024
"1385","68","673","24835",NA,0,2024
"1386","68","675","24847",31943,1,2024
"1387","68","677","24952",100,1,2024
"1388","68","677","24955",1122.48,1,2024
"1389","68","679","25021",NA,0,2024
"1390","68","680","25093",998,1,2024
"1391","70","689","25207",NA,0,2024
"1392","70","692","25273",NA,0,2024
"1393","70","693","25312",NA,0,2024
"1394","70","690","25336",NA,0,2024
"1395","70","696","25417",NA,0,2024
"1396","70","696","25423",NA,0,2024
"1397","70","694","25438",NA,0,2024
"1398","72","703","25477",NA,0,2024
"1399","72","706","25525",NA,0,2024
"1400","72","707","25558",NA,0,2024
"1401","72","708","25600",NA,0,2024
"1402","72","709","25639",NA,0,2024
"1403","72","710","25657",NA,0,2024
"1404","74","719","25831",NA,0,2024
"1405","74","722","25873",NA,0,2024
"1406","75","736","26209",NA,0,2024
"1407","75","736","26224",NA,0,2024
"1408","75","736","26245",NA,0,2024
"1409","75","737","26269",NA,0,2024
"1410","75","739","26332",NA,0,2024
"1411","75","740","26404",NA,0,2024
"1412","75","740","26410",NA,0,2024
"1413","75","741","26434",NA,0,2024
"1414","75","742","26500",NA,0,2024
"1415","77","750","26581",NA,0,2024
"1416","77","750","26590",NA,0,2024
"1417","77","750","26596",NA,0,2024
"1418","77","750","26599",NA,0,2024
"1419","79","783","27511",NA,0,2024
"1420","79","783","27553",NA,0,2024
"1421","79","785","27601",NA,0,2024
"1422","79","785","27619",NA,0,2024
"1423","79","785","27622",NA,0,2024
"1424","79","787","27673",NA,0,2024
"1425","80","797","27763",NA,0,2024
"1426","80","799","27853",NA,0,2024
"1427","80","801","27910",NA,0,2024
"1428","80","802","27946",NA,0,2024
"1429","80","803","27994",NA,0,2024
"1430","80","803","27997",NA,0,2024
"1431","80","805","28084",NA,0,2024
"1432","80","805","28105",NA,0,2024
"1433","80","807","28168",NA,0,2024
"1434","80","808","28237",NA,0,2024
"1435","80","808","28240",NA,0,2024
"1436","82","818","28345",NA,0,2024
"1437","82","819","28372",NA,0,2024
"1438","82","817","28453",NA,0,2024
"1439","82","817","28486",NA,0,2024
"1440","82","820","28492",NA,0,2024
"1441","82","820","28516",NA,0,2024
"1442","82","821","28528",NA,0,2024
"1443","82","821","28537",NA,0,2024
"1444","82","823","28669",NA,0,2024
"1445","82","823","28675",NA,0,2024
"1446","82","823","28684",NA,0,2024
"1447","82","824","28705",NA,0,2024
"1448","83","829","28792",NA,0,2024
"1449","83","831","28822",NA,0,2024
"1450","83","832","28873",NA,0,2024
"1451","83","832","28885",NA,0,2024
"1452","83","838","28936",NA,0,2024
"1453","83","834","28987",NA,0,2024
"1454","83","834","29002",NA,0,2024
"1455","83","834","29047",NA,0,2024
"1456","83","835","29074",NA,0,2024
"1457","83","836","29167",NA,0,2024
"1458","83","836","29176",NA,0,2024
"1459","83","837","29200",NA,0,2024
"1460","84","844","29302",NA,0,2024
"1461","84","845","29329",NA,0,2024
"1462","84","846","29350",NA,0,2024
"1463","84","847","29380",NA,0,2024
"1464","84","848","29431",NA,0,2024
"1465","84","849","29473",NA,0,2024
"1466","84","849","29489",NA,0,2024
"1467","84","849","29503",NA,0,2024
"1468","86","858","29623",NA,0,2024
"1469","86","858","29629",NA,0,2024
"1470","86","859","29680",NA,0,2024
"1471","86","859","29689",NA,0,2024
"1472","86","863","29791",NA,0,2024
"1473","86","861","29806",NA,0,2024
"1474","86","861","29818",NA,0,2024
"1475","86","862","29842",NA,0,2024
"1476","87","866","29887",NA,0,2024
"1477","87","866","29890",NA,0,2024
"1478","87","870","29977",NA,0,2024
"1479","87","870","29992",NA,0,2024
"1480","87","872","30049",NA,0,2024
"1481","87","872","30052",NA,0,2024
"1482","87","873","30115",NA,0,2024
"1483","87","874","30151",NA,0,2024
"1484","87","875","30178",NA,0,2024
"1485","87","875","30199",NA,0,2024
"1486","87","876","30232",NA,0,2024
"1487","87","877","30277",NA,0,2024
"1488","89","883","30313",NA,0,2024
"1489","89","888","30427",NA,0,2024
"1490","89","888","30439",NA,0,2024
"1491","89","888","30451",NA,0,2024
"1492","89","889","30466",NA,0,2024
"1493","89","891","30586",NA,0,2024
"1494","89","892","30595",NA,0,2024
"1495","89","892","30610",NA,0,2024
"1496","89","893","30649",NA,0,2024
"1497","89","894","30694",NA,0,2024
"1498","91","902","30790",NA,0,2024
"1499","91","903","30844",NA,0,2024
"1500","91","904","30871",NA,0,2024
"1501","91","905","30883",NA,0,2024
"1502","91","905","30895",NA,0,2024
"1503","91","907","30964",NA,0,2024
"1504","91","908","30988",NA,0,2024
"1505","91","908","31006",NA,0,2024
"1506","91","913","31054",NA,0,2024
"1507","91","912","31114",NA,0,2024
"1508","92","927","31268",NA,0,2024
"1509","92","925","31276",NA,0,2024
"1510","92","926","31306",NA,0,2024
"1511","93","932","31348",NA,0,2024
"1512","93","933","31378",NA,0,2024
"1513","93","934","31429",NA,0,2024
"1514","93","934","31432",NA,0,2024
"1515","93","935","31459",NA,0,2024
"1516","93","937","31477",NA,0,2024
"1517","94","943","31546",NA,0,2024
"1518","94","942","31573",NA,0,2024
"1519","94","942","31585",NA,0,2024
"1520","94","942","31594",NA,0,2024
"1521","94","945","31624",NA,0,2024
"1522","94","946","31642",NA,0,2024
"1523","94","947","31708",NA,0,2024
"1524","94","947","31714",NA,0,2024
"1525","95","954","31837",NA,0,2024
"1526","95","956","31849",NA,0,2024
"1527","95","957","31879",NA,0,2024
"1528","95","957","31885",NA,0,2024
"1529","95","960","31975",NA,0,2024
"1530","95","960","31987",NA,0,2024
"1531","95","960","31990",NA,0,2024
"1532","96","964","32035",NA,0,2024
"1533","96","967","32071",NA,0,2024
"1534","96","968","32110",NA,0,2024
"1535","96","968","32113",NA,0,2024
"1536","96","969","32134",NA,0,2024
"1537","96","970","32186",NA,0,2024
"1538","96","970","32188",NA,0,2024
"1539","96","971","32203",NA,0,2024
