"","IDHO","MATINH","MAHUYEN","MAXA","MADIABAN","HOSO","KYDIEUTRA","M4B12A1_MA","M4B12A1_C1","M4B12A1_C1_GHIRO","M4B12A1_C2","M4B12A1_C3","M4B12A1_C4","M4B12A1_C5","M4B12A1_C6"
"1","01228002002","02","035","01228","002","002",3,1,1,"","99","01156",2,NA,4604
"2","01228002003","02","035","01228","002","003",3,1,1,"","99","01156",1,NA,5116
"3","01618006008","04","049","01618","006","008",3,1,3,"","công ty cổ phần Khánh Hạ","01279",3,NA,12600
"4","01618006011","04","049","01618","006","011",3,1,1,"","99","01279",3,NA,40000
"5","01618006005","04","049","01618","006","005",3,1,1,"","nhà máy chế biến tinh bột sắn cao bằng","01696",2,NA,1500
"6","01618006007","04","049","01618","006","007",3,1,3,"","công ty cổ phần Khánh Hạ","01279",3,NA,10500
"7","01618006012","04","049","01618","006","012",3,1,3,"","công ty cổ phần Khánh Hạ","01279",3,NA,4650
"8","01618006013","04","049","01618","006","013",3,1,2,"","99","01696",2,NA,9000
"9","02623007001","08","076","02623","007","001",3,1,1,"","99","02623",5,NA,2588
"10","02623007009","08","076","02623","007","009",3,1,1,"","99","02623",5,NA,64000
"11","03161006006","11","096","03161","006","006",3,1,4,"","","",NA,NA,500
"12","03161006004","11","096","03161","006","004",3,1,2,"","99","03161",8,NA,600
"13","03161006008","11","096","03161","006","008",3,1,4,"","","",NA,NA,800
"14","03161006012","11","096","03161","006","012",3,1,4,"","","",NA,NA,3120
"15","03161006010","11","096","03161","006","010",3,1,4,"","","",NA,NA,840
"16","03161006013","11","096","03161","006","013",3,1,4,"","","",NA,NA,1000
"17","03161006002","11","096","03161","006","002",3,1,2,"","99","03161",3,NA,1500
"18","03161006005","11","096","03161","006","005",3,1,2,"","99","03161",6,NA,600
"19","03161006003","11","096","03161","006","003",3,1,2,"","99","03161",8,NA,900
"20","03526006006","12","108","03526","006","006",3,1,1,"","99","03517",3,NA,36000
"21","03526006005","12","108","03526","006","005",3,1,2,"","99","03517",3,NA,45000
"22","03526006004","12","108","03526","006","004",3,1,1,"","99","03517",2,NA,37500
"23","03526006013","12","108","03526","006","013",3,1,1,"","99","03517",6,NA,45000
"24","03526006012","12","108","03526","006","012",3,1,1,"","99","03517",5,NA,30000
"25","03526006009","12","108","03526","006","009",3,1,1,"","99","03517",3,NA,31200
"26","03526006011","12","108","03526","006","011",3,1,1,"","99","03517",8,NA,39200
"27","03526006014","12","108","03526","006","014",3,1,1,"","99","03517",5,NA,45000
"28","03526006015","12","108","03526","006","015",3,1,1,"","99","09604",3,NA,48000
"29","03565003012","12","109","03565","003","012",3,1,5,"để chăn nuôi","99","03565",3,NA,400
"30","04058001004","14","128","04058","001","004",3,1,1,"","99","04058",3,NA,60000
"31","04058001007","14","128","04058","001","007",3,1,1,"","99","04058",5,NA,10800
"32","04058001012","14","128","04058","001","012",3,1,2,"","99","04058",1,NA,15600
"33","04058001010","14","128","04058","001","010",3,1,1,"","99","04058",1,NA,4000
"34","04058001001","14","128","04058","001","001",3,1,2,"","99","04058",4,NA,22320
"35","04058001011","14","128","04058","001","011",3,1,1,"","99","04058",2,NA,14300
"36","04058001006","14","128","04058","001","006",3,1,1,"","hộ gia đình","04058",7,NA,8400
"37","04058001003","14","128","04058","001","003",3,1,1,"","hộ gia đình","04058",2,NA,30000
"38","04058001015","14","128","04058","001","015",3,1,2,"","99","04058",1,NA,18000
"39","04058001002","14","128","04058","001","002",3,1,1,"","hộ gia đình","04058",3,NA,16800
"40","04058001014","14","128","04058","001","014",3,1,2,"","99","04058",1,NA,10000
"41","04058001009","14","128","04058","001","009",3,1,2,"","99","04058",3,NA,14400
"42","04058001008","14","128","04058","001","008",3,1,1,"","99","04058",10,NA,10800
"43","04058001005","14","128","04058","001","005",3,1,1,"","99","04058",1,NA,6000
"44","05320002003","17","157","05320","002","003",3,1,1,"","99","05344",5,NA,10800
"45","05344001015","17","157","05344","001","015",3,1,1,"","Nhà máy tinh bột sắn Tân Hiếu Hưng","05344",1,NA,1300
"46","05344001002","17","157","05344","001","002",3,1,1,"","Nhà máy tinh bột sắn Tân Hiếu Hưng","05344",1,NA,4000
"47","05374001006","17","158","05374","001","006",3,3,1,"","99","05389",2,NA,2340
"48","05374001001","17","158","05374","001","001",3,1,1,"","99","05374",1,NA,1980
"49","05374001007","17","158","05374","001","007",3,3,1,"","99","05389",2,NA,8280
"50","05374001008","17","158","05374","001","008",3,3,1,"","99","05389",2,NA,1150
"51","05374001011","17","158","05374","001","011",3,3,1,"","99","05389",5,NA,1200
"52","06799002008","22","195","06799","002","008",3,1,2,"","99","06799",0,NA,1870
"53","07402016002","24","217","07402","016","002",3,3,4,"","","",NA,NA,520
"54","08380011013","25","235","08380","011","013",3,1,2,"","99","07924",2,NA,1044
"55","08380011006","25","235","08380","011","006",3,1,2,"","99","08416",1,NA,500
"56","08821002001","26","253","08821","002","001",3,1,4,"","","",NA,NA,4800
"57","08851005001","26","253","08851","005","001",3,1,4,"","","",NA,NA,2800
"58","17032001014","40","419","17032","001","014",3,1,1,"","99","17026",1,NA,20000
"59","17800004006","40","428","17800","004","006",3,1,4,"","","",NA,NA,1000
"60","18838005009","42","447","18838","005","009",3,1,1,"","Vedan","18838",10,NA,34000
"61","18838005010","42","447","18838","005","010",3,1,1,"","Kb","18838",10,NA,5000
"62","19255007016","44","457","19255","007","016",3,1,1,"","99","19273",5,NA,4200
"63","19255007004","44","457","19255","007","004",3,1,1,"","99","19273",4,NA,3100
"64","19255007009","44","457","19255","007","009",3,1,1,"","99","19255",5,NA,16000
"65","19255007018","44","457","19255","007","018",3,1,1,"","99","19273",5,NA,9500
"66","19378001006","45","464","19378","001","006",3,1,1,"","99","19471",5,NA,1000
"67","19378001012","45","464","19378","001","012",3,1,1,"","99","19729",5,NA,3500
"68","19378001001","45","464","19378","001","001",3,1,1,"","99","19447",12,NA,6480
"69","19378001010","45","464","19378","001","010",3,1,1,"","99","19471",10,NA,1530
"70","19378001003","45","464","19378","001","003",3,1,1,"","99","19471",10,NA,8510
"71","19378001007","45","464","19378","001","007",3,1,1,"","99","19471",2,NA,200
"72","19378001009","45","464","19378","001","009",3,1,1,"","99","19471",10,NA,510
"73","19378001013","45","464","19378","001","013",3,1,1,"","99","19708",10,NA,2700
"74","19402012004","45","464","19402","012","004",3,1,1,"","99","19552",5,NA,3780
"75","19495002005","45","466","19495","002","005",3,1,1,"","km94","19495",15,NA,1500
"76","19495002009","45","466","19495","002","009",3,1,4,"","","",NA,NA,1000
"77","19519004015","45","466","19519","004","015",3,1,2,"","99","19600",2,NA,800
"78","19561003005","45","467","19561","003","005",3,1,3,"","nhà máy tinh bột sắn ăn thái","19600",2,NA,5865
"79","19561003009","45","467","19561","003","009",3,1,1,"","99","19600",4,NA,21750
"80","19561003001","45","467","19561","003","001",3,1,1,"","99","19600",3,NA,12320
"81","19561003003","45","467","19561","003","003",3,1,3,"","99","19600",3,NA,33000
"82","19561003002","45","467","19561","003","002",3,1,1,"","99","19600",3,NA,7000
"83","19561003004","45","467","19561","003","004",3,1,3,"","tinh bột","19600",2,NA,8000
"84","19561003006","45","467","19561","003","006",3,1,1,"","99","19600",3,NA,7000
"85","19657004013","45","469","19657","004","013",3,1,1,"","99","19657",10,NA,1920
"86","19657004008","45","469","19657","004","008",3,1,1,"","99","19657",2,NA,1000
"87","19657004011","45","469","19657","004","011",3,1,5,"để gia đình sửa dụng","99","19657",10,NA,0
"88","19657004014","45","469","19657","004","014",3,1,1,"","99","19657",10,NA,2400
"89","19657004004","45","469","19657","004","004",3,1,1,"","99","19657",5,NA,960
"90","19657004006","45","469","19657","004","006",3,1,1,"","99","19657",2,NA,500
"91","19657004007","45","469","19657","004","007",3,1,1,"","99","19657",3,NA,500
"92","19678009014","45","469","19678","009","014",3,1,1,"","k94","19678",15,NA,1440
"93","20011009015","46","480","20011","009","015",3,1,1,"","tình bột sắn Phong điền","19858",2,NA,1600
"94","20011009013","46","480","20011","009","013",3,1,1,"","99","19858",10,NA,1500
"95","20011009012","46","480","20011","009","012",3,1,1,"","99","19858",10,NA,12000
"96","20011009002","46","480","20011","009","002",3,1,1,"","nhà máy phong điền","19858",5,NA,1400
"97","20650019007","49","509","20650","019","007",3,1,1,"","99","20651",6,NA,1000
"98","20650019001","49","509","20650","019","001",3,1,1,"","99","20651",5,NA,540
"99","20650019013","49","509","20650","019","013",3,1,1,"","99","20651",4,NA,1500
"100","20650019010","49","509","20650","019","010",3,1,1,"","99","20651",5,NA,6300
"101","20650019012","49","509","20650","019","012",3,1,1,"","ruộng săn","20651",7,NA,6000
"102","21820003001","52","547","21820","003","001",3,1,1,"","99","21811",5,NA,4400
"103","22132009013","54","559","22132","009","013",3,1,4,"","","",NA,NA,810
"104","22141006001","54","559","22141","006","001",3,1,3,"","nhà máy sắn đồng xuân","22081",1,NA,50000
"105","22285021014","54","562","22285","021","014",3,1,1,"","nhà máy mì sông hinh","22213",2,NA,36000
"106","22285021002","54","562","22285","021","002",3,1,1,"","Cty cp tinh bột sắn phú yên","22228",5,NA,285800
"107","22285021004","54","562","22285","021","004",3,1,2,"","nhà máy mì sông hinh","22222",3,NA,45000
"108","22285021011","54","562","22285","021","011",3,1,1,"","nhà máy mì sông hinh","22222",3,NA,146700
"109","23314001006","62","608","23314","001","006",3,1,1,"","CTY tnhh tinh bột sắn Kon tum","23545",5,NA,190000
"110","23314001015","62","608","23314","001","015",3,1,1,"","CTY tnhh tinh bột sắn Kon tum","23545",5,NA,1e+05
"111","23314001012","62","608","23314","001","012",3,1,1,"","CTY tnhh tinh bột sắn Kon tum","23545",5,NA,140000
"112","23314001001","62","608","23314","001","001",3,1,1,"","CTY tnhh tinh bột sắn kon tum","23545",2,NA,95000
"113","23314001005","62","608","23314","001","005",3,1,1,"","CTY cổ phần XNK nông sản vina","23533",5,NA,250000
"114","23350006012","62","610","23350","006","012",3,1,2,"","phương hoa","23371",8,NA,80000
"115","23350006011","62","610","23350","006","011",3,1,2,"","phương hoa","23371",8,NA,1e+05
"116","23350006009","62","610","23350","006","009",3,1,2,"","phương hoa","23371",9,NA,120000
"117","23350006006","62","610","23350","006","006",3,1,2,"","phương hoa","23371",10,NA,120000
"118","23350006008","62","610","23350","006","008",3,1,2,"","phương hoa","23371",8,NA,80000
"119","23350006015","62","610","23350","006","015",3,1,2,"","phương hoa","23371",12,NA,150000
"120","23350006005","62","610","23350","006","005",3,1,2,"","phương hoa","23371",10,NA,150000
"121","23350006010","62","610","23350","006","010",3,1,2,"","phương hoa","23371",9,NA,1e+05
"122","23350006002","62","610","23350","006","002",3,1,2,"","phương hoa","23371",6,NA,70000
"123","23350006004","62","610","23350","006","004",3,1,2,"","phương hoa","23371",8,NA,90000
"124","23350006013","62","610","23350","006","013",3,1,2,"","phương hoa","23371",8,NA,1e+05
"125","23350006001","62","610","23350","006","001",3,1,2,"","phương hoa","23371",8,NA,80000
"126","23350006003","62","610","23350","006","003",3,1,2,"","phương hoa","23371",9,NA,1e+05
"127","23443003011","62","612","23443","003","011",3,1,3,"","Nhà máy tinh bột sắn Đăk Tô","23437",15,NA,32400
"128","23443003003","62","612","23443","003","003",3,1,1,"","Nhà máy tinh bột sắn Đăk Tô","23437",15,NA,91200
"129","23443003008","62","612","23443","003","008",3,1,3,"","Nhà máy tinh bột sắn Đăk Tô","23437",15,NA,32400
"130","23443003007","62","612","23443","003","007",3,1,3,"","Nhà máy tinh bột sắn Đăk Tô","23437",10,NA,30000
"131","23443003005","62","612","23443","003","005",3,1,3,"","Nhà máy tinh bột sắn Đăk Tô","23437",10,NA,60000
"132","23443003014","62","612","23443","003","014",3,1,3,"","Nhà máy chế biến tinh bột sắn Đăk Tô","23437",10,NA,15600
"133","23443003004","62","612","23443","003","004",3,1,3,"","nhà máy chế biến tinh bột sắn Đăk Tô","23437",10,NA,28800
"134","23443003010","62","612","23443","003","010",3,1,3,"","nhà máy tinh bột sắn Đăk Tô","23437",13,NA,31200
"135","23443003012","62","612","23443","003","012",3,1,3,"","Nhà máy tinh bột sắn Đăk Tô","23437",6,NA,33600
"136","23443003015","62","612","23443","003","015",3,1,3,"","Nhà máy tinh bột sắn Đăk Tô","23437",3,NA,15600
"137","23443003002","62","612","23443","003","002",3,1,3,"","Nhà máy tinh bột sắn Đăk Tô","23437",10,NA,93600
"138","23443003013","62","612","23443","003","013",3,1,3,"","Nhà máy tinh bột sắn Đăk Tô","23437",10,NA,31200
"139","23497004010","62","614","23497","004","010",3,1,1,"","công tỷ cổ phần fecovev Tây Nguyên","23488",3,NA,32200
"140","23497004004","62","614","23497","004","004",3,1,2,"","công ty cổ phần fecovev Tây Nguyên","23488",5,NA,26000
"141","23497004007","62","614","23497","004","007",3,1,2,"","Công tỷ cổ phần fecocev Tây Nguyên","23488",5,NA,19872
"142","23497004009","62","614","23497","004","009",3,1,2,"","công ty cổ phần fecovev Tây Nguyên","23488",5,NA,19200
"143","23497004002","62","614","23497","004","002",3,1,2,"","Công tỷ cổ phần fecocev Tây Nguyên","23488",5,NA,31260
"144","23497004014","62","614","23497","004","014",3,1,2,"","công ty cổ phần fecovev Tây Nguyên","23488",6,NA,25000
"145","23497004003","62","614","23497","004","003",3,1,2,"","công ty cổ phần fecocev Tây Nguyên","23488",5,NA,38880
"146","23497004006","62","614","23497","004","006",3,1,2,"","Công tỷ cổ phần fecocev Tây Nguyên","23488",5,NA,21408
"147","23497004008","62","614","23497","004","008",3,1,2,"","Công tỷ cổ phần Fecocev Tây Nguyên","23488",5,NA,19872
"148","23497004005","62","614","23497","004","005",3,1,2,"","Công ty cổ phần fecocev Tây Nguyên","23488",6,NA,20760
"149","23497004012","62","614","23497","004","012",3,1,2,"","Công ty cổ phần fecocev Tây Nguyên","23488",5,NA,19920
"150","23497004015","62","614","23497","004","015",3,1,2,"","Công ty cổ phần Fecocev Tây Nguyên","23488",4,NA,6300
"151","23497004013","62","614","23497","004","013",3,1,2,"","Công ty cổ phần fecocev Tây Nguyên","23488",4,NA,22896
"152","23497004011","62","614","23497","004","011",3,1,2,"","công ty cổ phần fecocev Tây Nguyên","23488",1,NA,5000
"153","23497004001","62","614","23497","004","001",3,1,2,"","công ty cổ phần fecocev Tây Nguyên","23488",4,NA,8400
"154","23407009007","62","617","23407","009","007",3,1,1,"","99","23425",5,NA,2596
"155","23407009004","62","617","23407","009","004",3,1,1,"","99","23425",5,NA,5214
"156","23407009006","62","617","23407","009","006",3,1,1,"","99","23425",5,NA,5192
"157","23407009014","62","617","23407","009","014",3,1,1,"","99","23425",5,NA,5236
"158","23407009003","62","617","23407","009","003",3,1,1,"","99","23425",10,NA,26290
"159","23407009002","62","617","23407","009","002",3,1,1,"","99","23425",5,NA,2618
"160","23407009012","62","617","23407","009","012",3,1,1,"","99","23425",5,NA,7887
"161","23407009010","62","617","23407","009","010",3,1,1,"","99","23425",5,NA,5214
"162","23407009005","62","617","23407","009","005",3,1,1,"","99","23425",5,NA,2607
"163","23407009001","62","617","23407","009","001",3,1,1,"","99","23425",5,NA,7854
"164","23407009009","62","617","23407","009","009",3,1,1,"","nhà máy mỳ xã Đăk Hà","23425",5,NA,26000
"165","23407009008","62","617","23407","009","008",3,1,1,"","99","23425",5,NA,18326
"166","23800013007","64","629","23800","013","007",3,1,1,"","99","23800",2,NA,7900
"167","23800013006","64","629","23800","013","006",3,1,1,"","99","23800",1,NA,8000
"168","23800013001","64","629","23800","013","001",3,1,1,"","99","23800",2,NA,14600
"169","23800013011","64","629","23800","013","011",3,1,1,"","99","23800",3,NA,2170
"170","23824014001","64","630","23824","014","001",3,1,1,"","99","23633",1,NA,24200
"171","23824014004","64","630","23824","014","004",3,1,1,"","99","23630",1,NA,2200
"172","23824014011","64","630","23824","014","011",3,1,1,"","99","23627",1,NA,5060
"173","23824014007","64","630","23824","014","007",3,1,1,"","99","23620",3,NA,10000
"174","23824014013","64","630","23824","014","013",3,1,1,"","99","23633",2,NA,24500
"175","23824014015","64","630","23824","014","015",3,1,1,"","99","23633",3,NA,36660
"176","23845002007","64","630","23845","002","007",3,1,2,"","Công ty TNHH 1 TV Bột mỳ an khê gia lai","23633",3,NA,110000
"177","23845002015","64","630","23845","002","015",3,1,1,"","99","23633",3,NA,5635
"178","23845002009","64","630","23845","002","009",3,1,1,"","99","21808",4,NA,305000
"179","23845002013","64","630","23845","002","013",3,1,1,"","99","23633",3,NA,123970
"180","23845002011","64","630","23845","002","011",3,1,1,"","99","23633",3,NA,49200
"181","24112006006","64","637","24112","006","006",3,1,2,"","Nhà máy tinh bột sắn Phú Túc","24076",5,NA,81180
"182","24112006012","64","637","24112","006","012",3,1,2,"","Nhà máy tinh bột sắn gia lai","24076",5,NA,29900
"183","24112006015","64","637","24112","006","015",3,1,2,"","Nhà máy tinh bột sắn gia lai","24076",4,NA,105000
"184","24112006011","64","637","24112","006","011",3,1,2,"","Nhà máy tinh bột sắn","24076",6,NA,44100
"185","24112006007","64","637","24112","006","007",3,1,2,"","Nhà máy tinh bột sắn Gia Lai","24076",3,NA,137080
"186","24112006010","64","637","24112","006","010",3,1,2,"","Nhà máy tinh bột sắn gia lai","24076",5,NA,82800
"187","24112006003","64","637","24112","006","003",3,1,2,"","nhà máy tinh bột sắn gia lai","24076",3,NA,60400
"188","24112006004","64","637","24112","006","004",3,1,2,"","Nhà máy tinh bột sắn Gia Lai","24076",5,NA,22440
"189","24112006001","64","637","24112","006","001",3,1,2,"","Nhà máy tinh bột sắn Gia Lai","24076",3,NA,182160
"190","24112006014","64","637","24112","006","014",3,1,2,"","Nhà máy tinh bột sắn gia lai","24076",5,NA,41800
"191","24112006013","64","637","24112","006","013",3,1,2,"","Nhà máy tinh bột sắn sắn gia lai","24076",6,NA,41800
"192","24112006002","64","637","24112","006","002",3,1,2,"","Nhà máy tinh bột sắn Gia Lai","24079",5,NA,42780
"193","24112006008","64","637","24112","006","008",3,1,2,"","Nhà máy tinh bột sắn gia lai","24076",13,NA,45100
"194","24112006005","64","637","24112","006","005",3,1,2,"","Nhà máy tinh bột sắn Gia Lai","24076",3,NA,65200
"195","24115003015","64","637","24115","003","015",3,1,2,"","nhà máy tinh  bột sắn gia lai","24076",10,NA,46200
"196","24115003003","64","637","24115","003","003",3,1,2,"","Nhà máy tinh bột sắn Gia Lai","24076",3,NA,81180
"197","24115003004","64","637","24115","003","004",3,1,2,"","Nhà máy tinh bột sắn sắn gia lai","24076",4,NA,69000
"198","24115003013","64","637","24115","003","013",3,1,2,"","Nhà máy tinh bột sắn Phú Túc","24076",3,NA,55890
"199","24115003014","64","637","24115","003","014",3,1,2,"","Nhà máy tinh bột sắn Gia Lai","24076",5,NA,27600
"200","24115003005","64","637","24115","003","005",3,1,2,"","Nhà máy tinh bột sắn Gia Lai","24076",3,NA,71070
"201","24115003002","64","637","24115","003","002",3,1,1,"","Nhà máy tinh bột sắn Phú Túc","24076",5,NA,28600
"202","24115003011","64","637","24115","003","011",3,1,2,"","Nhà máy tinh bột sắn Gia Lai","24076",3,NA,15300
"203","24115003009","64","637","24115","003","009",3,1,2,"","Nhà máy tinh bột sắn gia lai","24076",6,NA,26450
"204","24115003006","64","637","24115","003","006",3,1,2,"","Nhà máy tinh bột sắn sắn gia lai","24076",7,NA,64400
"205","24115003012","64","637","24115","003","012",3,1,2,"","Nhà máy tinh bột sắn Gia Lai","24076",4,NA,29040
"206","24115003001","64","637","24115","003","001",3,1,2,"","Nhà máy tinh bột sắn sắn gia lai","24076",5,NA,33600
"207","24115003007","64","637","24115","003","007",3,1,2,"","Nhà máy tinh bột sắn gia lai","24076",4,NA,92000
"208","24115003008","64","637","24115","003","008",3,1,2,"","nhà máy tinh  bột sắn gia lai","24076",7,NA,39100
"209","24060012015","64","638","24060","012","015",3,1,1,"","99","23968",5,NA,109800
"210","24060012008","64","638","24060","012","008",3,3,1,"","99","24060",7,NA,5000
"211","24060012012","64","638","24060","012","012",3,3,1,"","99","24060",10,NA,18000
"212","24060012009","64","638","24060","012","009",3,3,1,"","99","24060",15,NA,14000
"213","24060012013","64","638","24060","012","013",3,3,1,"","99","24060",12,NA,25000
"214","23983012013","64","639","23983","012","013",3,1,1,"","99","23983",4,NA,20000
"215","23983012006","64","639","23983","012","006",3,1,1,"","99","23983",5,NA,28000
"216","23983012003","64","639","23983","012","003",3,1,1,"","99","23983",5,NA,15000
"217","23983012001","64","639","23983","012","001",3,1,1,"","99","23983",4,NA,22000
"218","23983012015","64","639","23983","012","015",3,1,2,"","99","24046",2,NA,44000
"219","23983012002","64","639","23983","012","002",3,1,1,"","99","23983",4,NA,32000
"220","23983012008","64","639","23983","012","008",3,1,1,"","99","23983",4,NA,12000
"221","23983012009","64","639","23983","012","009",3,1,1,"","99","23983",4,NA,15000
"222","23983012004","64","639","23983","012","004",3,1,1,"","99","23983",5,NA,30000
"223","24221007006","66","646","24221","007","006",3,1,1,"","99","24265",2,NA,33000
"224","24221007010","66","646","24221","007","010",3,1,1,"","99","24265",5,NA,47200
"225","24221007015","66","646","24221","007","015",3,1,1,"","99","24265",3,NA,38000
"226","24221007012","66","646","24221","007","012",3,1,1,"","99","24221",6,NA,68000
"227","24221007003","66","646","24221","007","003",3,1,1,"","99","24265",3,NA,60000
"228","24221007013","66","646","24221","007","013",3,1,1,"","99","24265",4,NA,62000
"229","24221007011","66","646","24221","007","011",3,1,1,"","99","24265",5,NA,34000
"230","24221007009","66","646","24221","007","009",3,1,1,"","99","24265",5,NA,65000
"231","24221007004","66","646","24221","007","004",3,1,1,"","99","24373",3,NA,28000
"232","24221007001","66","646","24221","007","001",3,1,1,"","99","24265",2,NA,42000
"233","24221007007","66","646","24221","007","007",3,1,1,"","99","24265",3,NA,15000
"234","24221007005","66","646","24221","007","005",3,1,1,"","99","24373",1,NA,6000
"235","25213022006","70","689","25213","022","006",3,1,3,"","99","25858",5,NA,0
"236","25498012002","72","705","25498","012","002",3,1,1,"","cty Bảo Duy","25510",2,NA,1329
"237","25537008002","72","706","25537","008","002",3,1,1,"","Công ty TNHH sản xuất tinh bột khoai mỳ Việt úc","25537",2,NA,2100000
"238","25537008001","72","706","25537","008","001",3,1,1,"","99","25531",1,NA,154000
"239","25537008015","72","706","25537","008","015",3,1,1,"","99","25456",1,NA,420000
"240","25543026004","72","706","25543","026","004",3,1,3,"","lò mì thành Thái","25531",15,NA,121500
"241","01360004009","04","043","01360","004","009",2,1,1,NA,"99","01267",1,NA,1100
"242","01360004012","04","043","01360","004","012",2,1,1,NA,"99","01267",2,NA,7120
"243","01360004013","04","043","01360","004","013",2,1,1,NA,"99","01267",1,NA,3200
"244","01360004014","04","043","01360","004","014",2,1,1,NA,"99","01267",1,NA,2600
"245","02446001009","08","075","02446","001","009",2,1,1,NA,"99","02446",3,NA,700
"246","02452009005","08","075","02452","009","005",2,1,1,NA,"99","02434",2,NA,4000
"247","02452009007","08","075","02452","009","007",2,1,1,NA,"99","02464",2,NA,18000
"248","02452009009","08","075","02452","009","009",2,1,5,"xưởng chế biến","xưởng chế biến tô văn phong","02452",3,NA,34020
"249","02452009014","08","075","02452","009","014",2,1,1,NA,"99","02452",1,NA,44400
"250","02452009016","08","075","02452","009","016",2,1,1,NA,"99","02443",2,NA,40000
"251","02464011010","08","075","02464","011","010",2,1,3,NA,"99","02464",3,NA,8000
"252","02686007010","10","082","02686","007","010",2,1,2,NA,"99","02686",1,NA,5000
"253","02686007012","10","082","02686","007","012",2,1,2,NA,"99","02686",2,NA,2500
"254","02959010001","10","087","02959","010","001",2,1,1,NA,"99","02947",3,NA,13000
"255","02959010002","10","087","02959","010","002",2,1,1,NA,"99","02947",5,NA,14000
"256","02959010003","10","087","02959","010","003",2,1,1,NA,"tân an","03079",2,NA,22100
"257","02959010006","10","087","02959","010","006",2,1,1,NA,"99","02959",5,NA,2600
"258","02959010011","10","087","02959","010","011",2,1,1,NA,"99","02947",5,NA,24000
"259","02959010013","10","087","02959","010","013",2,1,1,NA,"99","02947",2,NA,22750
"260","02959010014","10","087","02959","010","014",2,1,1,NA,"99","02947",5,NA,20150
"261","02959010015","10","087","02959","010","015",2,1,1,NA,"tân an","03079",3,NA,18200
"262","02971014001","10","087","02971","014","001",2,1,1,NA,"99","02947",5,NA,3380
"263","02971014005","10","087","02971","014","005",2,1,1,NA,"99","02947",5,NA,3900
"264","03158003001","11","096","03158","003","001",2,1,4,NA,NA,NA,NA,NA,640
"265","03158003010","11","096","03158","003","010",2,1,4,NA,NA,NA,NA,NA,3240
"266","03158003012","11","096","03158","003","012",2,1,4,NA,NA,NA,NA,NA,1620
"267","03158003013","11","096","03158","003","013",2,1,4,NA,NA,NA,NA,NA,4050
"268","03158003015","11","096","03158","003","015",2,1,4,NA,NA,NA,NA,NA,810
"269","03200005001","11","097","03200","005","001",2,1,4,NA,NA,NA,NA,NA,4500
"270","03200005003","11","097","03200","005","003",2,1,4,NA,NA,NA,NA,NA,1960
"271","03200005004","11","097","03200","005","004",2,1,4,NA,NA,NA,NA,NA,3380
"272","03200005006","11","097","03200","005","006",2,1,4,NA,NA,NA,NA,NA,3600
"273","03200005007","11","097","03200","005","007",2,1,4,NA,NA,NA,NA,NA,22500
"274","03200005008","11","097","03200","005","008",2,1,4,NA,NA,NA,NA,NA,3250
"275","03200005009","11","097","03200","005","009",2,1,4,NA,NA,NA,NA,NA,29400
"276","03200005010","11","097","03200","005","010",2,1,4,NA,NA,NA,NA,NA,3900
"277","03200005011","11","097","03200","005","011",2,1,4,NA,NA,NA,NA,NA,2820
"278","03200005012","11","097","03200","005","012",2,1,4,NA,NA,NA,NA,NA,4438
"279","03200005013","11","097","03200","005","013",2,1,4,NA,NA,NA,NA,NA,4340
"280","03200005014","11","097","03200","005","014",2,1,4,NA,NA,NA,NA,NA,5600
"281","03200005015","11","097","03200","005","015",2,1,4,NA,NA,NA,NA,NA,3080
"282","03202001001","11","097","03202","001","001",2,1,4,NA,NA,NA,NA,NA,7500
"283","03202001002","11","097","03202","001","002",2,1,4,NA,NA,NA,NA,NA,3600
"284","03202001003","11","097","03202","001","003",2,1,4,NA,NA,NA,NA,NA,8400
"285","03202001004","11","097","03202","001","004",2,1,4,NA,NA,NA,NA,NA,1500
"286","03202001005","11","097","03202","001","005",2,1,4,NA,NA,NA,NA,NA,2250
"287","03202001006","11","097","03202","001","006",2,1,4,NA,NA,NA,NA,NA,5400
"288","03202001007","11","097","03202","001","007",2,1,4,NA,NA,NA,NA,NA,600
"289","03202001008","11","097","03202","001","008",2,1,4,NA,NA,NA,NA,NA,1064
"290","03202001009","11","097","03202","001","009",2,1,4,NA,NA,NA,NA,NA,1200
"291","03202001010","11","097","03202","001","010",2,1,4,NA,NA,NA,NA,NA,3000
"292","03202001011","11","097","03202","001","011",2,1,4,NA,NA,NA,NA,NA,1820
"293","03202001012","11","097","03202","001","012",2,1,4,NA,NA,NA,NA,NA,5280
"294","03211003001","11","101","03211","003","001",2,1,1,NA,"99","03358",4,NA,5200
"295","03211003002","11","101","03211","003","002",2,1,1,NA,"99","03358",4,NA,3500
"296","03211003003","11","101","03211","003","003",2,1,1,NA,"99","03358",4,NA,7000
"297","03211003004","11","101","03211","003","004",2,1,1,NA,"99","03358",4,NA,5400
"298","03211003005","11","101","03211","003","005",2,1,1,NA,"99","03358",4,NA,3600
"299","03211003007","11","101","03211","003","007",2,3,1,NA,"99","03358",6,NA,36000
"300","03211003009","11","101","03211","003","009",2,3,1,NA,"99","03358",5,NA,22000
"301","03211003011","11","101","03211","003","011",2,1,1,NA,"lúa ngam","03358",8,NA,650000
"302","03211003012","11","101","03211","003","012",2,1,1,NA,"lúa ngam","03358",9,NA,210000
"303","03211003013","11","101","03211","003","013",2,1,1,NA,"lúa ngam","03358",8,NA,230000
"304","03211003014","11","101","03211","003","014",2,1,1,NA,"lúa ngam","03358",8,NA,205000
"305","03211003015","11","101","03211","003","015",2,1,1,NA,"núa ngam","03358",5,NA,240000
"306","03472004001","12","112","03472","004","001",2,1,1,NA,"99","03589",2,NA,5000
"307","03472004004","12","112","03472","004","004",2,1,1,NA,"99","03589",2,NA,6000
"308","03472004005","12","112","03472","004","005",2,1,1,NA,"99","03589",2,NA,9000
"309","03472004006","12","112","03472","004","006",2,1,1,NA,"99","03589",2,NA,1200
"310","03472004007","12","112","03472","004","007",2,1,1,NA,"99","03589",3,NA,8400
"311","03472004008","12","112","03472","004","008",2,1,1,NA,"99","03589",2,NA,6500
"312","03472004013","12","112","03472","004","013",2,1,1,NA,"99","03589",2,NA,5000
"313","03472004014","12","112","03472","004","014",2,1,1,NA,"99","03589",2,NA,3000
"314","03472004015","12","112","03472","004","015",2,1,1,NA,"99","03589",2,NA,600
"315","03562003002","12","109","03562","003","002",2,1,2,NA,"99","03562",3,NA,5250
"316","03562003003","12","109","03562","003","003",2,1,2,NA,"99","03562",4,NA,3000
"317","03562003012","12","109","03562","003","012",2,1,1,NA,"99","03574",2,NA,2090
"318","03562003014","12","109","03562","003","014",2,1,1,NA,"99","03574",3,NA,3500
"319","03562003015","12","109","03562","003","015",2,1,1,NA,"99","03574",2,NA,2000
"320","03778003001","14","119","03778","003","001",2,1,5,"bán điểm của bản","99","04126",7,NA,4500
"321","03778003004","14","119","03778","003","004",2,1,5,"bán điểm trong bản","99","04126",10,NA,10000
"322","03778003005","14","119","03778","003","005",2,1,5,"điểm bán","99","04126",10,NA,4200
"323","03778003011","14","119","03778","003","011",2,1,1,NA,"99","03754",1,NA,5000
"324","03778003012","14","119","03778","003","012",2,1,1,NA,"99","03754",1,NA,26520
"325","03796001001","14","119","03796","001","001",2,3,2,NA,"99","04123",3,NA,9100
"326","03796001002","14","119","03796","001","002",2,3,2,NA,"99","04126",5,NA,2600
"327","03796001004","14","119","03796","001","004",2,3,2,NA,"99","04126",4,NA,6880
"328","03796001005","14","119","03796","001","005",2,3,2,NA,"99","04126",4,NA,9380
"329","03814016001","14","120","03814","016","001",2,1,2,NA,"99","03814",5,NA,15000
"330","03814016002","14","120","03814","016","002",2,3,2,NA,"99","03814",5,NA,15000
"331","03814016003","14","120","03814","016","003",2,1,2,NA,"99","04126",5,NA,15000
"332","03814016004","14","120","03814","016","004",2,1,2,NA,"99","03814",3,NA,10000
"333","03814016005","14","120","03814","016","005",2,3,2,NA,"99","03814",5,NA,3000
"334","03814016006","14","120","03814","016","006",2,1,2,NA,"99","03814",10,NA,7500
"335","03814016007","14","120","03814","016","007",2,1,2,NA,"99","03814",4,NA,7500
"336","03814016008","14","120","03814","016","008",2,3,2,NA,"99","03814",5,NA,6000
"337","03814016009","14","120","03814","016","009",2,1,2,NA,"99","03814",3,NA,12500
"338","03814016010","14","120","03814","016","010",2,1,2,NA,"99","03814",3,NA,15000
"339","03814016011","14","120","03814","016","011",2,1,2,NA,"99","04126",5,NA,3750
"340","03814016012","14","120","03814","016","012",2,1,2,NA,"99","03814",3,NA,42500
"341","03814016013","14","120","03814","016","013",2,3,2,NA,"99","03814",5,NA,500
"342","03814016014","14","120","03814","016","014",2,3,2,NA,"99","03814",5,NA,3000
"343","03814016015","14","120","03814","016","015",2,1,2,NA,"99","04126",5,NA,2500
"344","03943003001","14","122","03943","003","001",2,1,1,NA,"99","30031",2,NA,2500
"345","03943003004","14","122","03943","003","004",2,1,1,NA,"99","30031",1,NA,1200
"346","03943003008","14","122","03943","003","008",2,1,1,NA,"99","03919",1,NA,8000
"347","03943003009","14","122","03943","003","009",2,1,1,NA,"99","03919",3,NA,10000
"348","03943003010","14","122","03943","003","010",2,1,1,NA,"99","03919",4,NA,17000
"349","03943003011","14","122","03943","003","011",2,1,1,NA,"99","03943",2,NA,2000
"350","03943003012","14","122","03943","003","012",2,1,1,NA,"99","03919",8,NA,22100
"351","04219016001","14","126","04219","016","001",2,1,2,NA,"99","04219",3,NA,12000
"352","04219016002","14","126","04219","016","002",2,1,2,NA,"99","04219",5,NA,10000
"353","04219016003","14","126","04219","016","003",2,1,1,NA,"99","04219",5,NA,6400
"354","04219016004","14","126","04219","016","004",2,1,1,NA,"99","04219",3,NA,4500
"355","04219016007","14","126","04219","016","007",2,3,2,NA,"99","04219",3,NA,33000
"356","04219016010","14","126","04219","016","010",2,3,2,NA,"99","04219",5,NA,9000
"357","04219016012","14","126","04219","016","012",2,1,1,NA,"99","04219",1,NA,32000
"358","04378004001","15","136","04378","004","001",2,1,3,NA,"nhà máy sắn đông cuông","04399",5,NA,14000
"359","04378004008","15","136","04378","004","008",2,1,2,NA,"99","04378",2,NA,3700
"360","04378004012","15","136","04378","004","012",2,1,2,NA,"nhà máy đông cuông","04399",5,NA,25000
"361","04378004013","15","136","04378","004","013",2,1,3,NA,"Nhà máy sắn Đông Cuông","04399",3,NA,42000
"362","04381002002","15","136","04381","002","002",2,1,1,NA,"99","04399",3,NA,17000
"363","04381002005","15","136","04381","002","005",2,1,1,NA,"nhà máy sắn đông cuông","04399",2,NA,27300
"364","04381002006","15","136","04381","002","006",2,1,1,NA,"nhà máy sắn đông cuông","04399",1,NA,35200
"365","05128003005","17","155","05128","003","005",2,1,4,NA,NA,NA,NA,NA,200
"366","05128003008","17","155","05128","003","008",2,1,4,NA,NA,NA,NA,NA,400
"367","08302001008","25","234","08302","001","008",2,3,4,NA,NA,NA,NA,NA,1807
"368","08497004002","25","237","08497","004","002",2,3,4,NA,NA,NA,NA,NA,5400
"369","08497004009","25","237","08497","004","009",2,3,4,NA,NA,NA,NA,NA,2500
"370","08497004014","25","237","08497","004","014",2,3,4,NA,NA,NA,NA,NA,2000
"371","08917004006","26","248","08917","004","006",2,1,4,NA,NA,NA,NA,NA,4000
"372","08917004010","26","248","08917","004","010",2,1,4,NA,NA,NA,NA,NA,2000
"373","08917004015","26","248","08917","004","015",2,1,4,NA,NA,NA,NA,NA,4900
"374","16900006005","40","418","16900","006","005",2,1,2,NA,"99","16900",2,NA,5250
"375","16900006010","40","418","16900","006","010",2,1,4,NA,NA,NA,NA,NA,500
"376","16900006013","40","418","16900","006","013",2,1,4,NA,NA,NA,NA,NA,500
"377","16904002007","40","418","16904","002","007",2,1,1,NA,"99","16904",2,NA,5600
"378","16912009002","40","418","16912","009","002",2,1,2,NA,"chế biến sắn","16912",2,NA,4000
"379","16912009009","40","418","16912","009","009",2,1,4,NA,NA,NA,NA,NA,3200
"380","16912009012","40","418","16912","009","012",2,1,4,NA,NA,NA,NA,NA,1600
"381","16912009014","40","418","16912","009","014",2,1,4,NA,NA,NA,NA,NA,1600
"382","16987005005","40","419","16987","005","005",2,1,1,NA,"99","17026",3,NA,20000
"383","17284011006","40","423","17284","011","006",2,1,1,NA,"99","17284",5,NA,1700
"384","17284011008","40","423","17284","011","008",2,1,1,NA,"99","17506",3,NA,4400
"385","17284011009","40","423","17284","011","009",2,1,1,NA,"99","17506",1,NA,4250
"386","17284011012","40","423","17284","011","012",2,1,1,NA,"99","17506",1,NA,6000
"387","17284011018","40","423","17284","011","018",2,1,1,NA,"99","17284",3,NA,3000
"388","17302005002","40","423","17302","005","002",2,1,1,NA,"99","17302",2,NA,3850
"389","17302005003","40","423","17302","005","003",2,1,1,NA,"không biết","17302",1,NA,2200
"390","17350011013","40","424","17350","011","013",2,1,1,NA,"công ty cổ phần á châu hoa sơn","17357",1,NA,25500
"391","18505006003","42","444","18505","006","003",2,1,4,NA,NA,NA,NA,NA,3720
"392","18799011011","42","447","18799","011","011",2,1,3,NA,"Công ty TNHH Thành Mỹ Phát","18844",5,NA,5400
"393","19120003004","44","455","19120","003","004",2,1,1,NA,"công ty cổ phần tinh bột sắn QB","19114",10,NA,14580
"394","19120003009","44","455","19120","003","009",2,1,1,NA,"công ty cổ phần tinh bột sắn Quảng Bình","19114",10,NA,3890
"395","19120003012","44","455","19120","003","012",2,1,1,NA,"công ty cổ phần tinh bột sắn Quảng bình","19114",10,NA,3718
"396","19168011002","44","455","19168","011","002",2,1,1,NA,"công ty cổ phần tinh bột sắn quảng bình","19114",9,NA,1235
"397","19168011004","44","455","19168","011","004",2,1,1,NA,"công ty cổ phần tinh bột sắn","19114",10,NA,2750
"398","19168011006","44","455","19168","011","006",2,1,1,NA,"công ty cổ phần tinh bột sắn quảng bình","19114",7,NA,2740
"399","19168011007","44","455","19168","011","007",2,1,1,NA,"công ty cổ phần tinh bột sắn quảng bình","19114",8,NA,1380
"400","19168011009","44","455","19168","011","009",2,1,2,NA,"CÔNG TY CỔ PHẦN TINH BỘT SẮN QUẢNG BÌNH","19114",9,NA,6930
"401","19168011010","44","455","19168","011","010",2,1,2,NA,"sắn Xanh","19114",6,NA,2846
"402","19168011012","44","455","19168","011","012",2,1,2,NA,"CÔNG TY CỔ PHẦN TINH BỘT SẮN QUẢNG BÌNH","19114",14,NA,7763
"403","19168011013","44","455","19168","011","013",2,1,2,NA,"CÔNG TY CỔ PHẦN TINH BỘT SẮN QUẢNG BÌNH","19114",15,NA,517
"404","19375009009","45","464","19375","009","009",2,1,1,NA,"99","19375",4,NA,1500
"405","19375009012","45","464","19375","009","012",2,1,1,NA,"99","19375",5,NA,4800
"406","19375009013","45","464","19375","009","013",2,1,1,NA,"99","19375",4,NA,4800
"407","19648007009","45","469","19648","007","009",2,3,5,"chăn nuôi","99","19648",5,NA,300
"408","19699006004","45","470","19699","006","004",2,3,1,NA,"99","19708",4,NA,5200
"409","20155003001","46","482","20155","003","001",2,1,1,NA,"99","20197",3,NA,3300
"410","20155003011","46","482","20155","003","011",2,1,4,NA,NA,NA,NA,NA,5000
"411","20779004014","49","512","20779","004","014",2,1,1,NA,"Nhà máy sắn sắn Quảng Nam ở Quế Sơn","20665",3,NA,25000
"412","20779004015","49","512","20779","004","015",2,1,1,NA,"nhà máy tinh bột sắn Quảng Nam ở Quế Sơn","20665",8,NA,7500
"413","21157004011","51","525","21157","004","011",2,1,2,NA,"99","21157",2,NA,900
"414","21157004012","51","525","21157","004","012",2,1,2,NA,"99","21157",2,NA,500
"415","21334007006","51","530","21334","007","006",2,1,3,NA,"nhà máy tinh bột mỳ SƠN HẢI","21319",3,NA,21950
"416","21334007007","51","530","21334","007","007",2,1,3,NA,"nhà máy tinh bột mỳ SƠN HẢI","21319",3,NA,13200
"417","21334007008","51","530","21334","007","008",2,1,3,NA,"nhà máy tinh bột mỳ SƠN HẢI","21319",3,NA,31000
"418","21334007009","51","530","21334","007","009",2,1,3,NA,"nhà máy tinh bột mỳ SƠN HẢI","21319",3,NA,13100
"419","21334007010","51","530","21334","007","010",2,1,3,NA,"nhà máy tinh bột mỳ SƠN HẢI","21319",3,NA,7050
"420","21334007011","51","530","21334","007","011",2,1,3,NA,"nhà máy tinh bột mỳ SƠN HẢI","21319",3,NA,5890
"421","21379020011","51","532","21379","020","011",2,1,1,NA,"99","21181",5,NA,9000
"422","21778007014","52","545","21778","007","014",2,1,1,NA,"99","21637",2,NA,52800
"423","21787001001","52","546","21787","001","001",2,1,1,NA,"công ty tinh bột sắn nhiệt đồng tâm","21786",2,NA,76500
"424","21787001002","52","546","21787","001","002",2,1,1,NA,"công ty tinh bột sắn nhiệt đồng tâm","21786",2,NA,78200
"425","21787001004","52","546","21787","001","004",2,1,1,NA,"công ty tinh bột sắn nhiệt đồng tâm","21786",2,NA,13685
"426","21787001005","52","546","21787","001","005",2,1,1,NA,"công ty tinh bột sắn nhiệt đồng tâm","21786",2,NA,80000
"427","21787001006","52","546","21787","001","006",2,1,1,NA,"công ty tinh bột sắn nhiệt đồng tâm","21786",2,NA,8e+05
"428","21787001007","52","546","21787","001","007",2,1,1,NA,"công ty tinh bột sắn nhiệt đồng tâm","21786",2,NA,81600
"429","21787001008","52","546","21787","001","008",2,1,1,NA,"công ty tinh bột sắn nhiệt đồng tâm","21786",2,NA,7820
"430","21787001009","52","546","21787","001","009",2,1,1,NA,"công ty tinh bột sắn nhiệt đồng tâm","21786",2,NA,5950
"431","21787001010","52","546","21787","001","010",2,1,1,NA,"công ty tinh bột sắn nhiệt đồng tâm","21786",2,NA,12240
"432","21787001012","52","546","21787","001","012",2,1,1,NA,"công ty tinh bột sắn nhiệt đồng tâm","21786",2,NA,4080
"433","21787001013","52","546","21787","001","013",2,1,1,NA,"công ty tinh bột sắn nhiệt đồng tâm","21786",2,NA,13770
"434","21787001014","52","546","21787","001","014",2,1,1,NA,"công ty tinh bột sắn nhiệt đồng tâm","21786",2,NA,13770
"435","21814001001","52","547","21814","001","001",2,1,1,NA,"99","21805",3,NA,9600
"436","21814001004","52","547","21814","001","004",2,1,1,NA,"99","21805",3,NA,13860
"437","21814001005","52","547","21814","001","005",2,1,1,NA,"99","21805",3,NA,2100
"438","21814001006","52","547","21814","001","006",2,1,1,NA,"99","21805",3,NA,2100
"439","21814001007","52","547","21814","001","007",2,1,1,NA,"99","21805",3,NA,22000
"440","21814001008","52","547","21814","001","008",2,1,1,NA,"99","21805",3,NA,3780
"441","21814001009","52","547","21814","001","009",2,1,1,NA,"99","21805",3,NA,2860
"442","21814001011","52","547","21814","001","011",2,1,1,NA,"99","21805",2,NA,4725
"443","21814001013","52","547","21814","001","013",2,1,1,NA,"99","21805",3,NA,4180
"444","21814001015","52","547","21814","001","015",2,1,1,NA,"99","21805",2,NA,4400
"445","21820011008","52","547","21820","011","008",2,1,1,NA,"99","21562",1,NA,6105
"446","22216004002","54","561","22216","004","002",2,1,2,NA,"CTY cổ phần tinh bột sắn Phú Yên","22228",15,NA,450000
"447","22216004003","54","561","22216","004","003",2,1,3,NA,"Nhà máy tinh bột sắn Sông Hinh","22228",15,NA,850000
"448","22216004004","54","561","22216","004","004",2,1,3,NA,"Cty cổ phần tinh bột sắn Phú Yên","22228",10,NA,4e+05
"449","22216004005","54","561","22216","004","005",2,1,3,NA,"Cty cổ phần tinh bột sắn Phú Yên","22228",15,NA,850000
"450","22216004006","54","561","22216","004","006",2,1,3,NA,"Cty cổ phần tinh bột sắn Phú Yên","22228",15,NA,750000
"451","22216004007","54","561","22216","004","007",2,1,2,NA,"CTY cổ phần tinh bột sắn Phú Yên","22228",15,NA,650000
"452","22216004008","54","561","22216","004","008",2,1,2,NA,"Cty cổ phần tinh bột sắn Phú Yên","22228",10,NA,950000
"453","22216004009","54","561","22216","004","009",2,1,2,NA,"Cty cổ phần tinh bột sắn Phú Yên","22228",10,NA,350000
"454","22216004010","54","561","22216","004","010",2,1,3,NA,"Cty cổ phần tinh bột sắn Phú Yên","22228",10,NA,850000
"455","22216004011","54","561","22216","004","011",2,1,3,NA,"Cty cổ phần tinh bột sắn Phú Yên","22228",15,NA,6e+05
"456","22216004013","54","561","22216","004","013",2,1,2,NA,"Cty cổ phần tinh bột sắn Phú Yên","22228",10,NA,350000
"457","22216004014","54","561","22216","004","014",2,1,3,NA,"CTY Cổ phần tinh bột sắn Phú Yên","22228",10,NA,350000
"458","22216004015","54","561","22216","004","015",2,1,3,NA,"CTY cổ phần tinh bột sắn Phú Yên","22228",15,NA,4e+05
"459","22468009005","56","569","22468","009","005",2,3,1,NA,"99","22456",10,NA,26000
"460","22552010010","56","572","22552","010","010",2,1,1,NA,"99","22552",3,NA,2e+05
"461","22819017001","58","585","22819","017","001",2,1,3,NA,"CÔNG TY CỔ PHẦN TINH BỘT SẮN NINH THUẬN","22819",10,NA,28000
"462","22819017003","58","585","22819","017","003",2,1,3,NA,"CÔNG TY CỔ PHẦN TINH BỘT SẮN NINH THUẬN","22819",10,NA,12000
"463","22819017005","58","585","22819","017","005",2,1,3,NA,"CÔNG TY CỔ PHẦN TINH BỘT SẮN NINH THUẬN","22819",8,NA,56000
"464","22819017006","58","585","22819","017","006",2,1,3,NA,"CÔNG TY CỔ PHẦN TINH BỘT SẮN NINH THUẬN","22819",10,NA,41000
"465","22819017007","58","585","22819","017","007",2,1,3,NA,"CÔNG TY CỔ PHẦN TINH BỘT SẮN NINH THUẬN","22819",7,NA,37000
"466","22819017009","58","585","22819","017","009",2,1,3,NA,"công ty cổ phần tinh bột sắn ninh thuận","22819",15,NA,18500
"467","22819017010","58","585","22819","017","010",2,1,3,NA,"công ty cổ phần tinh bột sắn ninh thuận","22819",14,NA,12000
"468","22819017015","58","585","22819","017","015",2,1,3,NA,"nhà máy tinh bột mỳ quảng sơn","22819",12,NA,10000
"469","23293033001","62","608","23293","033","001",2,1,1,NA,"nhà máy chế biến tinh bột sắn vina Kon tum","23533",7,NA,430000
"470","23293033004","62","608","23293","033","004",2,1,1,NA,"công tỷ trách nhiệm hữu hạn tình bột sắn tây nguyên","23512",4,NA,75000
"471","23293033011","62","608","23293","033","011",2,1,1,NA,"công ty tnhh tình bột sắt tây nguyên","23512",5,NA,180000
"472","23293033012","62","608","23293","033","012",2,1,1,NA,"nhà máy chế biến tinh bột sắn vina Kon tum","23533",8,NA,140000
"473","23293033014","62","608","23293","033","014",2,1,1,NA,"công ty tnhh tình bột sắn tây nguyên","23512",6,NA,175000
"474","23374007001","62","610","23374","007","001",2,1,2,NA,"công ty phương hoa","23371",5,NA,50000
"475","23374007002","62","610","23374","007","002",2,1,2,NA,"nhà máy phương hoa","23371",8,NA,90000
"476","23374007003","62","610","23374","007","003",2,1,2,NA,"nhà máy phương hoa","23371",7,NA,90000
"477","23374007004","62","610","23374","007","004",2,1,2,NA,"nhà máy phương hoa","23371",5,NA,80000
"478","23374007005","62","610","23374","007","005",2,1,2,NA,"nhà máy phương hoa","23371",5,NA,80000
"479","23374007007","62","610","23374","007","007",2,1,2,NA,"nhà máy phương hoa","23371",5,NA,1e+05
"480","23374007008","62","610","23374","007","008",2,1,2,NA,"nhà máy phương hoa","23371",5,NA,1e+05
"481","23374007009","62","610","23374","007","009",2,1,2,NA,"nhà máy phương hoa","23371",8,NA,1e+05
"482","23374007010","62","610","23374","007","010",2,1,2,NA,"nhà máy phương hoa","23371",8,NA,90000
"483","23374007011","62","610","23374","007","011",2,1,2,NA,"nhà máy phương hoa","23371",8,NA,120000
"484","23374007012","62","610","23374","007","012",2,1,2,NA,"nhà máy phương hoa","23371",8,NA,120000
"485","23374007013","62","610","23374","007","013",2,1,2,NA,"nhà máy phương hoa","23371",8,NA,150000
"486","23374007015","62","610","23374","007","015",2,1,2,NA,"nhà máy phương hoa","23371",5,NA,80000
"487","23395004008","62","611","23395","004","008",2,1,3,NA,"nhà máy tinh bột sắn ngọc hồi","23386",4,NA,75000
"488","23395004009","62","611","23395","004","009",2,1,3,NA,"nhà máy tinh bột sắn ngocn hồi","23386",2,NA,4000
"489","23395004011","62","611","23395","004","011",2,1,3,NA,"nhà máy tinh bột sắn ngọc hồi","23386",5,NA,20000
"490","23395004013","62","611","23395","004","013",2,1,1,NA,"cao sản","23386",5,NA,30800
"491","23401005012","62","612","23401","005","012",2,1,3,NA,"Nhà máy tinh bột sắn Đăk Tô","23437",15,NA,35000
"492","23473007001","62","613","23473","007","001",2,1,1,NA,"đắc ruồng","23488",10,NA,37000
"493","23473007002","62","613","23473","007","002",2,1,1,NA,"99","23488",3,NA,28000
"494","23473007003","62","613","23473","007","003",2,1,1,NA,"99","23488",5,NA,65000
"495","23473007005","62","613","23473","007","005",2,1,1,NA,"99","23488",3,NA,20000
"496","23473007007","62","613","23473","007","007",2,1,1,NA,"99","23488",6,NA,12000
"497","23473007008","62","613","23473","007","008",2,1,1,NA,"99","23488",3,NA,40000
"498","23473007009","62","613","23473","007","009",2,1,1,NA,"99","23488",4,NA,10000
"499","23473007010","62","613","23473","007","010",2,1,1,NA,"99","23488",6,NA,16000
"500","23473007011","62","613","23473","007","011",2,1,2,NA,"99","23488",6,NA,11000
"501","23473007013","62","613","23473","007","013",2,1,2,NA,"99","23488",6,NA,60000
"502","23473007014","62","613","23473","007","014",2,1,2,NA,"99","23488",6,NA,17000
"503","23527003012","62","616","23527","003","012",2,1,1,NA,"tinh bột sắn kon tum","23545",1,NA,46000
"504","23539001001","62","616","23539","001","001",2,1,1,NA,"tinh bột sắn kon tum","23545",6,NA,75000
"505","23539001002","62","616","23539","001","002",2,1,1,NA,"tinh bột sắn kon tum","23545",4,NA,42800
"506","23539001003","62","616","23539","001","003",2,1,1,NA,"tinh bột sắn kon tum","23545",5,NA,17000
"507","23539001004","62","616","23539","001","004",2,1,1,NA,"tinh bột sắn kon tum","23545",5,NA,38700
"508","23539001005","62","616","23539","001","005",2,1,1,NA,"tinh bột sắn Kon Tum","23545",4,NA,21000
"509","23539001008","62","616","23539","001","008",2,1,1,NA,"tinh bột sắn kon tum","23545",2,NA,12900
"510","23539001009","62","616","23539","001","009",2,1,1,NA,"tinh bột sắn kon tum","23545",6,NA,86000
"511","23539001010","62","616","23539","001","010",2,1,1,NA,"tinh bột sắn kon tum","23545",5,NA,21000
"512","23539001011","62","616","23539","001","011",2,1,1,NA,"tinh bột sắn kon tum","23545",3,NA,40850
"513","23539001012","62","616","23539","001","012",2,1,1,NA,"tinh bột sắn kon tum","23545",3,NA,43000
"514","23539001013","62","616","23539","001","013",2,1,1,NA,"tinh bột sắn kon tum","23545",3,NA,38700
"515","23539001014","62","616","23539","001","014",2,1,1,NA,"tinh bột sắn kon tum","23545",3,NA,40000
"516","23539001015","62","616","23539","001","015",2,1,1,NA,"tinh bột sắn kon tum","23545",6,NA,44000
"517","23728010001","64","627","23728","010","001",2,1,1,NA,"99","23728",2,NA,8800
"518","23728010002","64","627","23728","010","002",2,1,1,NA,"99","23728",2,NA,22471
"519","23728010003","64","627","23728","010","003",2,1,1,NA,"99","23728",1,NA,21620
"520","23728010004","64","627","23728","010","004",2,1,1,NA,"99","23728",2,NA,2898
"521","23728010006","64","627","23728","010","006",2,1,1,NA,"99","23728",2,NA,10500
"522","23728010007","64","627","23728","010","007",2,1,1,NA,"99","23728",3,NA,13000
"523","23728010010","64","627","23728","010","010",2,1,1,NA,"99","23728",2,NA,14000
"524","23728010012","64","627","23728","010","012",2,1,2,NA,"99","23728",0,NA,1000
"525","23728010015","64","627","23728","010","015",2,1,2,NA,"99","23728",3,NA,10000
"526","23932001004","64","632","23932","001","004",2,1,1,NA,"99","23563",4,NA,80000
"527","23932001006","64","632","23932","001","006",2,1,1,NA,"99","23563",3,NA,120000
"528","23932001012","64","632","23932","001","012",2,1,1,NA,"99","23563",4,NA,350000
"529","23932001013","64","632","23932","001","013",2,1,1,NA,"99","23563",5,NA,1e+05
"530","23932001014","64","632","23932","001","014",2,1,1,NA,"99","23563",6,NA,4e+05
"531","24397011007","66","651","24397","011","007",2,1,1,NA,"99","24380",2,NA,22000
"532","25507007011","72","705","25507","007","011",2,1,1,NA,"Lò mì Thái","25549",3,NA,1180000
"533","25525002007","72","706","25525","002","007",2,1,1,NA,"99","25531",1,NA,70000
"534","25525002010","72","706","25525","002","010",2,1,1,NA,"99","25531",1,NA,170000
"535","25525002015","72","706","25525","002","015",2,1,3,NA,"lò mì cẩm vân","25525",1,NA,30000
"536","26647006003","77","751","26647","006","003",2,1,1,NA,"99","26650",1,NA,23400
"537","01186011011","02","034","01186","011","011",1,1,1,NA,"99","01153",1,NA,943
"538","01318009005","04","042","01318","009","005",1,1,1,NA,"99","01290",1,NA,3200
"539","01318009006","04","042","01318","009","006",1,1,1,NA,"99","01290",1,NA,3500
"540","01318009007","04","042","01318","009","007",1,1,1,NA,"99","01290",1,NA,2800
"541","01318009010","04","042","01318","009","010",1,1,1,NA,"99","01290",1,NA,7560
"542","01318009013","04","042","01318","009","013",1,1,4,NA,NA,NA,NA,300,3000
"543","01318009014","04","042","01318","009","014",1,1,1,NA,"99","01267",0,NA,2800
"544","02677018005","10","080","02677","018","005",1,1,1,NA,"99","02677",2,NA,2
"545","02977002006","10","087","02977","002","006",1,1,1,NA,"99","02947",3,NA,29500
"546","02977002010","10","087","02977","002","010",1,1,1,NA,"99","02947",1,NA,9800
"547","02989011004","10","087","02989","011","004",1,1,1,NA,"99","02989",3,NA,21700
"548","02989011005","10","087","02989","011","005",1,1,1,NA,"99","02989",2,NA,13650
"549","02989011007","10","087","02989","011","007",1,1,1,NA,"99","02989",1,NA,15300
"550","02989011015","10","087","02989","011","015",1,1,1,NA,"99","02989",2,NA,39900
"551","03175002001","11","103","03175","002","001",1,1,2,NA,"không","03356",1,NA,8378
"552","03175002002","11","103","03175","002","002",1,1,2,NA,"không","03356",1,NA,13551
"553","03175002005","11","103","03175","002","005",1,1,1,NA,"99","03356",1,NA,2815
"554","03175002006","11","103","03175","002","006",1,1,2,NA,"không","03356",1,NA,6506
"555","03175002007","11","103","03175","002","007",1,1,2,NA,"không","03356",1,NA,11765
"556","03175002008","11","103","03175","002","008",1,1,1,NA,"99","03356",1,NA,8110
"557","03175002009","11","103","03175","002","009",1,1,1,NA,"99","03356",1,NA,8200
"558","03175002010","11","103","03175","002","010",1,1,1,NA,"99","03356",1,NA,6417
"559","03175002011","11","103","03175","002","011",1,1,2,NA,"không","03356",1,NA,6421
"560","03175002012","11","103","03175","002","012",1,1,1,NA,"99","03356",1,NA,10250
"561","03175002013","11","103","03175","002","013",1,1,2,NA,"99","03356",1,NA,6421
"562","03175002014","11","103","03175","002","014",1,1,2,NA,"không","03356",1,NA,7365
"563","03175002015","11","103","03175","002","015",1,1,2,NA,"không","03356",1,NA,9987
"564","03214008001","11","101","03214","008","001",1,3,1,NA,"99","03358",3,NA,2500
"565","03214008002","11","101","03214","008","002",1,3,1,NA,"99","03358",4,NA,65000
"566","03214008004","11","101","03214","008","004",1,3,1,NA,"99","03358",3,NA,60000
"567","03214008005","11","101","03214","008","005",1,3,1,NA,"99","03358",1,NA,12000
"568","03214008006","11","101","03214","008","006",1,3,1,NA,"99","03356",5,NA,15000
"569","03214008007","11","101","03214","008","007",1,3,1,NA,"99","03358",4,NA,12000
"570","03214008008","11","101","03214","008","008",1,3,1,NA,"99","03358",7,NA,7000
"571","03214008010","11","101","03214","008","010",1,3,1,NA,"99","03358",6,NA,12000
"572","03214008011","11","101","03214","008","011",1,3,1,NA,"99","03356",6,NA,3000
"573","03214008015","11","101","03214","008","015",1,3,1,NA,"99","03356",5,NA,20000
"574","03268012001","11","099","03268","012","001",1,1,5,"người mua đến tại nhà","99","03268",1,NA,2400
"575","03268012002","11","099","03268","012","002",1,1,2,NA,"99","03268",2,NA,33900
"576","03268012004","11","099","03268","012","004",1,1,2,NA,"99","03268",3,NA,6000
"577","03268012005","11","099","03268","012","005",1,1,4,NA,NA,NA,NA,0,16950
"578","03268012006","11","099","03268","012","006",1,1,1,NA,"99","03268",2,NA,4500
"579","03268012007","11","099","03268","012","007",1,1,1,NA,"99","03268",3,NA,13500
"580","03268012014","11","099","03268","012","014",1,1,2,NA,"99","03268",2,NA,1170
"581","03568010002","12","109","03568","010","002",1,1,1,NA,"99","03574",2,NA,6000
"582","03568010007","12","109","03568","010","007",1,1,1,NA,"99","03574",2,NA,6000
"583","03568010012","12","109","03568","010","012",1,1,1,NA,"99","03574",3,NA,2000
"584","03568010013","12","109","03568","010","013",1,1,1,NA,"99","03574",2,NA,3500
"585","03568010016","12","109","03568","010","016",1,1,1,NA,"99","03574",2,NA,11000
"586","03709011006","14","118","03709","011","006",1,1,1,NA,"99","03754",10,NA,2800
"587","03709011008","14","118","03709","011","008",1,1,1,NA,"99","03787",10,NA,5600000
"588","03709011009","14","118","03709","011","009",1,1,1,NA,"99","03787",10,NA,2000
"589","03709011010","14","118","03709","011","010",1,1,1,NA,"99","03787",10,NA,20000
"590","03751003004","14","119","03751","003","004",1,1,2,NA,"99","04126",2,NA,6000
"591","03751003011","14","119","03751","003","011",1,1,1,NA,"99","03754",1,NA,420
"592","03766005001","14","119","03766","005","001",1,1,2,NA,"99","04126",3,NA,20000
"593","03766005004","14","119","03766","005","004",1,1,2,NA,"99","04108",4,NA,2860
"594","03766005005","14","119","03766","005","005",1,1,2,NA,"99","04126",3,NA,7100
"595","03766005006","14","119","03766","005","006",1,1,2,NA,"99","03766",1,NA,2640
"596","03766005007","14","119","03766","005","007",1,1,2,NA,"99","03766",5,NA,1200
"597","03766005008","14","119","03766","005","008",1,1,2,NA,"99","03766",9,NA,1200
"598","03766005009","14","119","03766","005","009",1,1,2,NA,"99","03766",5,NA,2400
"599","03766005011","14","119","03766","005","011",1,1,1,NA,"99","03754",1,NA,600
"600","03766005013","14","119","03766","005","013",1,1,1,NA,"99","03754",1,NA,960
"601","03766005014","14","119","03766","005","014",1,1,1,NA,"99","03754",1,NA,1200
"602","03766005015","14","119","03766","005","015",1,1,1,NA,"99","03754",1,NA,960
"603","03859012001","14","121","03859","012","001",1,1,2,NA,"99","03859",1,NA,6000
"604","03859012002","14","121","03859","012","002",1,1,2,NA,"99","03859",1,NA,30000
"605","03859012003","14","121","03859","012","003",1,1,2,NA,"99","03859",1,NA,12000
"606","03859012005","14","121","03859","012","005",1,1,2,NA,"99","03859",1,NA,5000
"607","03859012006","14","121","03859","012","006",1,1,2,NA,"99","03859",1,NA,10000
"608","03859012007","14","121","03859","012","007",1,1,2,NA,"99","03859",1,NA,30000
"609","03859012010","14","121","03859","012","010",1,1,2,NA,"99","03859",1,NA,10000
"610","03859012011","14","121","03859","012","011",1,1,2,NA,"99","03859",1,NA,6000
"611","03859012012","14","121","03859","012","012",1,1,1,NA,"99","03652",1,NA,18000
"612","03859012013","14","121","03859","012","013",1,1,1,NA,"99","03652",1,NA,36000
"613","03859012014","14","121","03859","012","014",1,1,1,NA,"99","03658",1,NA,6000
"614","03859012014","14","121","03859","012","014",1,3,1,NA,"99","03652",1,1200,4800
"615","03859012015","14","121","03859","012","015",1,1,2,NA,"99","03652",1,NA,36000
"616","03859012017","14","121","03859","012","017",1,1,2,NA,"99","03859",1,NA,20000
"617","03859012019","14","121","03859","012","019",1,1,2,NA,"99","03859",1,NA,40000
"618","04180003001","14","126","04180","003","001",1,3,2,NA,"99","04180",2,NA,14500
"619","04180003002","14","126","04180","003","002",1,3,2,NA,"99","04180",3,NA,28200
"620","04180003003","14","126","04180","003","003",1,3,2,NA,"99","04180",2,NA,42000
"621","04180003004","14","126","04180","003","004",1,3,2,NA,"99","04180",3,NA,30550
"622","04180003005","14","126","04180","003","005",1,3,2,NA,"99","04180",3,NA,11250
"623","04180003006","14","126","04180","003","006",1,3,2,NA,"99","04180",4,NA,4500
"624","04180003007","14","126","04180","003","007",1,3,2,NA,"99","04180",2,NA,5000
"625","04180003008","14","126","04180","003","008",1,3,2,NA,"99","04180",3,NA,12600
"626","04180003009","14","126","04180","003","009",1,3,2,NA,"99","04180",4,NA,40000
"627","04180003010","14","126","04180","003","010",1,3,1,NA,"99","04180",3,NA,10200
"628","04180003011","14","126","04180","003","011",1,3,2,NA,"99","04180",4,NA,6600
"629","04180003012","14","126","04180","003","012",1,1,2,NA,"99","04180",5,NA,4800
"630","04180003013","14","126","04180","003","013",1,1,2,NA,"99","04180",5,NA,7200
"631","04180003015","14","126","04180","003","015",1,3,1,NA,"99","04180",4,NA,17600
"632","04399007002","15","136","04399","007","002",1,1,3,NA,"Nhà máy sắn Đông Cuông","04399",3,NA,1920
"633","04399007003","15","136","04399","007","003",1,1,3,NA,"Nhà máy sắn Đông Cuông","04399",1,NA,9500
"634","04672002014","15","140","04672","002","014",1,1,4,NA,NA,NA,NA,0,500
"635","04672002014","15","140","04672","002","014",1,3,4,NA,NA,NA,NA,0,1500
"636","05266008013","17","157","05266","008","013",1,1,1,NA,"99","05344",3,NA,10000
"637","05386005002","17","158","05386","005","002",1,1,1,NA,"99","05386",10,NA,1620
"638","05386005003","17","158","05386","005","003",1,1,1,NA,"99","05386",10,NA,760
"639","05386005013","17","158","05386","005","013",1,1,2,NA,"99","05386",10,NA,17500
"640","10771008002","30","293","10771","008","002",1,1,1,NA,"99","10771",1,NA,8100
"641","10771008003","30","293","10771","008","003",1,1,1,NA,"99","10771",1,NA,11700
"642","10771008005","30","293","10771","008","005",1,1,1,NA,"99","10507",1,NA,36000
"643","14392004014","37","372","14392","004","014",1,1,4,NA,NA,NA,NA,0,5250
"644","14950009004","38","386","14950","009","004",1,1,1,NA,"nhà máy sắn Bá Thước","14980",7,NA,47000
"645","15046006002","38","388","15046","006","002",1,1,1,NA,"99","14980",10,NA,30000
"646","16204003011","38","402","16204","003","011",1,1,1,NA,"Nhà máy SX tinh bột sắn Hoá Quỳ","16186",1,NA,5000
"647","16741010007","40","415","16741","010","007",1,1,4,NA,NA,NA,NA,0,2040
"648","16741010009","40","415","16741","010","009",1,1,4,NA,NA,NA,NA,0,900
"649","16741010011","40","415","16741","010","011",1,1,4,NA,NA,NA,NA,200,700
"650","16741010014","40","415","16741","010","014",1,1,4,NA,NA,NA,NA,100,1000
"651","16741010015","40","415","16741","010","015",1,1,4,NA,NA,NA,NA,500,1500
"652","16771012001","40","415","16771","012","001",1,1,4,NA,NA,NA,NA,0,510
"653","16771012009","40","415","16771","012","009",1,1,4,NA,NA,NA,NA,0,800
"654","16771012011","40","415","16771","012","011",1,1,4,NA,NA,NA,NA,0,700
"655","17797001013","40","428","17797","001","013",1,1,3,NA,"công ty cổ phần nông thủy sản Nghệ An","17713",1,NA,3700
"656","19114023011","44","455","19114","023","011",1,1,1,NA,"99","19195",2,NA,20000
"657","19117001001","44","455","19117","001","001",1,1,1,NA,"CÔNG TY CỔ PHẦN TINH BỘT SẮN QUẢNG BÌNH","19114",7,NA,2310
"658","19117001002","44","455","19117","001","002",1,1,1,NA,"CÔNG TY CỔ PHẦN TINH BỘT SẮN QUẢNG BÌNH","19114",10,NA,2310
"659","19117001003","44","455","19117","001","003",1,1,1,NA,"CÔNG TY CỔ PHẦN TINH BỘT SẮN QUẢNG BÌNH","19114",8,NA,6930
"660","19117001004","44","455","19117","001","004",1,1,1,NA,"công ty cổ phần tinh bột sắn","19114",10,NA,3880
"661","19117001005","44","455","19117","001","005",1,1,1,NA,"công ty cổ phần tinh bột sắn Quảng Bình","19114",5,NA,24000
"662","19117001008","44","455","19117","001","008",1,1,1,NA,"công ty cổ phần tinh bột sắn Quảng Bình","19114",10,NA,11800
"663","19117001009","44","455","19117","001","009",1,1,1,NA,"công ty cổ phần tinh bột sắn quảng bình","19114",8,NA,4480
"664","19117001012","44","455","19117","001","012",1,1,1,NA,"công ty cổ phần tinh bột sắn quảng bình","19114",9,NA,11820
"665","19117001014","44","455","19117","001","014",1,1,1,NA,"công ty cổ phần tinh bột sắn Quảng Bình","19114",8,NA,2800
"666","19117001015","44","455","19117","001","015",1,1,1,NA,"CÔNG TY CỔ PHẦN TINH BỘT SẮN QUẢNG BÌNH","19114",9,NA,924
"667","19156003001","44","455","19156","003","001",1,1,1,NA,"CÔNG TY CỔ PHẦN TINH BỘT SẮN QUẢNG BÌNH","19114",5,NA,19500
"668","19468004001","45","465","19468","004","001",1,1,3,NA,"Nha may tin bôt săn Hương hóa","19471",6,NA,50000
"669","19468004002","45","465","19468","004","002",1,1,3,NA,"Nhà máy tin bột sắn Hương hóa","19471",7,NA,40000
"670","19468004003","45","465","19468","004","003",1,1,3,NA,"Nha may tin bôt săn Hương hoa","19471",6,NA,8000
"671","19468004004","45","465","19468","004","004",1,1,1,NA,"Nhà máy tinh bột sắn Hướng Hóa","19471",3,NA,11000
"672","19468004005","45","465","19468","004","005",1,1,1,NA,"Nhà máy tinh bột sắn Hướng Hóa","19471",3,NA,8500
"673","19468004006","45","465","19468","004","006",1,1,1,NA,"Nhà máy tinh bột sắn Hướng Hóa","19471",2,NA,12000
"674","19468004007","45","465","19468","004","007",1,1,1,NA,"nhà máy tinh bột sắn hướng hóa","19471",5,NA,20000
"675","19468004008","45","465","19468","004","008",1,1,1,NA,"99","19471",4,NA,7000
"676","19468004009","45","465","19468","004","009",1,1,1,NA,"nhà máy tinh bột sắn Hướng Hóa","19471",5,NA,12000
"677","19468004010","45","465","19468","004","010",1,1,1,NA,"Nhà máy tinh bột sắn Hướng Hóa","19471",5,NA,33000
"678","19468004011","45","465","19468","004","011",1,1,1,NA,"nhà máy tinh bột sắn hướng hóa","19471",5,NA,1e+05
"679","19468004012","45","465","19468","004","012",1,1,1,NA,"nhà máy tinh bột sắn hướng hóa","19471",10,NA,17000
"680","19468004013","45","465","19468","004","013",1,1,1,NA,"nhà mây tinh bột sắn hướng hóa","19471",5,NA,10000
"681","19468004014","45","465","19468","004","014",1,1,1,NA,"nhà máy tinh bột sắn hướng hóa","19471",5,NA,34000
"682","19480001001","45","465","19480","001","001",1,1,3,NA,"Nhà máy tính bột sắn Hướng Hóa","19471",15,NA,67000
"683","19480001002","45","465","19480","001","002",1,1,3,NA,"Nhà máy tinh bột sắn Hướng Hóa","19471",8,NA,27000
"684","19480001003","45","465","19480","001","003",1,1,3,NA,"nhà máy tinh bột sắn hướng hóa","19471",10,NA,590000
"685","19480001004","45","465","19480","001","004",1,1,3,NA,"Nhà máy tinh bột sắn Hướng Hóa","19471",6,NA,80000
"686","19480001005","45","465","19480","001","005",1,1,3,NA,"nhà máy tinh bột sắn hướng hóa","19471",5,NA,21000
"687","19480001006","45","465","19480","001","006",1,1,3,NA,"Nhà máy tinh bột sắn Hướng Hóa","19471",4,NA,22000
"688","19480001007","45","465","19480","001","007",1,1,1,NA,"Nhà máy tinh bột sắn Hướng Hóa","19471",15,NA,8500
"689","19480001008","45","465","19480","001","008",1,1,3,NA,"Nhà máy tinh bột sắn Hướng Hóa","19471",16,NA,50000
"690","19480001009","45","465","19480","001","009",1,1,3,NA,"Nhà máy tinh bột sắn Hướng Hóa","19471",15,NA,150000
"691","19480001010","45","465","19480","001","010",1,1,3,NA,"nhà máy tinh bột sắn hướng hóa","19471",7,NA,280000
"692","19480001011","45","465","19480","001","011",1,1,1,NA,"nhà máy tinh bột sắn hướng hóa","19471",4,NA,80
"693","19480001012","45","465","19480","001","012",1,1,3,NA,"nhà máy tinh bột sắn hướng hóa","19471",4,NA,220000
"694","19480001013","45","465","19480","001","013",1,1,1,NA,"nhà máy tinh bột sắn hướng hóa","19471",6,NA,350000
"695","19480001014","45","465","19480","001","014",1,1,3,NA,"Nhà máy tinh bột sắn Hướng Hóa","19471",3,NA,20000
"696","19480001015","45","465","19480","001","015",1,1,1,NA,"nhà máy tinh bột sắn hướng hóa","19471",10,NA,6e+05
"697","19603006008","45","468","19603","006","008",1,1,1,NA,"nha may chê biên săn An Thai","19600",2,NA,900
"698","19603006012","45","468","19603","006","012",1,1,1,NA,"nha may chê biên săn An Thai","19600",3,NA,2700
"699","19603006013","45","468","19603","006","013",1,1,1,NA,"nha may chê biên săn An Thái","19600",2,NA,900
"700","19603006015","45","468","19603","006","015",1,1,1,NA,"nha may chê biên sắn An Thái","19600",2,NA,1250
"701","20035001010","46","480","20035","001","010",1,1,1,NA,"99","20035",2,NA,3000
"702","20035001011","46","480","20035","001","011",1,1,1,NA,"99","20035",3,NA,4500
"703","20044003014","46","481","20044","003","014",1,1,4,NA,NA,NA,NA,0,700
"704","20488005011","49","505","20488","005","011",1,1,4,NA,NA,NA,NA,0,2000
"705","20488005012","49","505","20488","005","012",1,1,4,NA,NA,NA,NA,0,600
"706","20702002008","49","510","20702","002","008",1,1,1,NA,"99","20533",5,NA,15000
"707","20983010001","49","517","20983","010","001",1,1,1,NA,"99","20983",1,NA,2000
"708","21322006008","51","529","21322","006","008",1,1,3,NA,"nhà máy mì sơn hải","21319",15,NA,18000
"709","21322006009","51","529","21322","006","009",1,1,3,NA,"Nhà máy mì Sơn Hải","21319",15,NA,4500
"710","21652001003","52","543","21652","001","003",1,1,4,NA,NA,NA,NA,0,1600
"711","21661007007","52","543","21661","007","007",1,1,5,"0","99","21661",0,NA,0
"712","21661007008","52","543","21661","007","008",1,1,5,"0","99","21661",0,NA,0
"713","21661007011","52","543","21661","007","011",1,1,5,"0","99","21661",0,NA,0
"714","21751014009","52","545","21751","014","009",1,1,4,NA,NA,NA,NA,0,17200
"715","21787008001","52","546","21787","008","001",1,1,1,NA,"công ty tinh bột sắn nhiệt đồng tâm","21786",3,NA,13600
"716","21787008003","52","546","21787","008","003",1,1,1,NA,"công ty tinh bột sắn nhiệt đồng tâm","21786",2,NA,8625
"717","21787008005","52","546","21787","008","005",1,1,1,NA,"công ty tinh bột sắn nhiệt đồng tâm","21786",2,NA,10350
"718","21787008007","52","546","21787","008","007",1,1,1,NA,"công từ tính bột sắn nhiệt đồng tâm","21786",2,NA,5175
"719","21787008008","52","546","21787","008","008",1,1,1,NA,"công ty tinh bột sắn nhiệt đồng tâm","21786",2,NA,34500
"720","21801001005","52","546","21801","001","005",1,1,1,NA,"99","21805",1,NA,9000
"721","21814012005","52","547","21814","012","005",1,1,1,NA,"99","21805",3,NA,3960
"722","21814012007","52","547","21814","012","007",1,1,1,NA,"99","21805",3,NA,8360
"723","21814012010","52","547","21814","012","010",1,1,1,NA,"99","21805",3,NA,6600
"724","21814012011","52","547","21814","012","011",1,1,1,NA,"99","21805",2,NA,11000
"725","21814012015","52","547","21814","012","015",1,1,1,NA,"99","21805",2,NA,3080
"726","22009008013","52","551","22009","008","013",1,1,2,NA,"99","21994",3,NA,21000
"727","22111024006","54","558","22111","024","006",1,1,3,NA,"Nhà máy chế biến tinh bột sắn Đồng xuân,tỉnh Phú Yên","22081",7,NA,6000
"728","22183005011","54","560","22183","005","011",1,1,1,NA,"công ty cổ phần tinh bột sắn FOCOCEV","22228",3,NA,14100
"729","22546013013","56","572","22546","013","013",1,1,1,NA,"99","22546",4,NA,4860
"730","23353005001","62","610","23353","005","001",1,1,2,NA,"nhà máy phương hoa","23371",5,NA,80000
"731","23353005002","62","610","23353","005","002",1,1,1,NA,"nhà máy phương hoa","23371",5,NA,80000
"732","23353005003","62","610","23353","005","003",1,1,2,NA,"nhà máy phương hoa","23371",5,NA,90000
"733","23353005004","62","610","23353","005","004",1,1,2,NA,"nhà máy phương hoa","23371",8,NA,90000
"734","23353005005","62","610","23353","005","005",1,1,2,NA,"nhà máy phương hoa","23371",6,NA,130000
"735","23353005006","62","610","23353","005","006",1,1,2,NA,"nhà máy phương hoa","23371",8,NA,1e+05
"736","23353005007","62","610","23353","005","007",1,1,2,NA,"nhà máy phương hoa","23371",6,NA,90000
"737","23353005010","62","610","23353","005","010",1,1,2,NA,"nhà máy phương hoa","23371",5,NA,80000
"738","23353005011","62","610","23353","005","011",1,1,2,NA,"nhà máy phương hoa","23371",5,NA,80000
"739","23353005012","62","610","23353","005","012",1,1,2,NA,"nhà máy phương hoa","23371",5,NA,70000
"740","23353005013","62","610","23353","005","013",1,1,2,NA,"nhà máy phương hoa","23371",5,NA,50000
"741","23353005014","62","610","23353","005","014",1,1,2,NA,"nhà máy phương hoa","23371",5,NA,90000
"742","23353005015","62","610","23353","005","015",1,1,2,NA,"nhà máy phương hoa","23371",5,NA,80000
"743","23392003001","62","611","23392","003","001",1,1,1,NA,"99","23377",4,NA,48000
"744","23392003003","62","611","23392","003","003",1,1,3,NA,"nhà máy tinh bột sắn ngọc hồi","23386",5,NA,30000
"745","23392003009","62","611","23392","003","009",1,1,3,NA,"nhà máy tính bột sắn ngọc hồi","23386",3,NA,7000
"746","23392003014","62","611","23392","003","014",1,1,1,NA,"99","23377",2,NA,22400
"747","23419007001","62","617","23419","007","001",1,1,1,NA,"99","23425",5,NA,39270
"748","23419007002","62","617","23419","007","002",1,1,1,NA,"99","23425",5,NA,39105
"749","23419007003","62","617","23419","007","003",1,1,1,NA,"99","23425",6,NA,39930
"750","23419007004","62","617","23419","007","004",1,1,1,NA,"99","23425",6,NA,35000
"751","23419007005","62","617","23419","007","005",1,1,1,NA,"99","23425",5,NA,39435
"752","23419007006","62","617","23419","007","006",1,1,1,NA,"99","23425",6,NA,32000
"753","23419007007","62","617","23419","007","007",1,1,1,NA,"99","23425",3,NA,39600
"754","23419007008","62","617","23419","007","008",1,1,1,NA,"99","23425",2,NA,31416
"755","23419007009","62","617","23419","007","009",1,1,1,NA,"99","23425",5,NA,25960
"756","23419007010","62","617","23419","007","010",1,1,1,NA,"99","23425",3,NA,33748
"757","23419007011","62","617","23419","007","011",1,1,1,NA,"99","23425",3,NA,7788
"758","23419007012","62","617","23419","007","012",1,1,1,NA,"99","23425",5,NA,26180
"759","23419007013","62","617","23419","007","013",1,1,1,NA,"99","23425",5,NA,26070
"760","23419007014","62","617","23419","007","014",1,1,1,NA,"99","23425",6,NA,36498
"761","23419007015","62","617","23419","007","015",1,1,1,NA,"99","23425",3,NA,26290
"762","23494008001","62","614","23494","008","001",1,1,2,NA,"công ty cổ phần Fococev Tây Nguyên","23488",6,NA,14950
"763","23494008002","62","614","23494","008","002",1,1,1,NA,"công ty cổ phần Fococev Tây Nguyên","23488",5,NA,20000
"764","23494008004","62","614","23494","008","004",1,1,1,NA,"công ty cổ phẩn fococev Tây nguyên","23488",4,NA,160000
"765","23494008005","62","614","23494","008","005",1,1,2,NA,"99","23494",7,NA,199200
"766","23494008006","62","614","23494","008","006",1,1,1,NA,"công ty cổ phần Fococev Tây Nguyên","23488",6,NA,12000
"767","23494008007","62","614","23494","008","007",1,1,1,NA,"công ty cổ phần Fococev Tây Nguyên","23488",6,NA,160000
"768","23494008009","62","614","23494","008","009",1,1,1,NA,"công tỷ cổ phần fococev Tây Nguyên","23488",5,NA,25000
"769","23494008010","62","614","23494","008","010",1,1,1,NA,"công tỷ cổ phần Fococev Tây Nguyên","23488",4,NA,35000
"770","23494008012","62","614","23494","008","012",1,1,1,NA,"99","23494",6,NA,56000
"771","23494008013","62","614","23494","008","013",1,1,1,NA,"công ty cổ phần Fococev Tây Nguyên","23488",3,NA,32000
"772","23494008015","62","614","23494","008","015",1,1,1,NA,"công ty cổ phần Fococev Tây Nguyên","23488",4,NA,20000
"773","23545002001","62","616","23545","002","001",1,1,1,NA,"công tý tinh bột sắn sa bình sa thầy","23545",6,NA,46500
"774","23545002005","62","616","23545","002","005",1,1,1,NA,"nhà máy tinh bột sắn sa bình","23545",6,NA,33000
"775","23545002010","62","616","23545","002","010",1,1,1,NA,"nhà máy tinh bột sắn kon tum","23545",10,NA,50000
"776","23545002012","62","616","23545","002","012",1,1,3,NA,"nhà máy tinh bột sắn sa bình sa thầy","23545",15,NA,396000
"777","23545002014","62","616","23545","002","014",1,1,1,NA,"nhà máy tinh bột sắn Kon Tum","23545",3,NA,55000
"778","23888002002","64","632","23888","002","002",1,1,1,NA,"99","23563",5,NA,80000
"779","23888002013","64","632","23888","002","013",1,1,1,NA,"99","23563",3,NA,70000
"780","23914002004","64","632","23914","002","004",1,1,1,NA,"cơ sở thứ mua Hồng Thọ","23887",3,NA,6000
"781","23926004010","64","632","23926","004","010",1,1,1,NA,"99","23563",4,NA,20000
"782","24223017007","66","646","24223","017","007",1,1,1,NA,"không biết","24265",2,NA,16000
"783","24487011009","66","653","24487","011","009",1,1,1,NA,"Nhà máy tinh bột sắn THANH BÌNH","24478",2,NA,24300
"784","24487011010","66","653","24487","011","010",1,1,1,NA,"nhà máy tinh bột sắn Thanh Bình","24478",3,NA,19260
"785","24487011011","66","653","24487","011","011",1,1,1,NA,"nhà máy tinh bột THANH BÌNH","24478",4,NA,15480
"786","24487011012","66","653","24487","011","012",1,1,1,NA,"nhà máy tinh bột sắn THANH BÌNH","24478",5,NA,19530
"787","24487011013","66","653","24487","011","013",1,1,1,NA,"nhà máy tinh bột THANH BÌNH","24478",3,NA,48600
"788","24487011014","66","653","24487","011","014",1,1,1,NA,"99","24478",3,NA,29100
"789","24487011015","66","653","24487","011","015",1,1,1,NA,"nhà máy tinh bột sắn THANH BÌNH","24478",3,NA,16380
"790","24709006009","67","664","24709","006","009",1,3,1,NA,"99","24706",6,NA,8000
"791","24709006014","67","664","24709","006","014",1,3,1,NA,"99","24706",6,NA,28000
"792","24709006015","67","664","24709","006","015",1,3,1,NA,"99","24706",5,NA,22000
"793","25489011004","72","705","25489","011","004",1,1,4,NA,NA,NA,NA,0,28800
"794","25609006002","72","708","25609","006","002",1,1,1,NA,"99","25597",10,NA,273000
"795","25609006014","72","708","25609","006","014",1,1,1,NA,"nhà máy Hữu Đức","25597",8,NA,16000
"796","26590013008","77","750","26590","013","008",1,3,4,NA,NA,NA,NA,500,22500
"797","32086012001","96","967","32086","012","001",1,1,4,NA,NA,NA,NA,0,400
"798","32245003001","96","973","32245","003","001",1,1,4,NA,NA,NA,NA,0,1050
"799","32245003002","96","973","32245","003","002",1,1,4,NA,NA,NA,NA,0,840
"800","32245003015","96","973","32245","003","015",1,1,4,NA,NA,NA,NA,0,21000
"801","00379009006","01","016","00379","009","006",4,3,4,"","","",NA,NA,3900
"802","00961009003","02","030","00961","009","003",4,3,2,"","99","00961",10,NA,1200
"803","01573004004","04","048","01573","004","004",4,1,2,"","nhà máy chế biến tinh bột sắn cao bằng","01696",1,NA,7000
"804","01573004007","04","048","01573","004","007",4,1,1,"","công ty cổ phần Khánh Hạ","01267",1,NA,2300
"805","01573004008","04","048","01573","004","008",4,1,1,"","Hợp tác xã Minh Phuơng","01573",1,NA,2860
"806","01573004011","04","048","01573","004","011",4,1,1,"","công ty Khánh Hạ","01267",1,NA,2700
"807","01573004013","04","048","01573","004","013",4,1,2,"","nhà máy chế biến tinh bột sắn cao bằng","01696",1,NA,6000
"808","03190001002","11","097","03190","001","002",4,1,4,"","","",NA,NA,750
"809","03201003001","11","097","03201","003","001",4,1,4,"","","",NA,NA,480
"810","03201003002","11","097","03201","003","002",4,1,4,"","","",NA,NA,1859
"811","03201003004","11","097","03201","003","004",4,1,4,"","","",NA,NA,3003
"812","03201003005","11","097","03201","003","005",4,1,4,"","","",NA,NA,360
"813","03201003007","11","097","03201","003","007",4,1,4,"","","",NA,NA,8400
"814","03201003010","11","097","03201","003","010",4,1,4,"","","",NA,NA,4100
"815","03201003012","11","097","03201","003","012",4,1,4,"","","",NA,NA,830
"816","03201003013","11","097","03201","003","013",4,1,4,"","","",NA,NA,2160
"817","03201003014","11","097","03201","003","014",4,1,4,"","","",NA,NA,1950
"818","03201003015","11","097","03201","003","015",4,1,4,"","","",NA,NA,5100
"819","03365002001","11","100","03365","002","001",4,1,3,"","99","03358",3,NA,21380
"820","03365002004","11","100","03365","002","004",4,3,2,"","99","03358",6,NA,20000
"821","03365002005","11","100","03365","002","005",4,1,3,"","99","03358",6,NA,13070
"822","03365002006","11","100","03365","002","006",4,1,3,"","99","03358",6,NA,7260
"823","03365002007","11","100","03365","002","007",4,3,2,"","99","03358",5,NA,30000
"824","03365002011","11","100","03365","002","011",4,1,3,"","99","03358",5,NA,13070
"825","03365002012","11","100","03365","002","012",4,3,2,"","99","03358",7,NA,14800
"826","03365002013","11","100","03365","002","013",4,1,3,"","99","03358",5,NA,8720
"827","03365002014","11","100","03365","002","014",4,3,2,"","99","03358",5,NA,8800
"828","03365002015","11","100","03365","002","015",4,1,3,"","99","03358",5,NA,7400
"829","03371001001","11","101","03371","001","001",4,1,2,"","99","03371",5,NA,6500
"830","03371001002","11","101","03371","001","002",4,1,1,"","99","03358",5,NA,25000
"831","03371001003","11","101","03371","001","003",4,1,1,"","99","03358",4,NA,23000
"832","03371001004","11","101","03371","001","004",4,1,1,"","99","03358",4,NA,25000
"833","03371001005","11","101","03371","001","005",4,1,1,"","99","03358",5,NA,35000
"834","03371001006","11","101","03371","001","006",4,1,1,"","99","03358",4,NA,20000
"835","03371001007","11","101","03371","001","007",4,1,1,"","99","03358",5,NA,18000
"836","03371001008","11","101","03371","001","008",4,1,1,"","99","03358",5,NA,4200
"837","03371001009","11","101","03371","001","009",4,1,1,"","99","03358",6,NA,17000
"838","03371001010","11","101","03371","001","010",4,1,1,"","99","03358",3,NA,10000
"839","03371001011","11","101","03371","001","011",4,1,1,"","99","03358",4,NA,3400
"840","03371001012","11","101","03371","001","012",4,1,1,"","99","03358",3,NA,3300
"841","03490017005","12","109","03490","017","005",4,1,2,"","99","03574",1,NA,2450
"842","03490017007","12","109","03490","017","007",4,1,1,"","99","03549",2,NA,12360
"843","03490017010","12","109","03490","017","010",4,1,1,"","99","03549",2,NA,14640
"844","03490017012","12","109","03490","017","012",4,1,1,"","không biết","03490",3,NA,1800
"845","03577010001","12","109","03577","010","001",4,1,1,"","99","03577",2,NA,1200
"846","03577010002","12","109","03577","010","002",4,1,1,"","không biết","03577",3,NA,2400
"847","03577010006","12","109","03577","010","006",4,1,1,"","99","03549",1,NA,2340
"848","03577010007","12","109","03577","010","007",4,1,1,"","99","03549",2,NA,1950
"849","03577010008","12","109","03577","010","008",4,1,1,"","99","03549",2,NA,650
"850","03577010009","12","109","03577","010","009",4,1,2,"","99","03549",2,NA,3120
"851","03577010011","12","109","03577","010","011",4,1,2,"","99","03574",1,NA,24480
"852","03577010013","12","109","03577","010","013",4,1,2,"","99","03574",1,NA,3996
"853","04171014006","14","126","04171","014","006",4,1,1,"","99","03721",10,NA,25200
"854","04171014007","14","126","04171","014","007",4,1,1,"","99","03721",5,NA,29000
"855","04171014008","14","126","04171","014","008",4,3,2,"","99","04171",5,NA,30000
"856","04171014009","14","126","04171","014","009",4,3,2,"","99","04171",2,NA,30060
"857","04171014010","14","126","04171","014","010",4,3,2,"","99","04171",1,NA,17640
"858","04171014011","14","126","04171","014","011",4,3,1,"","99","04171",2,NA,5400
"859","04171014013","14","126","04171","014","013",4,3,2,"","99","04171",3,NA,21600
"860","04171014015","14","126","04171","014","015",4,3,2,"","99","04171",5,NA,22000
"861","04195019007","14","126","04195","019","007",4,3,2,"","99","04195",2,NA,7200
"862","04195019009","14","126","04195","019","009",4,3,2,"","99","04195",5,NA,10000
"863","04195019012","14","126","04195","019","012",4,1,1,"","99","03721",4,NA,5000
"864","04195019013","14","126","04195","019","013",4,1,1,"","99","03721",4,NA,5100
"865","04780001013","15","141","04780","001","013",4,3,4,"","","",NA,NA,12000
"866","04852003002","17","150","04852","003","002",4,1,1,"","99","04876",10,NA,1800
"867","04855004006","17","150","04855","004","006",4,1,4,"","","",NA,NA,5000
"868","08041004011","25","230","08041","004","011",4,1,4,"","","",NA,NA,500
"869","08311006001","25","234","08311","006","001",4,1,2,"","99","08311",6,NA,12960
"870","08311006003","25","234","08311","006","003",4,1,2,"","99","08311",6,NA,7776
"871","08311006006","25","234","08311","006","006",4,1,2,"","99","00499",1,NA,3600
"872","08311006007","25","234","08311","006","007",4,1,5,"thương lái nơi khác đến mua tại điểm cân sắn","99","09499",1,NA,3000
"873","08311006008","25","234","08311","006","008",4,1,1,"","99","00499",1,NA,3400
"874","08311006009","25","234","08311","006","009",4,1,5,"thương lái nơi khác đến mua tại điểm cân sắn","99","09499",1,NA,5100
"875","08311006010","25","234","08311","006","010",4,1,1,"","99","00499",1,NA,3400
"876","08311006011","25","234","08311","006","011",4,1,1,"","99","08311",3,NA,5150
"877","08311006012","25","234","08311","006","012",4,1,1,"","99","08311",3,NA,4000
"878","08311006014","25","234","08311","006","014",4,1,1,"","99","08311",1,NA,12000
"879","08689015001","25","239","08689","015","001",4,1,1,"","99","08689",3,NA,850
"880","08689015005","25","239","08689","015","005",4,1,1,"","99","08689",2,NA,700
"881","08689015007","25","239","08689","015","007",4,1,1,"","99","08689",2,NA,800
"882","08689015010","25","239","08689","015","010",4,1,1,"","99","08689",2,NA,1000
"883","08689015014","25","239","08689","015","014",4,1,1,"","99","08689",2,NA,1000
"884","08914019008","26","248","08914","019","008",4,1,4,"","","",NA,NA,1200
"885","08914019011","26","248","08914","019","011",4,1,4,"","","",NA,NA,3000
"886","08914019012","26","248","08914","019","012",4,1,4,"","","",NA,NA,1000
"887","15199009002","38","391","15199","009","002",4,1,1,"","Nhà máy sắn Bá Thước","14980",3,NA,23125
"888","15655001011","38","396","15655","001","011",4,1,4,"","","",NA,NA,24000
"889","16941014001","40","419","16941","014","001",4,1,1,"","99","16941",3,NA,36000
"890","16941014004","40","419","16941","014","004",4,1,1,"","Hợp tác xã cổ phần thương mại sơn long","17026",1,NA,4000
"891","16941014012","40","419","16941","014","012",4,1,4,"","","",NA,NA,2400
"892","16941014017","40","419","16941","014","017",4,1,1,"","Hợp tác xã cổ phần DV Sơn Long","17026",10,NA,40000
"893","17077022024","40","420","17077","022","024",4,1,1,"","99","17011",1,NA,6400
"894","18934008002","44","452","18934","008","002",4,1,1,"","99","19114",1,NA,4500
"895","18934008003","44","452","18934","008","003",4,1,1,"","99","19114",1,NA,10000
"896","18934008007","44","452","18934","008","007",4,1,1,"","99","19114",3,NA,10500
"897","18934008009","44","452","18934","008","009",4,1,1,"","99","19114",2,NA,9000
"898","18934008015","44","452","18934","008","015",4,1,1,"","99","19114",3,NA,14000
"899","18958009002","44","453","18958","009","002",4,1,4,"","","",NA,NA,8000
"900","18958009016","44","453","18958","009","016",4,1,4,"","","",NA,NA,0
"901","19213003003","44","456","19213","003","003",4,1,5,"chăn nuôi lợn","99","19201",0,NA,3000
"902","19213003008","44","456","19213","003","008",4,1,4,"","","",NA,NA,1500
"903","19213003015","44","456","19213","003","015",4,1,4,"","","",NA,NA,1200
"904","19441016001","45","465","19441","016","001",4,1,1,"","99","19459",9,NA,7000
"905","19441016003","45","465","19441","016","003",4,1,1,"","Nhà máy tinh bột sắn Hướng Hóa","19471",3,NA,15000
"906","19441016004","45","465","19441","016","004",4,1,1,"","nhà máy chế biến tinh bột sắn hướng hóa","19471",7,NA,3e+05
"907","19441016007","45","465","19441","016","007",4,1,1,"","nhà máy chế biến tinh bột sắn hướng hóa","19471",7,NA,80000
"908","19441016008","45","465","19441","016","008",4,1,1,"","xã thuận","19471",7,NA,35000
"909","19441016009","45","465","19441","016","009",4,1,1,"","nhà máy tinh bột sắn hướng hóa","19471",5,NA,24000
"910","19441016010","45","465","19441","016","010",4,1,1,"","99","19471",5,NA,25000
"911","19441016012","45","465","19441","016","012",4,1,1,"","99","19471",6,NA,26000
"912","19441016013","45","465","19441","016","013",4,1,1,"","99","19471",7,NA,35
"913","19441016014","45","465","19441","016","014",4,1,1,"","Nhà máy tính bột sắn Hướng Hóa","19471",2,NA,10000
"914","19441016017","45","465","19441","016","017",4,1,1,"","99","19459",10,NA,16800
"915","19483002002","45","465","19483","002","002",4,1,3,"","nhà máy tinh bột sắn Hường hóa","19471",15,NA,2e+05
"916","19483002003","45","465","19483","002","003",4,1,3,"","Nhà máy tinh bột sắn Hướng Hóa","19471",10,NA,170000
"917","19483002004","45","465","19483","002","004",4,1,1,"","Nhà máy tinh bột sắn Hướng Hóa","19471",3,NA,21000
"918","19483002005","45","465","19483","002","005",4,1,1,"","Nhà máy tinh bột sắn Hướng Hóa","19471",2,NA,34500
"919","19483002006","45","465","19483","002","006",4,1,1,"","Nhà máy tinh bột sắn Hướng Hóa","19471",2,NA,11000
"920","19483002007","45","465","19483","002","007",4,1,1,"","nhà máy tinh bột sắn hướng hóa","19471",9,NA,76000
"921","19483002008","45","465","19483","002","008",4,1,1,"","7","19471",7,NA,84000
"922","19483002009","45","465","19483","002","009",4,1,1,"","nhà máy tinh bột sắn hướng hóa","19471",10,NA,150000
"923","19483002010","45","465","19483","002","010",4,1,1,"","99","19471",4,NA,33000
"924","19483002011","45","465","19483","002","011",4,1,3,"","Nhà máy tinh bột sắn Hướng Hóa","19471",3,NA,19200
"925","19483002016","45","465","19483","002","016",4,1,3,"","Nhà máy tinh bột sắn hướng hóa","19471",4,NA,35000
"926","19483002018","45","465","19483","002","018",4,1,1,"","99","19459",10,NA,20000
"927","19621012003","45","468","19621","012","003",4,1,3,"","Nha may chê biên săn An Thái","19600",4,NA,2760
"928","19621012005","45","468","19621","012","005",4,1,3,"","Nha may chê biên săn An Thai","19600",2,NA,2070
"929","19621012006","45","468","19621","012","006",4,1,3,"","Nha may chê biên săn An Thai","19600",2,NA,5060
"930","19621012014","45","468","19621","012","014",4,1,3,"","Nha may chê biên săn An Thái","19600",2,NA,4630
"931","19621012015","45","468","19621","012","015",4,1,3,"","Nha may chê biên săn An Thái","19600",3,NA,2750
"932","19729003016","45","470","19729","003","016",4,1,1,"","99","19702",2,NA,3500
"933","20833009002","49","513","20833","009","002",4,1,1,"","99","20833",10,NA,14000
"934","20833009003","49","513","20833","009","003",4,1,1,"","99","20833",15,NA,32000
"935","20833009008","49","513","20833","009","008",4,1,1,"","99","20833",5,NA,24000
"936","20833009012","49","513","20833","009","012",4,1,1,"","99","20665",3,NA,20000
"937","21193008003","51","527","21193","008","003",4,3,4,"","","",NA,NA,100
"938","21193008006","51","527","21193","008","006",4,1,1,"","nhà máy mỳ Tịnh Phong","21181",10,NA,4750
"939","21475001012","51","534","21475","001","012",4,1,1,"","củ mì gòn","21439",1,NA,4900
"940","21609002006","52","542","21609","002","006",4,1,4,"","","",NA,NA,20000
"941","21727013007","52","544","21727","013","007",4,3,4,"","","",NA,NA,7500
"942","22000005013","52","551","22000","005","013",4,1,1,"","nhà máy mỳ vân canh","22009",5,NA,12000
"943","22000005015","52","551","22000","005","015",4,1,1,"","nhà máy mỳ vân canh","22009",5,NA,12000
"944","22084013001","54","558","22084","013","001",4,1,2,"","Nhà máy chế biến tinh boitj sắn huyện Đồng Xuân,tỉnh Phú Yên","22081",7,NA,13000
"945","22084013003","54","558","22084","013","003",4,1,1,"","Nhà máy chế biến tinh bột sắn huyện Đồng Xuân,tỉnh Phú Yên","22081",6,NA,19000
"946","22084013005","54","558","22084","013","005",4,1,2,"","Nhà máy sản xuất tinh bột sắn huyện Đồng Xuân,tỉnh Phú Yên","22081",5,NA,11200
"947","22084013011","54","558","22084","013","011",4,1,2,"","Nhà máy chế biến tinh bột sắn huyện Đồng Xuân,tỉnh Phú Yên","22081",5,NA,8400
"948","22084013014","54","558","22084","013","014",4,1,2,"","Nhà máy chế biến tinh bột sắn huyện Đồng Xuân,tỉnh Phú Yên","22081",7,NA,13600
"949","22084013016","54","558","22084","013","016",4,1,2,"","Nhà máy chế biến tinh bột sắn huyện Đồng Xuân,tỉnh Phú Yên","22081",5,NA,9900
"950","22087010004","54","558","22087","010","004",4,1,1,"","Nhà máy sắn Đồng Xuân","22081",2,NA,12000
"951","22087010005","54","558","22087","010","005",4,1,1,"","Nhà máy sắn Đồng Xuân","22081",1,NA,30000
"952","22087010006","54","558","22087","010","006",4,1,1,"","Nhà máy sắn Đồng Xuân","22081",1,NA,9750
"953","22087010015","54","558","22087","010","015",4,1,1,"","Nhà máy sắn Đồng Xuân","22081",2,NA,9600
"954","22465008001","56","570","22465","008","001",4,1,1,"","99","22465",4,NA,12000
"955","22465008003","56","570","22465","008","003",4,1,1,"","99","22465",3,NA,27000
"956","22465008008","56","570","22465","008","008",4,1,2,"","99","22465",3,NA,7000
"957","22465008010","56","570","22465","008","010",4,1,2,"","99","22465",4,NA,30000
"958","22465008011","56","570","22465","008","011",4,1,2,"","99","22465",4,NA,22000
"959","22465008012","56","570","22465","008","012",4,1,2,"","99","22465",3,NA,12000
"960","22465008013","56","570","22465","008","013",4,1,2,"","99","22465",4,NA,34000
"961","22465008014","56","570","22465","008","014",4,1,2,"","99","22465",4,NA,22000
"962","22603001005","56","572","22603","001","005",4,1,4,"","","",NA,NA,2640
"963","23320001001","62","608","23320","001","001",4,1,1,"","công ty tnhh tinh bột sắn Kon tum","23545",8,NA,95000
"964","23320001007","62","608","23320","001","007",4,1,1,"","công ty tnhh tình bột sắn Kon tum","23545",7,NA,75000
"965","23320001014","62","608","23320","001","014",4,1,1,"","công ty tnhh tinh bột sắn Kon Tum","23545",6,NA,110000
"966","23427002001","62","612","23427","002","001",4,1,1,"","Nhà máy mỳ và tinh bột sắn Đăk Tô","23437",6,NA,27600
"967","23427002002","62","612","23427","002","002",4,1,1,"","Nhà máy chế biến tinh bột sắn","23437",5,NA,24000
"968","23427002003","62","612","23427","002","003",4,1,1,"","Nhà máy tinh bột sắn Đăk Tô","23437",8,NA,21600
"969","23427002004","62","612","23427","002","004",4,1,1,"","Nhà máy chế biến tinh bột sắn Đăk Tô","23437",6,NA,36000
"970","23427002005","62","612","23427","002","005",4,1,1,"","Nhà máy tinh bột sắn Đăk Tô","23437",8,NA,43200
"971","23427002006","62","612","23427","002","006",4,1,1,"","Nhà máy tinh bột sắn Đăk Tô","23437",8,NA,36000
"972","23427002007","62","612","23427","002","007",4,1,1,"","Nhà máy tinh bột sắn Đăk Tô","23437",8,NA,19200
"973","23427002009","62","612","23427","002","009",4,1,1,"","Nhà máy tinh bột sắn Đăk Tô","23437",8,NA,38400
"974","23427002011","62","612","23427","002","011",4,1,1,"","Nhà máy tinh bột sắn Đăk Tô","23437",10,NA,72000
"975","23427002013","62","612","23427","002","013",4,1,1,"","Nhà máy tinh bột sắn Đăk Tô","23437",8,NA,60000
"976","23427002014","62","612","23427","002","014",4,1,1,"","Nhà máy tinh bột sắn Đăk Tô","23437",5,NA,28800
"977","23427002015","62","612","23427","002","015",4,1,1,"","Nhà máy tinh bột sắn Đăk Tô","23437",7,NA,38400
"978","23437001002","62","612","23437","001","002",4,1,1,"","Nhà máy tinh bột sắn Đăk Tô","23437",10,NA,43200
"979","23437001005","62","612","23437","001","005",4,1,1,"","Nhà máy tinh bột sắn Đăk Tô","23437",10,NA,19200
"980","23437001006","62","612","23437","001","006",4,1,1,"","Nhà máy tinh bột sắn Đăk Tô","23437",8,NA,60000
"981","23437001008","62","612","23437","001","008",4,1,1,"","Nhà máy tinh bột sắn Đăk Tô","23437",8,NA,38400
"982","23437001010","62","612","23437","001","010",4,1,1,"","Nhà máy chế biến tinh bột sắn Đăk Tô","23437",8,NA,36000
"983","23437001013","62","612","23437","001","013",4,1,1,"","Nhà máy tinh bột sắn Đăk Tô","23437",5,NA,43200
"984","23449005001","62","617","23449","005","001",4,1,1,"","99","23425",5,NA,5000
"985","23449005002","62","617","23449","005","002",4,1,1,"","99","23425",5,NA,7800
"986","23449005004","62","617","23449","005","004",4,1,1,"","99","23425",5,NA,13200
"987","23449005005","62","617","23449","005","005",4,1,1,"","99","23425",5,NA,23000
"988","23449005006","62","617","23449","005","006",4,1,1,"","99","23425",5,NA,18000
"989","23449005007","62","617","23449","005","007",4,1,1,"","99","23425",5,NA,30000
"990","23449005008","62","617","23449","005","008",4,1,1,"","99","23425",5,NA,25000
"991","23449005009","62","617","23449","005","009",4,1,1,"","99","23425",5,NA,28000
"992","23449005010","62","617","23449","005","010",4,1,1,"","99","23425",5,NA,26000
"993","23449005014","62","617","23449","005","014",4,1,1,"","99","23425",5,NA,12000
"994","23449005015","62","617","23449","005","015",4,1,1,"","99","23425",5,NA,13000
"995","23449005016","62","617","23449","005","016",4,1,1,"","99","23425",5,NA,13000
"996","23455005002","62","613","23455","005","002",4,1,2,"","nhà máy mỳ Kon rẫy","23488",6,NA,23000
"997","23455005004","62","613","23455","005","004",4,1,2,"","nhà máy mỳ Kon rẫy","23488",6,NA,35000
"998","23455005005","62","613","23455","005","005",4,1,1,"","nhà máy mỳ Kon rẫy","23488",2,NA,35000
"999","23455005007","62","613","23455","005","007",4,1,2,"","nhà máy mỳ Kon rẫy","23488",5,NA,23000
"1000","23455005008","62","613","23455","005","008",4,1,1,"","nhà máy mỳ Kon rẫy","23488",3,NA,34000
"1001","23455005009","62","613","23455","005","009",4,1,1,"","nhà máy mỳ Kon rẫy","23488",2,NA,24000
"1002","23455005010","62","613","23455","005","010",4,1,1,"","nhà máy mỳ Kon rẫy","23488",5,NA,23000
"1003","23455005013","62","613","23455","005","013",4,1,2,"","nhà máy mỳ Kon rẫy","23488",5,NA,2300
"1004","23455005015","62","613","23455","005","015",4,1,2,"","nhà máy mỳ Kon rẫy","23488",5,NA,9000
"1005","23515008006","62","615","23515","008","006",4,1,1,"","99","23512",15,NA,22400
"1006","23638030014","64","625","23638","030","014",4,1,2,"","Cúc Phàn","23638",1,NA,30000
"1007","23731006002","64","627","23731","006","002",4,1,1,"","99","23728",8,NA,30500
"1008","23731006003","64","627","23731","006","003",4,1,1,"","99","23731",3,NA,45000
"1009","23731006005","64","627","23731","006","005",4,1,1,"","99","23731",2,NA,16800
"1010","23731006008","64","627","23731","006","008",4,1,1,"","99","23731",3,NA,30030
"1011","23731006009","64","627","23731","006","009",4,1,1,"","99","23731",2,NA,11550
"1012","23731006010","64","627","23731","006","010",4,1,1,"","99","23731",5,NA,20000
"1013","23731006011","64","627","23731","006","011",4,1,1,"","99","23728",5,NA,53550
"1014","23731006013","64","627","23731","006","013",4,1,1,"","99","23731",3,NA,42840
"1015","23731006015","64","627","23731","006","015",4,1,1,"","99","23731",2,NA,26300
"1016","24031004001","64","635","24031","004","001",4,1,2,"","99","24031",3,NA,18720
"1017","24031004002","64","635","24031","004","002",4,1,1,"","99","24013",2,NA,55440
"1018","24031004003","64","635","24031","004","003",4,1,1,"","99","24031",12,NA,58000
"1019","24031004005","64","635","24031","004","005",4,1,1,"","99","24013",3,NA,37000
"1020","24031004006","64","635","24031","004","006",4,1,1,"","99","24013",1,NA,18000
"1021","24031004007","64","635","24031","004","007",4,1,1,"","99","24013",1,NA,60000
"1022","24031004011","64","635","24031","004","011",4,1,1,"","99","24013",1,NA,33000
"1023","24031004012","64","635","24031","004","012",4,1,1,"","99","24013",1,NA,20000
"1024","24031004014","64","635","24031","004","014",4,1,1,"","99","24013",2,NA,0
"1025","24091004001","64","637","24091","004","001",4,1,2,"","Nhà máy tinh bột sắn Gia Lai","24076",5,NA,118020
"1026","24091004004","64","637","24091","004","004",4,1,2,"","Nhà máy tinh bột sắn Phú Túc","24076",5,NA,252560
"1027","24091004005","64","637","24091","004","005",4,1,2,"","Nhà máy tinh bột sắn Gia Lai","24076",3,NA,66560
"1028","24091004006","64","637","24091","004","006",4,1,1,"","Nhà máy tinh  bột sắn gia lai","24076",3,NA,36800
"1029","24091004007","64","637","24091","004","007",4,1,1,"","Nhà máy tinh bột sắn gia lai","24076",2,NA,52800
"1030","24091004008","64","637","24091","004","008",4,1,1,"","Nhà máy tinh  bột sắn  gia lai","24076",4,NA,48000
"1031","24091004011","64","637","24091","004","011",4,1,3,"","Công ty  chế biến nông lâm sản đường Vạn Phát","24106",3,NA,9520000
"1032","24091004012","64","637","24091","004","012",4,1,3,"","nhà máy focoves","24076",10,NA,230000
"1033","24091004013","64","637","24091","004","013",4,1,3,"","Nhà máy chế biến tinh bột sắn sắn gia lai","24076",5,NA,240000
"1034","24091004014","64","637","24091","004","014",4,1,2,"","Nhà máy tinh bột sắn Phú Túc","24076",5,NA,58200
"1035","24091004015","64","637","24091","004","015",4,1,3,"","Nhà máy mì focoves","24076",5,NA,230000
"1036","24109005002","64","637","24109","005","002",4,1,1,"","Nhà máy tính bột sắn Gia Lai","24076",2,NA,20000
"1037","24109005008","64","637","24109","005","008",4,1,1,"","công ty tình bột sắn focoves","24076",2,NA,38000
"1038","24184004005","66","645","24184","004","005",4,1,1,"","99","24184",5,NA,23500
"1039","24184004012","66","645","24184","004","012",4,1,1,"","99","24184",4,NA,5000
"1040","24184004014","66","645","24184","004","014",4,1,1,"","99","24340",3,NA,5600
"1041","24184004015","66","645","24184","004","015",4,3,4,"","","",NA,NA,7000
"1042","24207009002","66","645","24207","009","002",4,1,1,"","99","24207",3,NA,4000
"1043","24207009004","66","645","24207","009","004",4,1,1,"","99","24207",3,NA,2640
"1044","24207009006","66","645","24207","009","006",4,1,2,"","99","24207",5,NA,4800
"1045","24207009009","66","645","24207","009","009",4,3,2,"","99","24207",5,NA,40000
"1046","24207009014","66","645","24207","009","014",4,1,2,"","99","24207",5,NA,14400
"1047","24207009015","66","645","24207","009","015",4,1,4,"","","",NA,NA,3200
"1048","24313020008","66","649","24313","020","008",4,3,4,"","","",NA,NA,1000
"1049","24313020011","66","649","24313","020","011",4,3,4,"","","",NA,NA,1600
"1050","24313020013","66","649","24313","020","013",4,3,4,"","","",NA,NA,1200
"1051","24313020015","66","649","24313","020","015",4,3,4,"","","",NA,NA,1040
"1052","26677010001","77","752","26677","010","001",4,1,1,"","0","26677",1,NA,12000
"1053","29437005006","84","848","29437","005","006",4,1,2,"","99","29236",1,NA,6000
"1054","32092013008","96","967","32092","013","008",4,1,4,"","","",NA,NA,3000
