"","IDHO","MATINH","MAHUYEN","MAXA","MADIABAN","HOSO","KYDIEUTRA","M4B13A_C1","M4B13A_C2","M4B13A_C3","M4B13A_C4"
"1","04117004010","14","125","04117","004","010",3,5,1,1400,4
"2","04117004012","14","125","04117","004","012",3,5,1,1333,4
"3","23443003001","62","612","23443","003","001",3,1,2,150,3
"4","23443003002","62","612","23443","003","002",3,1,3,120,3
"5","23443003003","62","612","23443","003","003",3,1,3,120,3
"6","23443003004","62","612","23443","003","004",3,1,2,150,3
"7","23443003005","62","612","23443","003","005",3,3,2,120,2
"8","23443003007","62","612","23443","003","007",3,1,2,120,3
"9","23443003009","62","612","23443","003","009",3,1,2,100,4
"10","23443003010","62","612","23443","003","010",3,1,2,120,3
"11","23443003011","62","612","23443","003","011",3,1,2,150,3
"12","23443003012","62","612","23443","003","012",3,1,2,150,3
"13","23443003015","62","612","23443","003","015",3,3,2,120,3
"14","23497004002","62","614","23497","004","002",3,1,3,170,2
"15","23497004003","62","614","23497","004","003",3,1,3,200,2
"16","23497004006","62","614","23497","004","006",3,1,3,170,2
"17","23497004008","62","614","23497","004","008",3,1,3,200,2
"18","23497004010","62","614","23497","004","010",3,1,3,210,2
"19","23497004013","62","614","23497","004","013",3,1,3,200,2
"20","23500004006","62","615","23500","004","006",3,2,3,300,4
"21","23500004007","62","615","23500","004","007",3,2,5,310,4
"22","23500004008","62","615","23500","004","008",3,1,1,200,4
"23","23500004009","62","615","23500","004","009",3,2,5,300,4
"24","23500004010","62","615","23500","004","010",3,2,3,320,4
"25","23500004012","62","615","23500","004","012",3,1,3,300,4
"26","23500004013","62","615","23500","004","013",3,1,3,370,4
"27","23500004014","62","615","23500","004","014",3,2,3,280,4
"28","23500004015","62","615","23500","004","015",3,2,4,310,4
"29","23506014001","62","615","23506","014","001",3,2,5,300,4
"30","23506014002","62","615","23506","014","002",3,2,4,320,4
"31","23506014003","62","615","23506","014","003",3,2,3,320,4
"32","23506014004","62","615","23506","014","004",3,2,3,340,4
"33","23506014005","62","615","23506","014","005",3,1,2,350,4
"34","23506014006","62","615","23506","014","006",3,2,3,300,4
"35","23506014007","62","615","23506","014","007",3,2,4,280,4
"36","23506014008","62","615","23506","014","008",3,2,4,280,4
"37","23506014009","62","615","23506","014","009",3,2,3,300,4
"38","23506014011","62","615","23506","014","011",3,2,3,300,4
"39","23506014012","62","615","23506","014","012",3,2,3,300,4
"40","23506014013","62","615","23506","014","013",3,2,3,310,4
"41","23506014014","62","615","23506","014","014",3,2,3,300,4
"42","23785020001","64","628","23785","020","001",3,1,3,30,2
"43","23785020002","64","628","23785","020","002",3,2,3,30,2
"44","23785020003","64","628","23785","020","003",3,2,3,30,1
"45","23785020005","64","628","23785","020","005",3,1,3,30,2
"46","23785020006","64","628","23785","020","006",3,1,3,30,2
"47","23785020007","64","628","23785","020","007",3,2,3,30,2
"48","23785020008","64","628","23785","020","008",3,1,3,30,2
"49","23785020009","64","628","23785","020","009",3,2,3,30,1
"50","23785020010","64","628","23785","020","010",3,1,3,30,2
"51","23785020011","64","628","23785","020","011",3,1,3,30,2
"52","23785020012","64","628","23785","020","012",3,1,3,30,1
"53","23785020013","64","628","23785","020","013",3,1,3,20,4
"54","23785020014","64","628","23785","020","014",3,1,3,30,2
"55","23785020015","64","628","23785","020","015",3,1,3,30,2
"56","23794010001","64","629","23794","010","001",3,1,3,190,2
"57","23794010002","64","629","23794","010","002",3,1,4,250,2
"58","23794010004","64","629","23794","010","004",3,1,3,20,2
"59","23794010005","64","629","23794","010","005",3,1,3,20,2
"60","23794010006","64","629","23794","010","006",3,1,4,250,2
"61","23794010010","64","629","23794","010","010",3,1,3,20,2
"62","23794010015","64","629","23794","010","015",3,1,4,180,2
"63","23800013001","64","629","23800","013","001",3,1,3,180,2
"64","23800013002","64","629","23800","013","002",3,1,3,210,2
"65","23800013004","64","629","23800","013","004",3,1,3,180,2
"66","23800013005","64","629","23800","013","005",3,1,4,22,2
"67","23800013007","64","629","23800","013","007",3,1,3,180,2
"68","23800013008","64","629","23800","013","008",3,1,3,20,2
"69","23800013009","64","629","23800","013","009",3,1,3,20,2
"70","23800013010","64","629","23800","013","010",3,1,3,150,2
"71","23800013011","64","629","23800","013","011",3,1,3,180,2
"72","23800013013","64","629","23800","013","013",3,1,3,20,2
"73","23800013014","64","629","23800","013","014",3,1,3,20,2
"74","23800013015","64","629","23800","013","015",3,1,3,20,2
"75","23863009001","64","631","23863","009","001",3,1,4,100,2
"76","23863009002","64","631","23863","009","002",3,1,4,100,2
"77","23863009003","64","631","23863","009","003",3,1,4,80,2
"78","23863009004","64","631","23863","009","004",3,1,4,100,4
"79","23863009005","64","631","23863","009","005",3,1,4,95,2
"80","23863009007","64","631","23863","009","007",3,1,4,100,2
"81","23863009008","64","631","23863","009","008",3,1,4,1000,2
"82","23863009009","64","631","23863","009","009",3,1,4,100,3
"83","23863009011","64","631","23863","009","011",3,1,4,90,2
"84","23863009012","64","631","23863","009","012",3,1,3,80,2
"85","23863009013","64","631","23863","009","013",3,1,4,100,4
"86","23863009017","64","631","23863","009","017",3,1,4,90,2
"87","23941048002","64","633","23941","048","002",3,1,5,110,4
"88","23941048003","64","633","23941","048","003",3,1,4,100,2
"89","23941048006","64","633","23941","048","006",3,1,4,100,4
"90","23941048008","64","633","23941","048","008",3,1,5,100,4
"91","23941048009","64","633","23941","048","009",3,1,4,100,4
"92","23941048010","64","633","23941","048","010",3,1,5,100,4
"93","23941048012","64","633","23941","048","012",3,1,4,100,4
"94","23983012005","64","639","23983","012","005",3,1,3,25,4
"95","23983012015","64","639","23983","012","015",3,1,4,40,2
"96","24121016009","66","643","24121","016","009",3,3,3,200,3
"97","24121016010","66","643","24121","016","010",3,3,4,200,3
"98","24136026002","66","643","24136","026","002",3,1,4,200,3
"99","24157013002","66","643","24157","013","002",3,1,6,25,2
"100","24157013003","66","643","24157","013","003",3,1,7,25,2
"101","24157013004","66","643","24157","013","004",3,1,7,25,2
"102","24157013006","66","643","24157","013","006",3,1,7,25,2
"103","24157013008","66","643","24157","013","008",3,1,7,20,2
"104","24157013011","66","643","24157","013","011",3,1,7,25,2
"105","24157013015","66","643","24157","013","015",3,1,7,25,2
"106","24190028002","66","645","24190","028","002",3,1,4,450,2
"107","24190028003","66","645","24190","028","003",3,2,5,500,2
"108","24190028004","66","645","24190","028","004",3,1,3,530,2
"109","24190028006","66","645","24190","028","006",3,2,5,5000,2
"110","24190028007","66","645","24190","028","007",3,2,4,5000,2
"111","24190028008","66","645","24190","028","008",3,1,3,500,1
"112","24190028011","66","645","24190","028","011",3,1,3,360,2
"113","24190028015","66","645","24190","028","015",3,2,5,5000,2
"114","24253033002","66","647","24253","033","002",3,1,4,180,2
"115","24253033005","66","647","24253","033","005",3,1,4,170,2
"116","24253033007","66","647","24253","033","007",3,1,4,200,2
"117","24253033008","66","647","24253","033","008",3,1,4,180,2
"118","24253033010","66","647","24253","033","010",3,2,4,50,2
"119","24316012003","66","649","24316","012","003",3,1,3,200,2
"120","24316012008","66","649","24316","012","008",3,1,4,200,2
"121","24316012009","66","649","24316","012","009",3,1,3,220,2
"122","24316012012","66","649","24316","012","012",3,1,3,180,2
"123","24316012013","66","649","24316","012","013",3,1,3,220,2
"124","24367009005","66","650","24367","009","005",3,1,3,70,4
"125","24367009006","66","650","24367","009","006",3,1,3,200,2
"126","24367009007","66","650","24367","009","007",3,1,1,230,2
"127","24367009008","66","650","24367","009","008",3,1,2,200,2
"128","24367009009","66","650","24367","009","009",3,1,2,250,2
"129","24367009010","66","650","24367","009","010",3,1,2,220,2
"130","24367009011","66","650","24367","009","011",3,1,3,220,2
"131","24367009012","66","650","24367","009","012",3,1,3,200,2
"132","24367009013","66","650","24367","009","013",3,1,3,250,2
"133","24367009014","66","650","24367","009","014",3,1,3,200,2
"134","24367009016","66","650","24367","009","016",3,1,3,80,4
"135","24412011008","66","652","24412","011","008",3,1,2,100,4
"136","24505005001","66","654","24505","005","001",3,1,3,32,2
"137","24505005002","66","654","24505","005","002",3,1,3,35,2
"138","24505005003","66","654","24505","005","003",3,1,3,35,2
"139","24505005004","66","654","24505","005","004",3,1,3,25,2
"140","24505005005","66","654","24505","005","005",3,1,3,32,2
"141","24505005006","66","654","24505","005","006",3,1,2,32,2
"142","24505005007","66","654","24505","005","007",3,1,3,35,2
"143","24505005008","66","654","24505","005","008",3,1,3,32,2
"144","24505005009","66","654","24505","005","009",3,1,3,30,2
"145","24505005010","66","654","24505","005","010",3,1,3,30,2
"146","24505005011","66","654","24505","005","011",3,1,3,30,2
"147","24505005012","66","654","24505","005","012",3,1,3,30,2
"148","24505005013","66","654","24505","005","013",3,1,3,30,2
"149","24505005014","66","654","24505","005","014",3,1,3,32,2
"150","24505005015","66","654","24505","005","015",3,1,3,35,2
"151","24559002004","66","655","24559","002","004",3,5,4,200,3
"152","24559002012","66","655","24559","002","012",3,1,3,110,2
"153","24559002015","66","655","24559","002","015",3,1,4,120,2
"154","24586004001","66","656","24586","004","001",3,1,3,90,2
"155","24586004002","66","656","24586","004","002",3,1,4,90,2
"156","24586004003","66","656","24586","004","003",3,1,1,150,2
"157","24586004004","66","656","24586","004","004",3,1,3,150,2
"158","24586004005","66","656","24586","004","005",3,1,3,150,2
"159","24586004006","66","656","24586","004","006",3,1,3,80,2
"160","24586004007","66","656","24586","004","007",3,1,3,160,2
"161","24586004009","66","656","24586","004","009",3,1,2,120,2
"162","24586004010","66","656","24586","004","010",3,1,1,90,2
"163","24586004013","66","656","24586","004","013",3,1,3,100,2
"164","24586004014","66","656","24586","004","014",3,1,3,160,2
"165","24586004015","66","656","24586","004","015",3,1,2,150,2
"166","24615009001","67","660","24615","009","001",3,2,3,300,2
"167","24615009016","67","660","24615","009","016",3,1,2,200,4
"168","24616011002","67","661","24616","011","002",3,1,4,280,4
"169","24616011003","67","661","24616","011","003",3,1,6,300,4
"170","24616011004","67","661","24616","011","004",3,1,3,300,4
"171","24616011005","67","661","24616","011","005",3,1,3,300,4
"172","24616011006","67","661","24616","011","006",3,1,6,280,4
"173","24616011007","67","661","24616","011","007",3,1,1,250,4
"174","24616011008","67","661","24616","011","008",3,1,4,300,4
"175","24616011010","67","661","24616","011","010",3,1,5,280,4
"176","24616011012","67","661","24616","011","012",3,1,5,280,4
"177","24616011016","67","661","24616","011","016",3,1,3,300,4
"178","24616011018","67","661","24616","011","018",3,1,2,300,4
"179","24640010001","67","662","24640","010","001",3,1,10,24,2
"180","24640010007","67","662","24640","010","007",3,1,6,120,4
"181","24640010011","67","662","24640","010","011",3,1,3,100,2
"182","24640010015","67","662","24640","010","015",3,1,3,80,2
"183","24643001004","67","662","24643","001","004",3,1,12,24,2
"184","24643001005","67","662","24643","001","005",3,1,12,24,2
"185","24643001006","67","662","24643","001","006",3,1,5,120,4
"186","24643001007","67","662","24643","001","007",3,1,6,110,4
"187","24643001018","67","662","24643","001","018",3,1,4,90,2
"188","24682010001","67","663","24682","010","001",3,1,4,150,4
"189","24682010003","67","663","24682","010","003",3,1,4,120,4
"190","24682010004","67","663","24682","010","004",3,1,4,100,4
"191","24682010007","67","663","24682","010","007",3,1,4,100,4
"192","24682010008","67","663","24682","010","008",3,1,2,70,2
"193","24682010009","67","663","24682","010","009",3,1,4,110,4
"194","24682010010","67","663","24682","010","010",3,1,2,65,2
"195","24682010011","67","663","24682","010","011",3,1,2,80,2
"196","24682010012","67","663","24682","010","012",3,1,2,72,2
"197","24682010013","67","663","24682","010","013",3,1,2,76,2
"198","24682010015","67","663","24682","010","015",3,1,2,70,2
"199","24699007001","67","664","24699","007","001",3,2,5,750,3
"200","24699007002","67","664","24699","007","002",3,2,5,730,3
"201","24699007003","67","664","24699","007","003",3,2,4,780,3
"202","24699007004","67","664","24699","007","004",3,2,5,650,3
"203","24699007005","67","664","24699","007","005",3,1,5,650,3
"204","24699007006","67","664","24699","007","006",3,2,4,675,3
"205","24699007007","67","664","24699","007","007",3,2,5,650,3
"206","24699007008","67","664","24699","007","008",3,2,5,770,3
"207","24699007009","67","664","24699","007","009",3,2,3,200,3
"208","24699007010","67","664","24699","007","010",3,2,2,210,4
"209","24699007011","67","664","24699","007","011",3,2,2,200,4
"210","24699007012","67","664","24699","007","012",3,2,2,200,3
"211","24699007013","67","664","24699","007","013",3,2,2,200,3
"212","24699007014","67","664","24699","007","014",3,2,2,210,3
"213","24699007015","67","664","24699","007","015",3,1,2,200,2
"214","24721015001","67","665","24721","015","001",3,2,2,20,2
"215","24721015002","67","665","24721","015","002",3,2,2,19,4
"216","24721015003","67","665","24721","015","003",3,1,2,19,2
"217","24721015004","67","665","24721","015","004",3,1,3,22,2
"218","24721015005","67","665","24721","015","005",3,2,1,20,2
"219","24721015006","67","665","24721","015","006",3,2,2,21,3
"220","24721015007","67","665","24721","015","007",3,2,3,19,2
"221","24721015009","67","665","24721","015","009",3,2,2,22,2
"222","24721015010","67","665","24721","015","010",3,2,3,18,2
"223","24721015016","67","665","24721","015","016",3,2,3,20,2
"224","24721015017","67","665","24721","015","017",3,1,2,20,2
"225","24721015018","67","665","24721","015","018",3,2,2,19,2
"226","24721015019","67","665","24721","015","019",3,2,3,22,2
"227","24730035001","67","665","24730","035","001",3,1,2,18,2
"228","24730035002","67","665","24730","035","002",3,1,2,25,3
"229","24730035003","67","665","24730","035","003",3,1,2,22,4
"230","24730035004","67","665","24730","035","004",3,1,3,25,2
"231","24730035006","67","665","24730","035","006",3,1,3,20,2
"232","24730035007","67","665","24730","035","007",3,2,3,18,2
"233","24730035008","67","665","24730","035","008",3,1,3,22,2
"234","24730035012","67","665","24730","035","012",3,1,2,30,2
"235","24730035016","67","665","24730","035","016",3,1,2,100,4
"236","24730035017","67","665","24730","035","017",3,1,2,150,4
"237","24730035018","67","665","24730","035","018",3,1,2,120,2
"238","24748024002","67","667","24748","024","002",3,2,4,70,2
"239","24748024003","67","667","24748","024","003",3,2,3,120,2
"240","24748024004","67","667","24748","024","004",3,1,3,100,2
"241","24748024006","67","667","24748","024","006",3,1,3,100,2
"242","24748024007","67","667","24748","024","007",3,2,3,100,2
"243","24748024009","67","667","24748","024","009",3,2,4,150,2
"244","24748024010","67","667","24748","024","010",3,1,3,75,2
"245","24748024011","67","667","24748","024","011",3,1,2,200,2
"246","24748024012","67","667","24748","024","012",3,1,3,100,2
"247","24748024014","67","667","24748","024","014",3,2,2,200,2
"248","24748024015","67","667","24748","024","015",3,2,2,200,2
"249","24817033003","68","673","24817","033","003",3,1,1,90,2
"250","24817033004","68","673","24817","033","004",3,1,1,60,2
"251","24817033005","68","673","24817","033","005",3,1,1,40,4
"252","24817033009","68","673","24817","033","009",3,1,99,40,3
"253","24817033015","68","673","24817","033","015",3,1,1,50,4
"254","24844025002","68","673","24844","025","002",3,1,1,100,2
"255","24844025005","68","673","24844","025","005",3,1,4,50,4
"256","24844025007","68","673","24844","025","007",3,1,2,60,4
"257","24844025008","68","673","24844","025","008",3,1,2,70,2
"258","24844025009","68","673","24844","025","009",3,1,2,120,2
"259","24844025011","68","673","24844","025","011",3,1,99,40,2
"260","24844025012","68","673","24844","025","012",3,1,3,50,4
"261","24844025013","68","673","24844","025","013",3,1,1,5,4
"262","24844025014","68","673","24844","025","014",3,1,1,60,4
"263","24844025015","68","673","24844","025","015",3,1,1,60,2
"264","24853005001","68","674","24853","005","001",3,2,2,250,4
"265","24853005002","68","674","24853","005","002",3,1,3,300,2
"266","24853005003","68","674","24853","005","003",3,1,2,150,2
"267","24853005004","68","674","24853","005","004",3,1,2,250,4
"268","24853005005","68","674","24853","005","005",3,1,2,300,2
"269","24853005006","68","674","24853","005","006",3,1,2,200,4
"270","24853005007","68","674","24853","005","007",3,1,2,250,2
"271","24853005008","68","674","24853","005","008",3,1,2,300,2
"272","24853005009","68","674","24853","005","009",3,1,3,300,2
"273","24853005010","68","674","24853","005","010",3,1,2,200,2
"274","24853005011","68","674","24853","005","011",3,1,3,250,3
"275","24853005012","68","674","24853","005","012",3,1,3,200,2
"276","24853005013","68","674","24853","005","013",3,1,2,200,2
"277","24853005014","68","674","24853","005","014",3,1,3,250,2
"278","24853005015","68","674","24853","005","015",3,1,2,200,2
"279","24955008014","68","677","24955","008","014",3,1,2,30,4
"280","24964020009","68","678","24964","020","009",3,1,3,100,4
"281","24964020010","68","678","24964","020","010",3,3,3,150,2
"282","24964020012","68","678","24964","020","012",3,1,3,5,2
"283","25000065002","68","679","25000","065","002",3,1,1,120,4
"284","25000065004","68","679","25000","065","004",3,1,3,50,4
"285","25000065006","68","679","25000","065","006",3,1,1,100,2
"286","25000065012","68","679","25000","065","012",3,1,1,250,2
"287","25000065013","68","679","25000","065","013",3,1,3,45,4
"288","25000065014","68","679","25000","065","014",3,1,1,55,2
"289","25021012001","68","679","25021","012","001",3,1,2,45,4
"290","25021012002","68","679","25021","012","002",3,1,1,40,2
"291","25021012003","68","679","25021","012","003",3,1,1,45,2
"292","25021012004","68","679","25021","012","004",3,1,1,50,4
"293","25021012005","68","679","25021","012","005",3,1,1,40,2
"294","25021012006","68","679","25021","012","006",3,1,1,45,4
"295","25021012007","68","679","25021","012","007",3,1,3,50,4
"296","25021012008","68","679","25021","012","008",3,1,1,50,4
"297","25021012009","68","679","25021","012","009",3,1,1,50,4
"298","25021012010","68","679","25021","012","010",3,1,1,40,4
"299","25021012011","68","679","25021","012","011",3,1,2,40,4
"300","25021012012","68","679","25021","012","012",3,1,2,42,2
"301","25021012013","68","679","25021","012","013",3,1,1,40,4
"302","25021012014","68","679","25021","012","014",3,1,1,40,2
"303","25021012015","68","679","25021","012","015",3,1,1,45,2
"304","25081019001","68","680","25081","019","001",3,1,2,25,2
"305","25081019002","68","680","25081","019","002",3,1,1,25,2
"306","25081019003","68","680","25081","019","003",3,1,1,30,2
"307","25081019004","68","680","25081","019","004",3,1,1,30,2
"308","25081019005","68","680","25081","019","005",3,1,1,30,2
"309","25081019006","68","680","25081","019","006",3,1,1,20,2
"310","25081019007","68","680","25081","019","007",3,1,1,30,2
"311","25081019008","68","680","25081","019","008",3,1,1,30,2
"312","25081019009","68","680","25081","019","009",3,1,2,30,4
"313","25081019012","68","680","25081","019","012",3,1,1,50,2
"314","25081019013","68","680","25081","019","013",3,1,2,50,2
"315","25081019014","68","680","25081","019","014",3,1,1,60,2
"316","25081019015","68","680","25081","019","015",3,1,1,30,2
"317","23362010003","62","610","23362","010","003",2,4,2,2,4
"318","23395004001","62","611","23395","004","001",2,2,4,20,2
"319","23395004002","62","611","23395","004","002",2,2,4,200,3
"320","23395004003","62","611","23395","004","003",2,2,4,200,2
"321","23395004004","62","611","23395","004","004",2,1,4,15,3
"322","23395004005","62","611","23395","004","005",2,2,4,150,2
"323","23395004007","62","611","23395","004","007",2,1,3,3,2
"324","23395004008","62","611","23395","004","008",2,2,3,20,2
"325","23395004009","62","611","23395","004","009",2,2,4,200,4
"326","23395004010","62","611","23395","004","010",2,2,3,200,1
"327","23395004012","62","611","23395","004","012",2,2,3,150,3
"328","23395004013","62","611","23395","004","013",2,1,4,200,2
"329","23395004014","62","611","23395","004","014",2,1,4,10,2
"330","23395004015","62","611","23395","004","015",2,2,3,250,4
"331","23401005001","62","612","23401","005","001",2,1,3,75,3
"332","23401005006","62","612","23401","005","006",2,1,2,80,2
"333","23401005009","62","612","23401","005","009",2,1,2,80,3
"334","23401005012","62","612","23401","005","012",2,1,3,65,2
"335","23473007004","62","613","23473","007","004",2,1,99,1000,2
"336","23527003009","62","616","23527","003","009",2,1,8,450,2
"337","23527003012","62","616","23527","003","012",2,1,6,400,2
"338","23582020014","64","622","23582","020","014",2,3,3,12,2
"339","23584001001","64","622","23584","001","001",2,3,2,5,2
"340","23584001002","64","622","23584","001","002",2,3,2,5,2
"341","23584001005","64","622","23584","001","005",2,1,1,5,2
"342","23584001006","64","622","23584","001","006",2,1,2,5,2
"343","23584001008","64","622","23584","001","008",2,3,2,5,2
"344","23584001009","64","622","23584","001","009",2,3,2,5,2
"345","23584001010","64","622","23584","001","010",2,1,2,5,2
"346","23584001013","64","622","23584","001","013",2,3,2,5,2
"347","23584001014","64","622","23584","001","014",2,3,2,5,2
"348","23584001015","64","622","23584","001","015",2,1,5,10,2
"349","23692016001","64","626","23692","016","001",2,1,4,160,2
"350","23692016002","64","626","23692","016","002",2,1,4,250,2
"351","23692016005","64","626","23692","016","005",2,1,4,270,2
"352","23692016006","64","626","23692","016","006",2,1,4,245,2
"353","23692016008","64","626","23692","016","008",2,1,3,150,2
"354","23692016009","64","626","23692","016","009",2,1,4,300,2
"355","23692016011","64","626","23692","016","011",2,1,4,310,2
"356","23692016012","64","626","23692","016","012",2,1,4,150,2
"357","23692016013","64","626","23692","016","013",2,1,3,5,2
"358","23692016014","64","626","23692","016","014",2,1,4,265,2
"359","23692016015","64","626","23692","016","015",2,1,4,310,2
"360","23716005001","64","626","23716","005","001",2,1,3,180,2
"361","23716005002","64","626","23716","005","002",2,1,3,180,2
"362","23716005003","64","626","23716","005","003",2,1,4,200,2
"363","23716005004","64","626","23716","005","004",2,1,3,150,2
"364","23716005005","64","626","23716","005","005",2,1,4,190,2
"365","23716005006","64","626","23716","005","006",2,1,3,200,2
"366","23716005007","64","626","23716","005","007",2,1,4,190,3
"367","23716005008","64","626","23716","005","008",2,1,4,150,2
"368","23716005009","64","626","23716","005","009",2,1,4,190,2
"369","23716005010","64","626","23716","005","010",2,1,200,190,2
"370","23716005011","64","626","23716","005","011",2,1,4,180,2
"371","23716005012","64","626","23716","005","012",2,1,4,190,2
"372","23716005013","64","626","23716","005","013",2,1,4,190,4
"373","23716005014","64","626","23716","005","014",2,1,3,200,2
"374","23716005015","64","626","23716","005","015",2,1,4,200,3
"375","23728010001","64","627","23728","010","001",2,5,99,3,4
"376","23728010002","64","627","23728","010","002",2,5,99,2,4
"377","23728010005","64","627","23728","010","005",2,5,99,5,4
"378","23728010012","64","627","23728","010","012",2,1,2,20,4
"379","23947014001","64","633","23947","014","001",2,1,4,100,4
"380","23947014002","64","633","23947","014","002",2,1,5,100,4
"381","23947014003","64","633","23947","014","003",2,1,5,100,4
"382","23947014004","64","633","23947","014","004",2,1,5,90,4
"383","23947014005","64","633","23947","014","005",2,1,5,120,4
"384","23947014006","64","633","23947","014","006",2,1,5,100,4
"385","23947014007","64","633","23947","014","007",2,1,4,100,4
"386","23947014009","64","633","23947","014","009",2,1,4,100,4
"387","23947014011","64","633","23947","014","011",2,1,3,100,4
"388","23947014012","64","633","23947","014","012",2,1,4,100,4
"389","23947014013","64","633","23947","014","013",2,1,3,100,4
"390","23947014014","64","633","23947","014","014",2,1,5,100,4
"391","23947014015","64","633","23947","014","015",2,1,4,100,4
"392","23966010001","64","633","23966","010","001",2,1,5,100,4
"393","23966010002","64","633","23966","010","002",2,3,5,8,4
"394","23966010003","64","633","23966","010","003",2,1,5,100,4
"395","23966010006","64","633","23966","010","006",2,1,5,100,4
"396","23966010007","64","633","23966","010","007",2,1,5,100,4
"397","23966010008","64","633","23966","010","008",2,1,5,100,4
"398","23966010009","64","633","23966","010","009",2,1,5,100,4
"399","23966010012","64","633","23966","010","012",2,1,6,100,4
"400","23966010015","64","633","23966","010","015",2,1,5,100,4
"401","23977013001","64","633","23977","013","001",2,1,5,100,4
"402","23977013002","64","633","23977","013","002",2,1,5,100,4
"403","23977013003","64","633","23977","013","003",2,1,5,100,4
"404","23977013004","64","633","23977","013","004",2,1,4,9,4
"405","23977013005","64","633","23977","013","005",2,1,5,100,4
"406","23977013006","64","633","23977","013","006",2,1,6,120,4
"407","23977013007","64","633","23977","013","007",2,1,5,100,4
"408","23977013008","64","633","23977","013","008",2,1,6,120,4
"409","23977013009","64","633","23977","013","009",2,1,6,110,4
"410","23977013010","64","633","23977","013","010",2,1,5,10,4
"411","23977013011","64","633","23977","013","011",2,1,6,100,4
"412","23977013012","64","633","23977","013","012",2,1,5,100,4
"413","23977013013","64","633","23977","013","013",2,1,5,10,4
"414","23977013014","64","633","23977","013","014",2,1,5,100,4
"415","23977013015","64","633","23977","013","015",2,1,6,100,4
"416","24145021003","66","643","24145","021","003",2,1,5,400,2
"417","24166044008","66","643","24166","044","008",2,1,4,50,3
"418","24241019001","66","647","24241","019","001",2,2,5,70,4
"419","24241019012","66","647","24241","019","012",2,1,5,70,2
"420","24277015001","66","648","24277","015","001",2,1,3,150,2
"421","24277015002","66","648","24277","015","002",2,1,3,180,2
"422","24277015003","66","648","24277","015","003",2,1,3,160,2
"423","24277015004","66","648","24277","015","004",2,1,3,160,2
"424","24277015006","66","648","24277","015","006",2,1,3,165,2
"425","24277015007","66","648","24277","015","007",2,1,3,140,2
"426","24277015008","66","648","24277","015","008",2,1,3,150,2
"427","24277015009","66","648","24277","015","009",2,1,3,180,2
"428","24277015010","66","648","24277","015","010",2,1,3,160,2
"429","24277015011","66","648","24277","015","011",2,1,4,160,2
"430","24277015012","66","648","24277","015","012",2,1,3,180,2
"431","24277015013","66","648","24277","015","013",2,1,3,160,2
"432","24277015014","66","648","24277","015","014",2,1,2,170,2
"433","24277015015","66","648","24277","015","015",2,1,3,140,2
"434","24308011006","66","644","24308","011","006",2,1,4,200,2
"435","24308011007","66","644","24308","011","007",2,1,5,150,2
"436","24308011008","66","644","24308","011","008",2,1,4,150,2
"437","24308011012","66","644","24308","011","012",2,1,3,180,2
"438","24308011013","66","644","24308","011","013",2,1,6,100,2
"439","24314008001","66","649","24314","008","001",2,1,3,200,2
"440","24314008003","66","649","24314","008","003",2,1,3,200,2
"441","24314008004","66","649","24314","008","004",2,1,3,200,2
"442","24314008005","66","649","24314","008","005",2,1,3,220,2
"443","24314008009","66","649","24314","008","009",2,1,3,180,2
"444","24314008013","66","649","24314","008","013",2,1,3,220,2
"445","24314008014","66","649","24314","008","014",2,1,4,150,2
"446","24328008002","66","644","24328","008","002",2,1,3,200,4
"447","24328008004","66","644","24328","008","004",2,3,4,180,3
"448","24328008005","66","644","24328","008","005",2,1,6,220,2
"449","24328008006","66","644","24328","008","006",2,1,4,190,2
"450","24328008007","66","644","24328","008","007",2,1,3,250,2
"451","24328008008","66","644","24328","008","008",2,1,4,200,2
"452","24328008009","66","644","24328","008","009",2,1,5,220,2
"453","24328008010","66","644","24328","008","010",2,1,4,180,2
"454","24328008011","66","644","24328","008","011",2,1,3,200,2
"455","24328008012","66","644","24328","008","012",2,1,6,200,2
"456","24328008013","66","644","24328","008","013",2,1,3,180,2
"457","24328008014","66","644","24328","008","014",2,1,6,200,3
"458","24328008015","66","644","24328","008","015",2,1,3,160,2
"459","24397011001","66","651","24397","011","001",2,1,5,110,2
"460","24466015001","66","653","24466","015","001",2,1,5,320,3
"461","24466015003","66","653","24466","015","003",2,1,4,300,3
"462","24466015004","66","653","24466","015","004",2,1,4,270,3
"463","24466015005","66","653","24466","015","005",2,1,4,310,3
"464","24466015008","66","653","24466","015","008",2,1,4,250,2
"465","24466015011","66","653","24466","015","011",2,1,4,220,2
"466","24469012004","66","653","24469","012","004",2,1,4,300,3
"467","24520008001","66","654","24520","008","001",2,1,6,15,2
"468","24520008002","66","654","24520","008","002",2,1,3,20,2
"469","24520008003","66","654","24520","008","003",2,1,6,20,2
"470","24520008005","66","654","24520","008","005",2,1,5,20,2
"471","24520008006","66","654","24520","008","006",2,1,3,50,2
"472","24520008007","66","654","24520","008","007",2,1,3,30,2
"473","24520008008","66","654","24520","008","008",2,1,3,30,2
"474","24520008011","66","654","24520","008","011",2,1,3,26,2
"475","24520008014","66","654","24520","008","014",2,1,5,20,2
"476","24538003001","66","655","24538","003","001",2,2,3,200,2
"477","24538003003","66","655","24538","003","003",2,2,3,180,2
"478","24538003004","66","655","24538","003","004",2,2,3,200,2
"479","24538003006","66","655","24538","003","006",2,2,4,80,2
"480","24538003012","66","655","24538","003","012",2,1,4,100,2
"481","24538003013","66","655","24538","003","013",2,1,4,100,2
"482","24592019002","66","656","24592","019","002",2,1,4,350,2
"483","24592019005","66","656","24592","019","005",2,1,3,200,2
"484","24592019008","66","656","24592","019","008",2,1,4,160,4
"485","24592019009","66","656","24592","019","009",2,1,4,100,4
"486","24592019011","66","656","24592","019","011",2,2,4,100,4
"487","24592019012","66","656","24592","019","012",2,1,4,150,2
"488","24592019013","66","656","24592","019","013",2,1,4,300,2
"489","24592019014","66","656","24592","019","014",2,1,3,150,2
"490","24592019016","66","656","24592","019","016",2,2,4,120,4
"491","24612014002","67","660","24612","014","002",2,1,2,500,4
"492","24631010001","67","661","24631","010","001",2,1,2,100,2
"493","24631010002","67","661","24631","010","002",2,1,2,150,2
"494","24631010007","67","661","24631","010","007",2,1,50,100,2
"495","24631010008","67","661","24631","010","008",2,1,3,100,2
"496","24631010009","67","661","24631","010","009",2,1,3,100,2
"497","24631010011","67","661","24631","010","011",2,1,4,100,2
"498","24631010017","67","661","24631","010","017",2,1,2,100,2
"499","24652005001","67","662","24652","005","001",2,1,3,60000,2
"500","24652005005","67","662","24652","005","005",2,1,6,200,2
"501","24652005008","67","662","24652","005","008",2,1,3,330,2
"502","24652005010","67","662","24652","005","010",2,1,5,170,4
"503","24652005011","67","662","24652","005","011",2,1,5,75,4
"504","24652005012","67","662","24652","005","012",2,1,5,60,5
"505","24677010001","67","663","24677","010","001",2,1,2,190,2
"506","24677010002","67","663","24677","010","002",2,1,3,100,2
"507","24677010003","67","663","24677","010","003",2,1,2,95,2
"508","24677010005","67","663","24677","010","005",2,1,2,89,2
"509","24677010006","67","663","24677","010","006",2,1,3,80,2
"510","24677010007","67","663","24677","010","007",2,1,4,80,2
"511","24677010008","67","663","24677","010","008",2,1,3,80,2
"512","24677010010","67","663","24677","010","010",2,1,4,80,2
"513","24677010011","67","663","24677","010","011",2,1,3,90,2
"514","24677010012","67","663","24677","010","012",2,1,3,85,2
"515","24677010013","67","663","24677","010","013",2,2,3,80,2
"516","24677010014","67","663","24677","010","014",2,2,2,96,2
"517","24677010015","67","663","24677","010","015",2,1,3,80,2
"518","24685008002","67","663","24685","008","002",2,1,2,450,2
"519","24685008003","67","663","24685","008","003",2,1,3,80,2
"520","24685008006","67","663","24685","008","006",2,2,3,370,4
"521","24685008008","67","663","24685","008","008",2,1,90,2,2
"522","24685008009","67","663","24685","008","009",2,1,1,85,4
"523","24685008010","67","663","24685","008","010",2,2,3,400,2
"524","24685008011","67","663","24685","008","011",2,1,3,380,2
"525","24685008014","67","663","24685","008","014",2,1,2,85,2
"526","24728009002","67","665","24728","009","002",2,1,2,75,2
"527","24728009003","67","665","24728","009","003",2,2,2,70,2
"528","24728009004","67","665","24728","009","004",2,1,2,73,2
"529","24728009005","67","665","24728","009","005",2,2,3,75,2
"530","24728009007","67","665","24728","009","007",2,1,1,70,2
"531","24728009014","67","665","24728","009","014",2,2,2,73,2
"532","24728009015","67","665","24728","009","015",2,2,2,70,2
"533","24746017001","67","667","24746","017","001",2,1,3,100,2
"534","24746017002","67","667","24746","017","002",2,1,3,100,2
"535","24746017003","67","667","24746","017","003",2,1,3,98,2
"536","24746017004","67","667","24746","017","004",2,1,3,75,2
"537","24746017006","67","667","24746","017","006",2,1,4,150,2
"538","24746017008","67","667","24746","017","008",2,1,2,75,2
"539","24746017009","67","667","24746","017","009",2,1,2,75,2
"540","24746017011","67","667","24746","017","011",2,1,2,100,2
"541","24746017012","67","667","24746","017","012",2,1,2,210,2
"542","24746017013","67","667","24746","017","013",2,1,3,150,2
"543","24746017014","67","667","24746","017","014",2,1,3,120,2
"544","24746017015","67","667","24746","017","015",2,1,1,100,2
"545","24754008002","67","666","24754","008","002",2,2,4,100,3
"546","24754008003","67","666","24754","008","003",2,1,4,100,2
"547","24754008008","67","666","24754","008","008",2,1,4,100,2
"548","24754008011","67","666","24754","008","011",2,1,3,100,2
"549","24754008014","67","666","24754","008","014",2,1,4,100,2
"550","24820036008","68","673","24820","036","008",2,3,1,5,4
"551","24847002001","68","675","24847","002","001",2,1,1,5,4
"552","24847002002","68","675","24847","002","002",2,1,1,7,4
"553","24847002003","68","675","24847","002","003",2,1,1,5,4
"554","24847002004","68","675","24847","002","004",2,1,1,5,4
"555","24847002005","68","675","24847","002","005",2,1,1,6,4
"556","24847002006","68","675","24847","002","006",2,1,1,6,4
"557","24847002007","68","675","24847","002","007",2,1,1,5,4
"558","24847002008","68","675","24847","002","008",2,1,1,5,4
"559","24847002009","68","675","24847","002","009",2,1,1,5,4
"560","24847002010","68","675","24847","002","010",2,1,1,6,4
"561","24847002011","68","675","24847","002","011",2,1,1,6,4
"562","24847002012","68","675","24847","002","012",2,1,1,6,4
"563","24847002013","68","675","24847","002","013",2,1,1,6,4
"564","24847002015","68","675","24847","002","015",2,1,1,6,4
"565","24875016001","68","674","24875","016","001",2,2,3,65,3
"566","24875016002","68","674","24875","016","002",2,2,2,200,3
"567","24875016003","68","674","24875","016","003",2,1,1,200,4
"568","24875016004","68","674","24875","016","004",2,2,4,300,3
"569","24875016005","68","674","24875","016","005",2,1,1,150,4
"570","24875016006","68","674","24875","016","006",2,1,3,150,4
"571","24875016007","68","674","24875","016","007",2,1,3,350,2
"572","24875016008","68","674","24875","016","008",2,1,4,300,2
"573","24875016009","68","674","24875","016","009",2,1,2,250,2
"574","24875016010","68","674","24875","016","010",2,1,3,200,2
"575","24875016011","68","674","24875","016","011",2,2,3,250,3
"576","24875016012","68","674","24875","016","012",2,1,3,300,4
"577","24875016014","68","674","24875","016","014",2,2,3,300,2
"578","25027021001","68","679","25027","021","001",2,1,1,50,4
"579","25027021002","68","679","25027","021","002",2,1,1,30,2
"580","25027021003","68","679","25027","021","003",2,1,2,50,4
"581","25027021004","68","679","25027","021","004",2,1,2,40,2
"582","25027021005","68","679","25027","021","005",2,1,3,40,4
"583","25027021006","68","679","25027","021","006",2,1,1,50,3
"584","25027021007","68","679","25027","021","007",2,1,3,45,4
"585","25027021008","68","679","25027","021","008",2,1,1,50,4
"586","25027021009","68","679","25027","021","009",2,1,3,50,4
"587","25027021011","68","679","25027","021","011",2,1,3,50,4
"588","25027021012","68","679","25027","021","012",2,1,3,50,3
"589","25027021013","68","679","25027","021","013",2,1,3,50,4
"590","25027021014","68","679","25027","021","014",2,1,2,40,3
"591","25027021015","68","679","25027","021","015",2,1,3,50,4
"592","25033018001","68","679","25033","018","001",2,1,1,45,4
"593","25033018002","68","679","25033","018","002",2,1,1,25,4
"594","25033018003","68","679","25033","018","003",2,1,1,30,4
"595","25033018004","68","679","25033","018","004",2,1,1,20,4
"596","25033018005","68","679","25033","018","005",2,1,1,40,4
"597","25033018007","68","679","25033","018","007",2,1,1,30,4
"598","25033018008","68","679","25033","018","008",2,1,1,30,4
"599","25033018009","68","679","25033","018","009",2,1,1,30,4
"600","25033018011","68","679","25033","018","011",2,1,1,30,4
"601","25033018012","68","679","25033","018","012",2,1,1,40,4
"602","25033018013","68","679","25033","018","013",2,1,1,40,4
"603","25054040002","68","680","25054","040","002",2,1,1,20,2
"604","25054040005","68","680","25054","040","005",2,1,1,25,2
"605","25054040008","68","680","25054","040","008",2,1,1,100,4
"606","25159011009","68","683","25159","011","009",2,1,5,2000,4
"607","03751003009","14","119","03751","003","009",1,5,0,NA,NA
"608","23326019001","62","608","23326","019","001",1,1,68,9,2
"609","23326019003","62","608","23326","019","003",1,2,78,14,2
"610","23326019004","62","608","23326","019","004",1,2,70,15,2
"611","23326019005","62","608","23326","019","005",1,1,75,12,3
"612","23326019007","62","608","23326","019","007",1,2,80,12,2
"613","23326019008","62","608","23326","019","008",1,1,75,10,2
"614","23326019009","62","608","23326","019","009",1,2,76,12,2
"615","23326019010","62","608","23326","019","010",1,2,75,12,2
"616","23326019011","62","608","23326","019","011",1,3,60,8,2
"617","23326019012","62","608","23326","019","012",1,1,70,10,2
"618","23326019014","62","608","23326","019","014",1,1,65,10,2
"619","23326019015","62","608","23326","019","015",1,1,75,12,2
"620","23392003001","62","611","23392","003","001",1,3,3,6,2
"621","23392003003","62","611","23392","003","003",1,2,3,200,4
"622","23392003004","62","611","23392","003","004",1,2,4,200,4
"623","23392003005","62","611","23392","003","005",1,2,3,20,2
"624","23392003008","62","611","23392","003","008",1,2,2,20,3
"625","23392003009","62","611","23392","003","009",1,1,3,200,4
"626","23392003010","62","611","23392","003","010",1,2,3,250,4
"627","23392003014","62","611","23392","003","014",1,1,3,3,4
"628","23392003015","62","611","23392","003","015",1,2,3,5,4
"629","23419007001","62","617","23419","007","001",1,1,2,150,4
"630","23419007002","62","617","23419","007","002",1,1,2,120,4
"631","23419007004","62","617","23419","007","004",1,1,2,120,4
"632","23419007005","62","617","23419","007","005",1,1,2,100,4
"633","23419007006","62","617","23419","007","006",1,1,2,120,4
"634","23419007007","62","617","23419","007","007",1,1,2,100,4
"635","23419007008","62","617","23419","007","008",1,1,2,120,4
"636","23419007009","62","617","23419","007","009",1,1,2,150,3
"637","23419007010","62","617","23419","007","010",1,1,2,100,4
"638","23419007012","62","617","23419","007","012",1,1,2,120,4
"639","23545002001","62","616","23545","002","001",1,1,4,400,2
"640","23545002004","62","616","23545","002","004",1,1,5,400,2
"641","23545002013","62","616","23545","002","013",1,3,4,400,3
"642","23563029006","64","622","23563","029","006",1,1,3,100,4
"643","23563029012","64","622","23563","029","012",1,2,3,120,3
"644","23590029002","64","622","23590","029","002",1,1,2,5,2
"645","23590029004","64","622","23590","029","004",1,1,2,4,2
"646","23590029005","64","622","23590","029","005",1,1,2,5,2
"647","23590029016","64","622","23590","029","016",1,3,3,10,2
"648","23590029018","64","622","23590","029","018",1,1,3,10,2
"649","23611006001","64","622","23611","006","001",1,1,5,5,2
"650","23611006002","64","622","23611","006","002",1,1,4,12,2
"651","23611006003","64","622","23611","006","003",1,1,4,20,2
"652","23611006004","64","622","23611","006","004",1,1,4,22,2
"653","23611006005","64","622","23611","006","005",1,1,3,18,2
"654","23611006006","64","622","23611","006","006",1,1,4,15,2
"655","23611006007","64","622","23611","006","007",1,1,4,24,2
"656","23611006008","64","622","23611","006","008",1,1,4,10,2
"657","23611006009","64","622","23611","006","009",1,1,4,18,2
"658","23611006010","64","622","23611","006","010",1,1,4,5,2
"659","23611006011","64","622","23611","006","011",1,1,4,24,2
"660","23611006012","64","622","23611","006","012",1,1,4,22,2
"661","23611006013","64","622","23611","006","013",1,1,4,25,2
"662","23611006014","64","622","23611","006","014",1,1,4,23,2
"663","23611006015","64","622","23611","006","015",1,1,4,20,2
"664","23647008001","64","625","23647","008","001",1,1,3,10,4
"665","23647008002","64","625","23647","008","002",1,1,3,12,4
"666","23647008003","64","625","23647","008","003",1,1,5,12,4
"667","23647008005","64","625","23647","008","005",1,1,3,10,4
"668","23647008006","64","625","23647","008","006",1,1,3,10,4
"669","23647008007","64","625","23647","008","007",1,1,5,10,4
"670","23647008008","64","625","23647","008","008",1,1,6,12,4
"671","23647008009","64","625","23647","008","009",1,1,3,20,4
"672","23647008010","64","625","23647","008","010",1,1,3,10,4
"673","23647008012","64","625","23647","008","012",1,1,5,25,4
"674","23647008013","64","625","23647","008","013",1,1,6,30,4
"675","23647008014","64","625","23647","008","014",1,1,5,13,4
"676","23647008015","64","625","23647","008","015",1,1,3,11,4
"677","23866012001","64","631","23866","012","001",1,1,4,80,2
"678","23866012005","64","631","23866","012","005",1,1,4,50,2
"679","23866012006","64","631","23866","012","006",1,1,4,80,2
"680","23866012007","64","631","23866","012","007",1,1,4,100,2
"681","23866012009","64","631","23866","012","009",1,1,3,60,2
"682","23866012011","64","631","23866","012","011",1,1,4,100,2
"683","23866012013","64","631","23866","012","013",1,1,3,50,2
"684","23866012014","64","631","23866","012","014",1,1,4,100,2
"685","23866012015","64","631","23866","012","015",1,1,4,80,2
"686","23888002002","64","632","23888","002","002",1,1,4,100,2
"687","23888002003","64","632","23888","002","003",1,1,4,100,2
"688","23888002004","64","632","23888","002","004",1,1,4,100,2
"689","23888002005","64","632","23888","002","005",1,1,4,100,2
"690","23888002006","64","632","23888","002","006",1,1,4,80,2
"691","23888002008","64","632","23888","002","008",1,1,4,100,2
"692","23888002009","64","632","23888","002","009",1,1,3,80,2
"693","23888002010","64","632","23888","002","010",1,1,3,60,2
"694","23888002011","64","632","23888","002","011",1,1,4,80,2
"695","23888002012","64","632","23888","002","012",1,1,3,80,2
"696","23888002013","64","632","23888","002","013",1,1,4,100,2
"697","23888002014","64","632","23888","002","014",1,1,3,80,2
"698","23914002001","64","632","23914","002","001",1,1,2,30,2
"699","23914002002","64","632","23914","002","002",1,2,2,100,4
"700","23914002003","64","632","23914","002","003",1,2,3,100,2
"701","23914002004","64","632","23914","002","004",1,2,3,30,2
"702","23914002005","64","632","23914","002","005",1,2,3,30,2
"703","23914002007","64","632","23914","002","007",1,2,3,50,2
"704","23914002008","64","632","23914","002","008",1,2,3,50,2
"705","23914002009","64","632","23914","002","009",1,2,2,30,2
"706","23914002010","64","632","23914","002","010",1,2,2,50,2
"707","23914002014","64","632","23914","002","014",1,2,3,100,3
"708","23926004001","64","632","23926","004","001",1,1,4,80,2
"709","23926004002","64","632","23926","004","002",1,1,3,60,2
"710","23926004003","64","632","23926","004","003",1,1,3,80,2
"711","23926004004","64","632","23926","004","004",1,1,4,80,2
"712","23926004005","64","632","23926","004","005",1,1,4,80,2
"713","23926004006","64","632","23926","004","006",1,1,3,60,2
"714","23926004009","64","632","23926","004","009",1,1,3,80,2
"715","23926004010","64","632","23926","004","010",1,1,4,60,2
"716","23926004011","64","632","23926","004","011",1,1,4,80,2
"717","23926004013","64","632","23926","004","013",1,1,4,60,2
"718","23926004014","64","632","23926","004","014",1,1,4,100,2
"719","24124012011","66","643","24124","012","011",1,1,5,150,4
"720","24124012013","66","643","24124","012","013",1,1,3,180,2
"721","24154018001","66","643","24154","018","001",1,1,4,200,2
"722","24154018003","66","643","24154","018","003",1,1,4,150,2
"723","24154018004","66","643","24154","018","004",1,5,5,200,2
"724","24172034013","66","643","24172","034","013",1,1,3,80,3
"725","24271014001","66","648","24271","014","001",1,1,2,150,2
"726","24271014002","66","648","24271","014","002",1,1,3,180,2
"727","24271014003","66","648","24271","014","003",1,1,3,200,2
"728","24271014005","66","648","24271","014","005",1,1,3,180,2
"729","24271014006","66","648","24271","014","006",1,1,3,180,2
"730","24271014007","66","648","24271","014","007",1,1,3,200,2
"731","24271014010","66","648","24271","014","010",1,1,3,220,2
"732","24271014011","66","648","24271","014","011",1,1,3,220,2
"733","24271014012","66","648","24271","014","012",1,1,3,220,2
"734","24271014013","66","648","24271","014","013",1,1,3,150,2
"735","24271014014","66","648","24271","014","014",1,1,3,160,2
"736","24271014015","66","648","24271","014","015",1,1,3,200,2
"737","24355017001","66","650","24355","017","001",1,1,3,200,2
"738","24355017002","66","650","24355","017","002",1,1,3,115,2
"739","24355017003","66","650","24355","017","003",1,1,3,150,2
"740","24355017005","66","650","24355","017","005",1,1,3,140,2
"741","24355017008","66","650","24355","017","008",1,1,4,200,4
"742","24355017009","66","650","24355","017","009",1,1,3,100,4
"743","24355017010","66","650","24355","017","010",1,1,3,150,4
"744","24355017011","66","650","24355","017","011",1,1,4,150,2
"745","24404012002","66","651","24404","012","002",1,1,3,100,2
"746","24404012005","66","651","24404","012","005",1,1,4,80,2
"747","24404012007","66","651","24404","012","007",1,1,4,50,4
"748","24404012008","66","651","24404","012","008",1,1,4,50,4
"749","24404012010","66","651","24404","012","010",1,1,2,100,2
"750","24404012011","66","651","24404","012","011",1,1,2,110,2
"751","24487011003","66","653","24487","011","003",1,1,3,180,2
"752","24487011004","66","653","24487","011","004",1,1,3,220,2
"753","24487011006","66","653","24487","011","006",1,1,4,180,2
"754","24487011007","66","653","24487","011","007",1,1,3,190,2
"755","24487011010","66","653","24487","011","010",1,1,4,300,3
"756","24487011013","66","653","24487","011","013",1,1,4,280,5
"757","24487011014","66","653","24487","011","014",1,1,4,250,2
"758","24541019001","66","657","24541","019","001",1,1,3,200,4
"759","24541019003","66","657","24541","019","003",1,1,3,180,2
"760","24541019005","66","657","24541","019","005",1,1,3,200,2
"761","24541019009","66","657","24541","019","009",1,1,3,200,2
"762","24541019010","66","657","24541","019","010",1,1,3,200,4
"763","24541019012","66","657","24541","019","012",1,1,3,200,2
"764","24541019013","66","657","24541","019","013",1,1,3,200,2
"765","24562017002","66","657","24562","017","002",1,1,6,45,2
"766","24562017007","66","657","24562","017","007",1,1,5,200,2
"767","24562017008","66","657","24562","017","008",1,1,4,110,2
"768","24562017010","66","657","24562","017","010",1,2,3,180,4
"769","24565009001","66","655","24565","009","001",1,1,3,200,2
"770","24565009002","66","655","24565","009","002",1,1,3,250,2
"771","24565009003","66","655","24565","009","003",1,1,3,200,3
"772","24565009004","66","655","24565","009","004",1,1,3,150,4
"773","24565009005","66","655","24565","009","005",1,1,3,200,2
"774","24565009009","66","655","24565","009","009",1,1,2,100,2
"775","24565009011","66","655","24565","009","011",1,1,5,110,2
"776","24565009012","66","655","24565","009","012",1,1,4,110,2
"777","24565009013","66","655","24565","009","013",1,1,4,100,2
"778","24565009014","66","655","24565","009","014",1,5,4,140,2
"779","24565009015","66","655","24565","009","015",1,1,4,110,2
"780","24617026001","67","660","24617","026","001",1,1,3,100,2
"781","24617026006","67","660","24617","026","006",1,1,2,300,3
"782","24617026007","67","660","24617","026","007",1,1,3,250,4
"783","24617026008","67","660","24617","026","008",1,1,3,100,4
"784","24617026011","67","660","24617","026","011",1,2,2,100,4
"785","24617026012","67","660","24617","026","012",1,1,3,250,4
"786","24617026015","67","660","24617","026","015",1,1,4,500,2
"787","24622004001","67","661","24622","004","001",1,1,3,5,4
"788","24622004003","67","661","24622","004","003",1,1,3,4,4
"789","24622004005","67","661","24622","004","005",1,1,3,6,4
"790","24622004006","67","661","24622","004","006",1,1,1,200,4
"791","24622004007","67","661","24622","004","007",1,1,2,250,4
"792","24622004008","67","661","24622","004","008",1,1,2,220,4
"793","24622004009","67","661","24622","004","009",1,1,2,200,4
"794","24622004010","67","661","24622","004","010",1,1,3,250,4
"795","24622004013","67","661","24622","004","013",1,1,2,3,4
"796","24622004016","67","661","24622","004","016",1,1,3,5,4
"797","24655013001","67","662","24655","013","001",1,1,8,12,2
"798","24667001001","67","663","24667","001","001",1,1,2,80,2
"799","24667001002","67","663","24667","001","002",1,1,2,50,2
"800","24667001004","67","663","24667","001","004",1,1,5,50,2
"801","24667001007","67","663","24667","001","007",1,2,2,450,4
"802","24667001008","67","663","24667","001","008",1,3,5,40,4
"803","24667001009","67","663","24667","001","009",1,2,2,480,2
"804","24667001010","67","663","24667","001","010",1,2,2,450,4
"805","24667001011","67","663","24667","001","011",1,1,3,120,4
"806","24667001014","67","663","24667","001","014",1,1,2,100,2
"807","24667001015","67","663","24667","001","015",1,1,2,500,2
"808","24688012004","67","664","24688","012","004",1,2,4,435,3
"809","24688012005","67","664","24688","012","005",1,2,5,477,2
"810","24688012006","67","664","24688","012","006",1,2,5,455,3
"811","24688012007","67","664","24688","012","007",1,2,4,460,3
"812","24688012009","67","664","24688","012","009",1,2,3,250,3
"813","24688012010","67","664","24688","012","010",1,2,4,200,3
"814","24688012011","67","664","24688","012","011",1,2,3,200,3
"815","24688012014","67","664","24688","012","014",1,2,3,200,3
"816","24688012015","67","664","24688","012","015",1,2,3,200,3
"817","24709006003","67","664","24709","006","003",1,2,5,465,3
"818","24709006005","67","664","24709","006","005",1,1,4,455,2
"819","24709006006","67","664","24709","006","006",1,1,4,470,3
"820","24709006008","67","664","24709","006","008",1,1,3,250,2
"821","24709006009","67","664","24709","006","009",1,1,3,200,2
"822","24709006010","67","664","24709","006","010",1,2,3,250,3
"823","24709006012","67","664","24709","006","012",1,2,3,200,3
"824","24709006014","67","664","24709","006","014",1,1,3,200,2
"825","24709006015","67","664","24709","006","015",1,1,3,200,2
"826","24709006016","67","664","24709","006","016",1,2,3,200,3
"827","24724016002","67","665","24724","016","002",1,1,4,13,3
"828","24724016003","67","665","24724","016","003",1,1,4,15,3
"829","24724016004","67","665","24724","016","004",1,1,4,14,3
"830","24724016007","67","665","24724","016","007",1,1,3,18,3
"831","24724016008","67","665","24724","016","008",1,1,4,16,3
"832","24724016009","67","665","24724","016","009",1,1,3,13,3
"833","24724016010","67","665","24724","016","010",1,1,4,15,3
"834","24724016012","67","665","24724","016","012",1,1,4,16,3
"835","24724016014","67","665","24724","016","014",1,1,3,14,3
"836","24724016016","67","665","24724","016","016",1,1,3,8,2
"837","24750023001","67","666","24750","023","001",1,3,3,45,3
"838","24750023003","67","666","24750","023","003",1,2,3,95,3
"839","24750023004","67","666","24750","023","004",1,1,2,120,2
"840","24750023005","67","666","24750","023","005",1,2,2,80,3
"841","24750023009","67","666","24750","023","009",1,1,3,70,2
"842","24750023010","67","666","24750","023","010",1,1,3,100,2
"843","24750023012","67","666","24750","023","012",1,1,4,100,2
"844","24750023013","67","666","24750","023","013",1,1,3,120,2
"845","24750023015","67","666","24750","023","015",1,1,4,100,2
"846","24750023017","67","666","24750","023","017",1,2,3,120,2
"847","24763024002","67","666","24763","024","002",1,1,2,95,2
"848","24763024003","67","666","24763","024","003",1,2,1,15,2
"849","24763024004","67","666","24763","024","004",1,1,2,115,2
"850","24763024005","67","666","24763","024","005",1,2,3,60,2
"851","24763024006","67","666","24763","024","006",1,1,3,95,2
"852","24763024007","67","666","24763","024","007",1,2,3,80,3
"853","24763024008","67","666","24763","024","008",1,1,3,90,2
"854","24763024009","67","666","24763","024","009",1,1,2,115,2
"855","24763024011","67","666","24763","024","011",1,1,2,100,2
"856","24763024013","67","666","24763","024","013",1,1,3,120,2
"857","24763024014","67","666","24763","024","014",1,2,3,115,2
"858","24763024016","67","666","24763","024","016",1,1,2,150,2
"859","24811011001","68","672","24811","011","001",1,1,99,1,2
"860","24811011003","68","672","24811","011","003",1,1,99,1.5,4
"861","24811011005","68","672","24811","011","005",1,1,5,3,2
"862","24811011006","68","672","24811","011","006",1,1,5,3,2
"863","24811011011","68","672","24811","011","011",1,5,99,1.5,4
"864","24829039003","68","673","24829","039","003",1,1,1,15,4
"865","24829039005","68","673","24829","039","005",1,1,1,150,2
"866","24829039006","68","673","24829","039","006",1,1,2,200,3
"867","24829039010","68","673","24829","039","010",1,1,2,60,4
"868","24829039015","68","673","24829","039","015",1,1,1,10,4
"869","24904015001","68","676","24904","015","001",1,2,2,350,2
"870","24904015002","68","676","24904","015","002",1,1,2,300,2
"871","24904015003","68","676","24904","015","003",1,1,2,350,2
"872","24904015004","68","676","24904","015","004",1,1,3,350,2
"873","24904015007","68","676","24904","015","007",1,2,4,300,2
"874","24904015009","68","676","24904","015","009",1,1,2,320,2
"875","24904015013","68","676","24904","015","013",1,1,3,350,2
"876","24904015015","68","676","24904","015","015",1,3,2,400,2
"877","24988013004","68","678","24988","013","004",1,3,3,100,2
"878","24988013005","68","678","24988","013","005",1,1,2,70,2
"879","24988013007","68","678","24988","013","007",1,1,2,60,4
"880","24988013009","68","678","24988","013","009",1,1,3,5,2
"881","24988013011","68","678","24988","013","011",1,1,2,4,2
"882","24988013012","68","678","24988","013","012",1,3,3,100,2
"883","24988013013","68","678","24988","013","013",1,3,3,100,2
"884","24997007003","68","678","24997","007","003",1,2,99,8,4
"885","24997007004","68","678","24997","007","004",1,1,2,50,2
"886","24997007005","68","678","24997","007","005",1,1,3,50,2
"887","24997007006","68","678","24997","007","006",1,1,2,45,2
"888","24997007012","68","678","24997","007","012",1,1,2,4.5,2
"889","24997007013","68","678","24997","007","013",1,1,2,5,4
"890","25078012001","68","680","25078","012","001",1,1,2,20,4
"891","25078012002","68","680","25078","012","002",1,1,2,20,4
"892","25078012003","68","680","25078","012","003",1,1,1,25,4
"893","25078012004","68","680","25078","012","004",1,1,2,20,4
"894","25078012005","68","680","25078","012","005",1,1,1,20,4
"895","25078012007","68","680","25078","012","007",1,1,1,25,4
"896","25078012008","68","680","25078","012","008",1,1,1,30,4
"897","25078012009","68","680","25078","012","009",1,1,1,25,4
"898","25078012010","68","680","25078","012","010",1,1,1,20,2
"899","25078012011","68","680","25078","012","011",1,1,1,20,2
"900","25078012012","68","680","25078","012","012",1,1,1,22,4
"901","25078012013","68","680","25078","012","013",1,1,1,30,3
"902","25078012017","68","680","25078","012","017",1,1,1,30,4
"903","32086012002","96","967","32086","012","002",1,NA,NA,NA,NA
"904","32086012007","96","967","32086","012","007",1,NA,NA,NA,NA
"905","32086012011","96","967","32086","012","011",1,NA,NA,NA,NA
"906","32086012014","96","967","32086","012","014",1,NA,NA,NA,NA
"907","32086012015","96","967","32086","012","015",1,NA,NA,NA,NA
"908","32245003003","96","973","32245","003","003",1,NA,NA,NA,NA
"909","23320001001","62","608","23320","001","001",4,2,5,1000,2
"910","23427002011","62","612","23427","002","011",4,1,2,100,3
"911","23427002012","62","612","23427","002","012",4,1,2,100,2
"912","23427002013","62","612","23427","002","013",4,1,2,80,2
"913","23437001001","62","612","23437","001","001",4,1,3,70,3
"914","23437001003","62","612","23437","001","003",4,1,3,80,3
"915","23437001006","62","612","23437","001","006",4,1,3,80,3
"916","23437001011","62","612","23437","001","011",4,1,3,70,3
"917","23437001012","62","612","23437","001","012",4,1,2,80,3
"918","23437001013","62","612","23437","001","013",4,1,3,80,3
"919","23455005003","62","613","23455","005","003",4,1,2,2000,4
"920","23455005014","62","613","23455","005","014",4,1,1,1000,4
"921","23515008001","62","615","23515","008","001",4,1,1,350,4
"922","23515008002","62","615","23515","008","002",4,1,3,400,4
"923","23515008006","62","615","23515","008","006",4,2,3,400,4
"924","23515008008","62","615","23515","008","008",4,1,2,250,4
"925","23515008012","62","615","23515","008","012",4,1,3,300,2
"926","23579007002","64","622","23579","007","002",4,3,3,7,4
"927","23579007007","64","622","23579","007","007",4,3,3,8,2
"928","23579007008","64","622","23579","007","008",4,1,3,12,2
"929","23579007010","64","622","23579","007","010",4,1,3,13,2
"930","23638030019","64","625","23638","030","019",4,1,3,78000,2
"931","23677006005","64","626","23677","006","005",4,1,3,185,2
"932","23677006006","64","626","23677","006","006",4,1,4,210,2
"933","23677006009","64","626","23677","006","009",4,1,4,185,2
"934","23677006011","64","626","23677","006","011",4,1,3,250,2
"935","23677006012","64","626","23677","006","012",4,1,4,185,2
"936","23677006013","64","626","23677","006","013",4,1,3,180,2
"937","23677006015","64","626","23677","006","015",4,1,4,180,2
"938","23731006004","64","627","23731","006","004",4,2,3,50,4
"939","23731006005","64","627","23731","006","005",4,2,3,50,2
"940","23731006006","64","627","23731","006","006",4,2,3,50,4
"941","23731006007","64","627","23731","006","007",4,2,3,50,2
"942","23731006008","64","627","23731","006","008",4,2,3,50,4
"943","23731006010","64","627","23731","006","010",4,2,3,52,2
"944","23731006011","64","627","23731","006","011",4,5,3,52,4
"945","23731006012","64","627","23731","006","012",4,2,3,55,2
"946","23731006013","64","627","23731","006","013",4,2,3,50,4
"947","23731006015","64","627","23731","006","015",4,5,99,50,4
"948","23737001001","64","627","23737","001","001",4,2,3,400,4
"949","23737001003","64","627","23737","001","003",4,2,4,400,4
"950","23737001004","64","627","23737","001","004",4,1,4,350,4
"951","23737001005","64","627","23737","001","005",4,2,4,400,4
"952","23737001006","64","627","23737","001","006",4,1,3,350,4
"953","23737001007","64","627","23737","001","007",4,2,4,400,4
"954","23737001008","64","627","23737","001","008",4,2,4,400,4
"955","23737001009","64","627","23737","001","009",4,1,3,350,4
"956","23737001010","64","627","23737","001","010",4,2,4,350,4
"957","23737001011","64","627","23737","001","011",4,1,4,350,4
"958","23737001013","64","627","23737","001","013",4,2,3,350,4
"959","23737001014","64","627","23737","001","014",4,1,4,380,4
"960","23737001015","64","627","23737","001","015",4,2,3,350,3
"961","23761005001","64","627","23761","005","001",4,2,3,50,4
"962","23761005002","64","627","23761","005","002",4,2,4,40,4
"963","23761005003","64","627","23761","005","003",4,2,3,40,4
"964","23761005004","64","627","23761","005","004",4,2,4,45,4
"965","23761005007","64","627","23761","005","007",4,2,3,45,4
"966","23761005008","64","627","23761","005","008",4,2,3,45,4
"967","23761005009","64","627","23761","005","009",4,2,4,40,4
"968","23761005011","64","627","23761","005","011",4,2,3,50,4
"969","23761005012","64","627","23761","005","012",4,2,3,50,4
"970","23761005014","64","627","23761","005","014",4,2,3,50,4
"971","23778004001","64","628","23778","004","001",4,2,3,100,2
"972","23778004002","64","628","23778","004","002",4,2,3,100,2
"973","23778004003","64","628","23778","004","003",4,2,3,110,2
"974","23778004004","64","628","23778","004","004",4,1,3,100,2
"975","23778004005","64","628","23778","004","005",4,1,2,80,2
"976","23778004006","64","628","23778","004","006",4,1,3,100,2
"977","23778004007","64","628","23778","004","007",4,1,3,100,2
"978","23778004008","64","628","23778","004","008",4,2,3,100,2
"979","23778004009","64","628","23778","004","009",4,2,3,90,2
"980","23778004010","64","628","23778","004","010",4,1,3,100,2
"981","23778004011","64","628","23778","004","011",4,1,3,80,2
"982","23778004012","64","628","23778","004","012",4,2,3,100,2
"983","23778004013","64","628","23778","004","013",4,2,3,100,2
"984","23778004014","64","628","23778","004","014",4,1,3,100,2
"985","23778004015","64","628","23778","004","015",4,2,3,110,2
"986","24163031001","66","643","24163","031","001",4,1,6,40,2
"987","24163031005","66","643","24163","031","005",4,1,6,50,2
"988","24163031006","66","643","24163","031","006",4,1,9,40,2
"989","24163031007","66","643","24163","031","007",4,1,5,30,2
"990","24163031008","66","643","24163","031","008",4,1,9,40,2
"991","24163031009","66","643","24163","031","009",4,1,4,40,2
"992","24163031010","66","643","24163","031","010",4,1,7,20,2
"993","24163031011","66","643","24163","031","011",4,1,9,40,2
"994","24163031012","66","643","24163","031","012",4,1,4,40,2
"995","24163031013","66","643","24163","031","013",4,1,6,40,2
"996","24181025002","66","645","24181","025","002",4,1,5,350,2
"997","24181025003","66","645","24181","025","003",4,1,3,200,2
"998","24181025005","66","645","24181","025","005",4,1,3,200,2
"999","24181025006","66","645","24181","025","006",4,1,3,200,2
"1000","24181025007","66","645","24181","025","007",4,1,4,200,2
"1001","24181025009","66","645","24181","025","009",4,1,3,300,2
"1002","24181025014","66","645","24181","025","014",4,1,4,200,2
"1003","24184004008","66","645","24184","004","008",4,1,4,350,2
"1004","24184004012","66","645","24184","004","012",4,1,4,240,2
"1005","24184004013","66","645","24184","004","013",4,1,5,400,2
"1006","24184004015","66","645","24184","004","015",4,1,4,300,4
"1007","24207009001","66","645","24207","009","001",4,1,5,390,2
"1008","24207009002","66","645","24207","009","002",4,1,5,350,2
"1009","24207009004","66","645","24207","009","004",4,1,5,300,4
"1010","24207009005","66","645","24207","009","005",4,1,4,300,4
"1011","24207009007","66","645","24207","009","007",4,1,4,420,2
"1012","24207009008","66","645","24207","009","008",4,1,360,4,2
"1013","24207009010","66","645","24207","009","010",4,1,6,320,2
"1014","24207009011","66","645","24207","009","011",4,1,5,350,4
"1015","24207009012","66","645","24207","009","012",4,1,4,400,2
"1016","24207009015","66","645","24207","009","015",4,1,5,350,4
"1017","24274004001","66","648","24274","004","001",4,1,3,150,2
"1018","24274004002","66","648","24274","004","002",4,1,3,120,2
"1019","24274004003","66","648","24274","004","003",4,1,3,150,2
"1020","24274004004","66","648","24274","004","004",4,1,2,130,2
"1021","24274004005","66","648","24274","004","005",4,1,3,150,2
"1022","24274004006","66","648","24274","004","006",4,1,3,105,2
"1023","24274004008","66","648","24274","004","008",4,1,3,120,2
"1024","24274004009","66","648","24274","004","009",4,1,3,140,2
"1025","24274004010","66","648","24274","004","010",4,1,3,100,2
"1026","24274004011","66","648","24274","004","011",4,1,3,150,2
"1027","24274004012","66","648","24274","004","012",4,1,3,110,2
"1028","24274004013","66","648","24274","004","013",4,1,3,120,2
"1029","24274004014","66","648","24274","004","014",4,1,2,110,2
"1030","24274004015","66","648","24274","004","015",4,1,3,130,2
"1031","24313020001","66","649","24313","020","001",4,1,4,180,2
"1032","24313020002","66","649","24313","020","002",4,1,3,120,2
"1033","24313020003","66","649","24313","020","003",4,1,3,200,2
"1034","24313020005","66","649","24313","020","005",4,1,3,200,2
"1035","24313020006","66","649","24313","020","006",4,1,3,120,2
"1036","24313020007","66","649","24313","020","007",4,1,3,220,2
"1037","24313020008","66","649","24313","020","008",4,1,3,100,2
"1038","24313020009","66","649","24313","020","009",4,1,4,180,2
"1039","24313020010","66","649","24313","020","010",4,1,3,110,2
"1040","24313020011","66","649","24313","020","011",4,1,3,180,2
"1041","24313020012","66","649","24313","020","012",4,1,2,100,2
"1042","24313020013","66","649","24313","020","013",4,1,4,200,2
"1043","24313020014","66","649","24313","020","014",4,1,2,120,2
"1044","24313020015","66","649","24313","020","015",4,1,4,160,2
"1045","24331020002","66","644","24331","020","002",4,1,5,200,2
"1046","24331020003","66","644","24331","020","003",4,1,180,4,2
"1047","24331020004","66","644","24331","020","004",4,1,5,200,2
"1048","24331020005","66","644","24331","020","005",4,1,5,190,2
"1049","24331020006","66","644","24331","020","006",4,1,4,170,2
"1050","24331020007","66","644","24331","020","007",4,1,5,200,2
"1051","24331020008","66","644","24331","020","008",4,1,4,200,2
"1052","24331020009","66","644","24331","020","009",4,1,4,200,2
"1053","24331020010","66","644","24331","020","010",4,1,4,200,2
"1054","24331020011","66","644","24331","020","011",4,1,4,180,2
"1055","24331020012","66","644","24331","020","012",4,1,4,190,2
"1056","24331020014","66","644","24331","020","014",4,1,4,180,2
"1057","24331020015","66","644","24331","020","015",4,1,4,180,2
"1058","24370019001","66","650","24370","019","001",4,2,2,190,2
"1059","24370019003","66","650","24370","019","003",4,1,3,190,2
"1060","24370019004","66","650","24370","019","004",4,1,3,200,2
"1061","24370019005","66","650","24370","019","005",4,1,3,200,2
"1062","24370019006","66","650","24370","019","006",4,1,3,160,4
"1063","24370019007","66","650","24370","019","007",4,1,3,150,2
"1064","24370019008","66","650","24370","019","008",4,1,3,150,4
"1065","24370019010","66","650","24370","019","010",4,1,3,160,4
"1066","24370019011","66","650","24370","019","011",4,1,3,200,2
"1067","24370019012","66","650","24370","019","012",4,1,3,250,2
"1068","24370019013","66","650","24370","019","013",4,1,3,250,2
"1069","24370019014","66","650","24370","019","014",4,1,3,220,2
"1070","24370019015","66","650","24370","019","015",4,1,3,220,2
"1071","24376012007","66","651","24376","012","007",4,2,3,90,3
"1072","24376012008","66","651","24376","012","008",4,1,4,80,2
"1073","24457007001","66","653","24457","007","001",4,1,4,320,2
"1074","24457007003","66","653","24457","007","003",4,1,5,280,2
"1075","24457007005","66","653","24457","007","005",4,1,5,280,2
"1076","24457007006","66","653","24457","007","006",4,1,4,320,3
"1077","24457007007","66","653","24457","007","007",4,1,4,300,2
"1078","24457007009","66","653","24457","007","009",4,1,4,250,2
"1079","24457007010","66","653","24457","007","010",4,1,4,240,2
"1080","24457007012","66","653","24457","007","012",4,1,4,220,2
"1081","24502018004","66","654","24502","018","004",4,1,3,42,2
"1082","24502018010","66","654","24502","018","010",4,1,3,42,2
"1083","24502018012","66","654","24502","018","012",4,1,3,45,2
"1084","24502018013","66","654","24502","018","013",4,1,3,40,2
"1085","24517022001","66","654","24517","022","001",4,2,3,45,2
"1086","24517022003","66","654","24517","022","003",4,1,2,35,2
"1087","24517022004","66","654","24517","022","004",4,2,3,45,2
"1088","24517022005","66","654","24517","022","005",4,2,3,50,2
"1089","24517022006","66","654","24517","022","006",4,2,3,45,2
"1090","24517022007","66","654","24517","022","007",4,2,3,42,2
"1091","24517022008","66","654","24517","022","008",4,2,3,40,2
"1092","24517022009","66","654","24517","022","009",4,2,3,45,2
"1093","24517022010","66","654","24517","022","010",4,2,3,50,2
"1094","24517022011","66","654","24517","022","011",4,2,3,40,2
"1095","24517022012","66","654","24517","022","012",4,2,3,45,2
"1096","24517022013","66","654","24517","022","013",4,2,3,45,2
"1097","24517022014","66","654","24517","022","014",4,2,3,42,2
"1098","24517022015","66","654","24517","022","015",4,2,3,45,2
"1099","24550028004","66","657","24550","028","004",4,1,5,80,2
"1100","24550028005","66","657","24550","028","005",4,1,5,80,2
"1101","24550028006","66","657","24550","028","006",4,1,5,100,2
"1102","24550028009","66","657","24550","028","009",4,1,4,200,2
"1103","24550028012","66","657","24550","028","012",4,1,5,100,2
"1104","24550028013","66","657","24550","028","013",4,1,5,100,2
"1105","24550028014","66","657","24550","028","014",4,1,4,100,2
"1106","24607007001","66","656","24607","007","001",4,2,3,100,2
"1107","24607007002","66","656","24607","007","002",4,1,4,200,2
"1108","24607007003","66","656","24607","007","003",4,1,3,180,2
"1109","24607007006","66","656","24607","007","006",4,1,3,170,2
"1110","24607007007","66","656","24607","007","007",4,1,3,150,2
"1111","24607007008","66","656","24607","007","008",4,1,4,400,2
"1112","24607007009","66","656","24607","007","009",4,2,3,180,4
"1113","24607007011","66","656","24607","007","011",4,1,3,160,2
"1114","24607007012","66","656","24607","007","012",4,2,3,150,2
"1115","24607007013","66","656","24607","007","013",4,1,3,180,4
"1116","24607007014","66","656","24607","007","014",4,2,3,100,4
"1117","24607007015","66","656","24607","007","015",4,2,3,180,2
"1118","24611003008","67","660","24611","003","008",4,1,3,1000,4
"1119","24611003010","67","660","24611","003","010",4,1,2,2000,3
"1120","24611003011","67","660","24611","003","011",4,1,2,3000,4
"1121","24611003017","67","660","24611","003","017",4,1,2,90000,3
"1122","24619015002","67","660","24619","015","002",4,1,2,200,4
"1123","24619015005","67","660","24619","015","005",4,1,4,500,4
"1124","24619015006","67","660","24619","015","006",4,2,3,300,3
"1125","24619015007","67","660","24619","015","007",4,1,3,500,2
"1126","24619015008","67","660","24619","015","008",4,1,3,500,4
"1127","24619015009","67","660","24619","015","009",4,1,3,250,3
"1128","24619015010","67","660","24619","015","010",4,2,3,300,3
"1129","24619015012","67","660","24619","015","012",4,1,3,350,2
"1130","24619015022","67","660","24619","015","022",4,1,3,300,3
"1131","24658003001","67","662","24658","003","001",4,1,8,24,2
"1132","24658003006","67","662","24658","003","006",4,1,6,130,4
"1133","24658003007","67","662","24658","003","007",4,1,6,120,4
"1134","24658003008","67","662","24658","003","008",4,1,6,130,4
"1135","24658003009","67","662","24658","003","009",4,1,4,100,4
"1136","24658003014","67","662","24658","003","014",4,1,3,160,2
"1137","24676017001","67","663","24676","017","001",4,1,3,89,2
"1138","24676017003","67","663","24676","017","003",4,1,2,80,2
"1139","24676017004","67","663","24676","017","004",4,1,2,85,2
"1140","24676017005","67","663","24676","017","005",4,2,2,95,2
"1141","24676017006","67","663","24676","017","006",4,2,3,390,2
"1142","24676017007","67","663","24676","017","007",4,2,3,450,2
"1143","24676017009","67","663","24676","017","009",4,1,3,320,2
"1144","24676017011","67","663","24676","017","011",4,1,3,85,2
"1145","24676017012","67","663","24676","017","012",4,1,3,90,2
"1146","24676017013","67","663","24676","017","013",4,1,3,85,2
"1147","24676017015","67","663","24676","017","015",4,1,3,90,2
"1148","24715012002","67","664","24715","012","002",4,1,4,300,3
"1149","24715012003","67","664","24715","012","003",4,1,3,250,3
"1150","24715012004","67","664","24715","012","004",4,1,3,300,3
"1151","24715012005","67","664","24715","012","005",4,1,5,250,3
"1152","24715012006","67","664","24715","012","006",4,1,3,220,2
"1153","24715012007","67","664","24715","012","007",4,2,2,200,4
"1154","24715012008","67","664","24715","012","008",4,2,3,200,3
"1155","24715012009","67","664","24715","012","009",4,2,3,200,3
"1156","24715012010","67","664","24715","012","010",4,1,6,658,2
"1157","24715012011","67","664","24715","012","011",4,2,3,200,3
"1158","24715012012","67","664","24715","012","012",4,1,6,695,2
"1159","24715012013","67","664","24715","012","013",4,1,6,725,2
"1160","24715012015","67","664","24715","012","015",4,1,5,655,2
"1161","24719008001","67","665","24719","008","001",4,1,3,21,1
"1162","24719008002","67","665","24719","008","002",4,1,3,20,2
"1163","24719008003","67","665","24719","008","003",4,1,3,22,1
"1164","24719008004","67","665","24719","008","004",4,1,3,20,1
"1165","24719008005","67","665","24719","008","005",4,1,2,19,1
"1166","24719008006","67","665","24719","008","006",4,1,3,21,1
"1167","24719008007","67","665","24719","008","007",4,1,3,19,1
"1168","24719008008","67","665","24719","008","008",4,1,3,19,1
"1169","24719008009","67","665","24719","008","009",4,1,3,19,1
"1170","24719008010","67","665","24719","008","010",4,1,2,18,1
"1171","24719008011","67","665","24719","008","011",4,1,2,18,1
"1172","24719008012","67","665","24719","008","012",4,1,3,21,2
"1173","24719008016","67","665","24719","008","016",4,1,3,22,1
"1174","24719008017","67","665","24719","008","017",4,1,4,19,1
"1175","24742014002","67","667","24742","014","002",4,1,3,200,2
"1176","24742014003","67","667","24742","014","003",4,1,3,150,2
"1177","24742014004","67","667","24742","014","004",4,1,3,95,2
"1178","24742014005","67","667","24742","014","005",4,1,2,93,2
"1179","24742014006","67","667","24742","014","006",4,1,3,90,2
"1180","24742014007","67","667","24742","014","007",4,1,3,90,2
"1181","24742014008","67","667","24742","014","008",4,1,3,200,2
"1182","24742014010","67","667","24742","014","010",4,1,3,100,2
"1183","24742014011","67","667","24742","014","011",4,1,4,150,2
"1184","24742014012","67","667","24742","014","012",4,2,4,200,2
"1185","24742014013","67","667","24742","014","013",4,1,2,200,2
"1186","24742014014","67","667","24742","014","014",4,2,3,200,2
"1187","24742014016","67","667","24742","014","016",4,2,1,200,2
"1188","24742014021","67","667","24742","014","021",4,1,4,200,2
"1189","24760019002","67","666","24760","019","002",4,1,3,100,2
"1190","24760019003","67","666","24760","019","003",4,1,3,100,1
"1191","24760019004","67","666","24760","019","004",4,1,4,100,2
"1192","24760019005","67","666","24760","019","005",4,1,4,100,1
"1193","24760019006","67","666","24760","019","006",4,1,3,100,2
"1194","24760019007","67","666","24760","019","007",4,1,4,100,2
"1195","24760019008","67","666","24760","019","008",4,1,3,100,2
"1196","24760019009","67","666","24760","019","009",4,1,4,100,2
"1197","24760019010","67","666","24760","019","010",4,1,3,100,2
"1198","24760019011","67","666","24760","019","011",4,1,3,100,2
"1199","24760019012","67","666","24760","019","012",4,1,4,100,2
"1200","24760019013","67","666","24760","019","013",4,1,3,30,2
"1201","24760019014","67","666","24760","019","014",4,1,3,100,2
"1202","24760019015","67","666","24760","019","015",4,1,3,100,2
"1203","24799005014","68","672","24799","005","014",4,1,8,3,3
"1204","24799005015","68","672","24799","005","015",4,1,10,4,3
"1205","24805007003","68","672","24805","007","003",4,1,3,0.5,4
"1206","24805007006","68","672","24805","007","006",4,1,5,3,3
"1207","24805007007","68","672","24805","007","007",4,1,3,1,4
"1208","24871011006","68","676","24871","011","006",4,1,3,250,2
"1209","24871011009","68","676","24871","011","009",4,1,2,210,2
"1210","24871011011","68","676","24871","011","011",4,1,2,100,4
"1211","24910030001","68","676","24910","030","001",4,1,2,420,2
"1212","24910030002","68","676","24910","030","002",4,1,3,350,2
"1213","24910030003","68","676","24910","030","003",4,1,2,200,2
"1214","24910030004","68","676","24910","030","004",4,1,2,360,2
"1215","24910030005","68","676","24910","030","005",4,1,3,300,2
"1216","24910030006","68","676","24910","030","006",4,1,2,250,3
"1217","24910030007","68","676","24910","030","007",4,1,2,300,2
"1218","24910030009","68","676","24910","030","009",4,1,3,320,2
"1219","24910030010","68","676","24910","030","010",4,1,2,220,2
"1220","24910030012","68","676","24910","030","012",4,1,3,250,2
"1221","24910030013","68","676","24910","030","013",4,1,3,150,2
"1222","24910030014","68","676","24910","030","014",4,1,2,320,1
"1223","24910030015","68","676","24910","030","015",4,1,2,380,2
"1224","24919009003","68","676","24919","009","003",4,1,2,300,4
"1225","24919009004","68","676","24919","009","004",4,1,2,230,2
"1226","24919009006","68","676","24919","009","006",4,1,2,330,2
"1227","24919009007","68","676","24919","009","007",4,1,2,220,3
"1228","24919009008","68","676","24919","009","008",4,1,3,250,2
"1229","24919009009","68","676","24919","009","009",4,1,2,200,4
"1230","24919009010","68","676","24919","009","010",4,3,3,380,2
"1231","24919009011","68","676","24919","009","011",4,1,2,300,2
"1232","24919009012","68","676","24919","009","012",4,1,3,280,2
"1233","24919009013","68","676","24919","009","013",4,1,3,200,2
"1234","24919009014","68","676","24919","009","014",4,1,2,220,2
"1235","24928028004","68","677","24928","028","004",4,1,2,50,4
"1236","24928028011","68","677","24928","028","011",4,3,99,2,3
"1237","24982027003","68","678","24982","027","003",4,1,2,30,2
"1238","24982027009","68","678","24982","027","009",4,1,3,200,2
"1239","24982027011","68","678","24982","027","011",4,1,3,200,2
"1240","24982027015","68","678","24982","027","015",4,1,2,3,2
"1241","25075013001","68","680","25075","013","001",4,1,1,150,2
"1242","25075013003","68","680","25075","013","003",4,1,1,250,2
"1243","25075013005","68","680","25075","013","005",4,1,1,100,4
"1244","25075013007","68","680","25075","013","007",4,1,1,150,4
"1245","25075013008","68","680","25075","013","008",4,1,1,200,2
"1246","25075013009","68","680","25075","013","009",4,1,1,200,2
"1247","25075013010","68","680","25075","013","010",4,1,1,200,2
"1248","25075013011","68","680","25075","013","011",4,1,1,30,2
"1249","25075013012","68","680","25075","013","012",4,1,1,30,2
"1250","25075013013","68","680","25075","013","013",4,1,1,30,2
"1251","25075013014","68","680","25075","013","014",4,1,1,30,2
"1252","25075013015","68","680","25075","013","015",4,1,1,35,2
"1253","25084037001","68","680","25084","037","001",4,1,1,30,2
"1254","25084037002","68","680","25084","037","002",4,1,1,30,3
"1255","25084037003","68","680","25084","037","003",4,1,2,30,2
"1256","25084037004","68","680","25084","037","004",4,1,2,25,3
"1257","25084037005","68","680","25084","037","005",4,1,1,25,2
"1258","25084037006","68","680","25084","037","006",4,1,2,25,2
"1259","25084037008","68","680","25084","037","008",4,1,1,30,2
"1260","25084037009","68","680","25084","037","009",4,1,2,50,2
"1261","25084037010","68","680","25084","037","010",4,1,1,70,2
"1262","25084037011","68","680","25084","037","011",4,1,1,40,2
"1263","25084037012","68","680","25084","037","012",4,1,1,50,2
"1264","25084037014","68","680","25084","037","014",4,1,1,60,2
"1265","25084037015","68","680","25084","037","015",4,1,2,80,2
"1266","25093009001","68","680","25093","009","001",4,1,1,45,4
"1267","25093009002","68","680","25093","009","002",4,1,1,40,4
"1268","25093009003","68","680","25093","009","003",4,1,1,50,4
"1269","25093009004","68","680","25093","009","004",4,1,1,60,4
"1270","25093009005","68","680","25093","009","005",4,1,1,60,4
"1271","25093009006","68","680","25093","009","006",4,1,1,50,4
"1272","25093009007","68","680","25093","009","007",4,1,1,30,4
"1273","25093009008","68","680","25093","009","008",4,1,1,45,4
"1274","25093009009","68","680","25093","009","009",4,1,1,50,4
"1275","25093009010","68","680","25093","009","010",4,1,1,40,4
"1276","25093009011","68","680","25093","009","011",4,1,2,60,4
"1277","25093009012","68","680","25093","009","012",4,1,1,30,4
"1278","25093009013","68","680","25093","009","013",4,1,1,55,4
"1279","25093009014","68","680","25093","009","014",4,1,1,50,4
